symbol,date,close,high,low,open,volume,adjClose,adjHigh,adjLow,adjOpen,adjVolume,divCash,splitFactor
IDXX,2000-01-03 00:00:00+00:00,16.06,16.25,16.0,16.03,305000,4.015,4.0625,4.0,4.0075,1220000,0.0,1.0
IDXX,2000-01-04 00:00:00+00:00,14.63,15.94,14.5,15.81,1051000,3.6575,3.985,3.625,3.9525,4204000,0.0,1.0
IDXX,2000-01-05 00:00:00+00:00,15.13,15.25,14.75,15.0,891300,3.7825,3.8125,3.6875,3.75,3565200,0.0,1.0
IDXX,2000-01-06 00:00:00+00:00,15.0,15.13,14.88,15.06,716300,3.75,3.7825,3.72,3.765,2865200,0.0,1.0
IDXX,2000-01-07 00:00:00+00:00,15.81,15.88,14.75,15.03,584000,3.9525,3.97,3.6875,3.7575,2336000,0.0,1.0
IDXX,2000-01-10 00:00:00+00:00,16.38,16.44,15.69,15.81,155100,4.095,4.11,3.9225,3.9525,620400,0.0,1.0
IDXX,2000-01-11 00:00:00+00:00,17.75,17.81,16.38,16.44,625200,4.4375,4.4525,4.095,4.11,2500800,0.0,1.0
IDXX,2000-01-12 00:00:00+00:00,17.5,17.75,17.19,17.38,392400,4.375,4.4375,4.2975,4.345,1569600,0.0,1.0
IDXX,2000-01-13 00:00:00+00:00,17.75,17.75,17.25,17.69,288100,4.4375,4.4375,4.3125,4.4225,1152400,0.0,1.0
IDXX,2000-01-14 00:00:00+00:00,17.69,18.19,17.25,17.56,254900,4.4225,4.5475,4.3125,4.39,1019600,0.0,1.0
IDXX,2000-01-18 00:00:00+00:00,17.13,17.63,17.13,17.56,917900,4.2825,4.4075,4.2825,4.39,3671600,0.0,1.0
IDXX,2000-01-19 00:00:00+00:00,16.88,17.19,16.75,17.16,526700,4.22,4.2975,4.1875,4.29,2106800,0.0,1.0
IDXX,2000-01-20 00:00:00+00:00,16.5,16.88,15.88,16.75,317600,4.125,4.22,3.97,4.1875,1270400,0.0,1.0
IDXX,2000-01-21 00:00:00+00:00,16.38,16.69,16.28,16.5,115400,4.095,4.1725,4.07,4.125,461600,0.0,1.0
IDXX,2000-01-24 00:00:00+00:00,16.06,16.44,16.0,16.38,189600,4.015,4.11,4.0,4.095,758400,0.0,1.0
IDXX,2000-01-25 00:00:00+00:00,15.13,16.13,15.06,16.03,1368200,3.7825,4.0325,3.765,4.0075,5472800,0.0,1.0
IDXX,2000-01-26 00:00:00+00:00,15.94,16.5,15.19,15.38,533100,3.985,4.125,3.7975,3.845,2132400,0.0,1.0
IDXX,2000-01-27 00:00:00+00:00,15.63,16.0,15.63,15.88,185100,3.9075,4.0,3.9075,3.97,740400,0.0,1.0
IDXX,2000-01-28 00:00:00+00:00,16.0,16.88,15.56,16.06,180900,4.0,4.22,3.89,4.015,723600,0.0,1.0
IDXX,2000-01-31 00:00:00+00:00,15.06,15.75,14.63,15.66,477300,3.765,3.9375,3.6575,3.915,1909200,0.0,1.0
IDXX,2000-02-01 00:00:00+00:00,16.25,16.63,14.94,15.38,453500,4.0625,4.1575,3.735,3.845,1814000,0.0,1.0
IDXX,2000-02-02 00:00:00+00:00,16.44,16.63,15.75,15.97,459000,4.11,4.1575,3.9375,3.9925,1836000,0.0,1.0
IDXX,2000-02-03 00:00:00+00:00,17.5,17.5,16.5,16.69,490100,4.375,4.375,4.125,4.1725,1960400,0.0,1.0
IDXX,2000-02-04 00:00:00+00:00,17.69,17.94,17.25,17.28,492800,4.4225,4.485,4.3125,4.32,1971200,0.0,1.0
IDXX,2000-02-07 00:00:00+00:00,17.94,18.0,17.75,17.88,360100,4.485,4.5,4.4375,4.47,1440400,0.0,1.0
IDXX,2000-02-08 00:00:00+00:00,18.88,19.25,17.88,18.0,343600,4.72,4.8125,4.47,4.5,1374400,0.0,1.0
IDXX,2000-02-09 00:00:00+00:00,17.94,18.56,17.94,18.38,177400,4.485,4.64,4.485,4.595,709600,0.0,1.0
IDXX,2000-02-10 00:00:00+00:00,18.0,18.25,17.75,18.25,330500,4.5,4.5625,4.4375,4.5625,1322000,0.0,1.0
IDXX,2000-02-11 00:00:00+00:00,17.97,18.25,17.88,18.0,190500,4.4925,4.5625,4.47,4.5,762000,0.0,1.0
IDXX,2000-02-14 00:00:00+00:00,18.31,18.5,17.88,17.94,228100,4.5775,4.625,4.47,4.485,912400,0.0,1.0
IDXX,2000-02-15 00:00:00+00:00,18.13,18.88,17.94,18.13,483200,4.5325,4.72,4.485,4.5325,1932800,0.0,1.0
IDXX,2000-02-16 00:00:00+00:00,20.19,20.75,18.13,18.5,292500,5.0475,5.1875,4.5325,4.625,1170000,0.0,1.0
IDXX,2000-02-17 00:00:00+00:00,20.63,21.0,19.75,19.88,378500,5.1575,5.25,4.9375,4.97,1514000,0.0,1.0
IDXX,2000-02-18 00:00:00+00:00,19.88,20.94,19.5,20.88,358700,4.97,5.235,4.875,5.22,1434800,0.0,1.0
IDXX,2000-02-22 00:00:00+00:00,20.38,20.38,19.88,19.88,211300,5.095,5.095,4.97,4.97,845200,0.0,1.0
IDXX,2000-02-23 00:00:00+00:00,23.0,23.25,20.13,20.13,439200,5.75,5.8125,5.0325,5.0325,1756800,0.0,1.0
IDXX,2000-02-24 00:00:00+00:00,24.31,25.0,22.5,23.06,478100,6.0775,6.25,5.625,5.765,1912400,0.0,1.0
IDXX,2000-02-25 00:00:00+00:00,28.19,30.44,23.75,24.06,1846900,7.0475,7.61,5.9375,6.015,7387600,0.0,1.0
IDXX,2000-02-28 00:00:00+00:00,28.56,28.88,27.0,28.06,1082100,7.14,7.22,6.75,7.015,4328400,0.0,1.0
IDXX,2000-02-29 00:00:00+00:00,29.56,30.0,27.81,28.38,1036200,7.39,7.5,6.9525,7.095,4144800,0.0,1.0
IDXX,2000-03-01 00:00:00+00:00,29.13,29.94,28.33,29.5,622700,7.2825,7.485,7.0825,7.375,2490800,0.0,1.0
IDXX,2000-03-02 00:00:00+00:00,28.69,29.0,28.13,28.72,339600,7.1725,7.25,7.0325,7.18,1358400,0.0,1.0
IDXX,2000-03-03 00:00:00+00:00,29.0,29.0,28.5,28.5,207700,7.25,7.25,7.125,7.125,830800,0.0,1.0
IDXX,2000-03-06 00:00:00+00:00,28.38,29.25,28.13,28.69,940300,7.095,7.3125,7.0325,7.1725,3761200,0.0,1.0
IDXX,2000-03-07 00:00:00+00:00,27.69,28.06,27.0,28.0,522800,6.9225,7.015,6.75,7.0,2091200,0.0,1.0
IDXX,2000-03-08 00:00:00+00:00,28.0,28.13,25.63,27.19,407200,7.0,7.0325,6.4075,6.7975,1628800,0.0,1.0
IDXX,2000-03-09 00:00:00+00:00,28.5,28.63,27.5,27.75,320400,7.125,7.1575,6.875,6.9375,1281600,0.0,1.0
IDXX,2000-03-10 00:00:00+00:00,27.94,29.88,27.63,28.25,503500,6.985,7.47,6.9075,7.0625,2014000,0.0,1.0
IDXX,2000-03-13 00:00:00+00:00,26.5,27.75,26.5,27.72,213800,6.625,6.9375,6.625,6.93,855200,0.0,1.0
IDXX,2000-03-14 00:00:00+00:00,25.56,27.25,24.75,26.5,413500,6.39,6.8125,6.1875,6.625,1654000,0.0,1.0
IDXX,2000-03-15 00:00:00+00:00,26.69,27.63,25.13,25.56,333200,6.6725,6.9075,6.2825,6.39,1332800,0.0,1.0
IDXX,2000-03-16 00:00:00+00:00,28.19,28.19,26.75,27.28,267500,7.0475,7.0475,6.6875,6.82,1070000,0.0,1.0
IDXX,2000-03-17 00:00:00+00:00,25.81,28.38,24.94,27.78,175700,6.4525,7.095,6.235,6.945,702800,0.0,1.0
IDXX,2000-03-20 00:00:00+00:00,26.38,27.63,25.13,25.63,278900,6.595,6.9075,6.2825,6.4075,1115600,0.0,1.0
IDXX,2000-03-21 00:00:00+00:00,27.06,27.06,25.94,26.38,199200,6.765,6.765,6.485,6.595,796800,0.0,1.0
IDXX,2000-03-22 00:00:00+00:00,27.06,27.25,26.13,27.13,246100,6.765,6.8125,6.5325,6.7825,984400,0.0,1.0
IDXX,2000-03-23 00:00:00+00:00,27.06,27.25,26.81,27.0,107300,6.765,6.8125,6.7025,6.75,429200,0.0,1.0
IDXX,2000-03-24 00:00:00+00:00,26.88,27.19,26.75,26.97,198500,6.72,6.7975,6.6875,6.7425,794000,0.0,1.0
IDXX,2000-03-27 00:00:00+00:00,26.78,27.13,26.38,26.5,379500,6.695,6.7825,6.595,6.625,1518000,0.0,1.0
IDXX,2000-03-28 00:00:00+00:00,26.19,26.88,26.13,26.75,251300,6.5475,6.72,6.5325,6.6875,1005200,0.0,1.0
IDXX,2000-03-29 00:00:00+00:00,25.5,26.19,25.5,26.0,195300,6.375,6.5475,6.375,6.5,781200,0.0,1.0
IDXX,2000-03-30 00:00:00+00:00,22.0,25.56,21.75,25.56,143600,5.5,6.39,5.4375,6.39,574400,0.0,1.0
IDXX,2000-03-31 00:00:00+00:00,23.31,23.75,20.5,23.0,353700,5.8275,5.9375,5.125,5.75,1414800,0.0,1.0
IDXX,2000-04-03 00:00:00+00:00,22.94,23.38,21.88,23.38,103600,5.735,5.845,5.47,5.845,414400,0.0,1.0
IDXX,2000-04-04 00:00:00+00:00,22.0,23.13,21.69,23.13,125800,5.5,5.7825,5.4225,5.7825,503200,0.0,1.0
IDXX,2000-04-05 00:00:00+00:00,22.19,23.0,21.63,21.88,237600,5.5475,5.75,5.4075,5.47,950400,0.0,1.0
IDXX,2000-04-06 00:00:00+00:00,23.69,23.69,22.13,22.13,64700,5.9225,5.9225,5.5325,5.5325,258800,0.0,1.0
IDXX,2000-04-07 00:00:00+00:00,22.94,23.81,22.06,23.5,70700,5.735,5.9525,5.515,5.875,282800,0.0,1.0
IDXX,2000-04-10 00:00:00+00:00,21.94,23.88,21.94,23.13,84000,5.485,5.97,5.485,5.7825,336000,0.0,1.0
IDXX,2000-04-11 00:00:00+00:00,21.31,22.38,21.13,21.94,104600,5.3275,5.595,5.2825,5.485,418400,0.0,1.0
IDXX,2000-04-12 00:00:00+00:00,21.75,22.0,21.25,21.75,236000,5.4375,5.5,5.3125,5.4375,944000,0.0,1.0
IDXX,2000-04-13 00:00:00+00:00,22.25,24.63,21.25,21.88,338700,5.5625,6.1575,5.3125,5.47,1354800,0.0,1.0
IDXX,2000-04-14 00:00:00+00:00,23.69,24.5,22.13,22.25,392800,5.9225,6.125,5.5325,5.5625,1571200,0.0,1.0
IDXX,2000-04-17 00:00:00+00:00,25.38,25.38,23.5,23.5,508500,6.345,6.345,5.875,5.875,2034000,0.0,1.0
IDXX,2000-04-18 00:00:00+00:00,24.81,25.25,24.69,25.0,335600,6.2025,6.3125,6.1725,6.25,1342400,0.0,1.0
IDXX,2000-04-19 00:00:00+00:00,24.63,25.19,24.63,24.88,272700,6.1575,6.2975,6.1575,6.22,1090800,0.0,1.0
IDXX,2000-04-20 00:00:00+00:00,25.75,25.81,24.63,24.63,301200,6.4375,6.4525,6.1575,6.1575,1204800,0.0,1.0
IDXX,2000-04-24 00:00:00+00:00,24.88,25.0,24.69,24.88,153500,6.22,6.25,6.1725,6.22,614000,0.0,1.0
IDXX,2000-04-25 00:00:00+00:00,24.94,26.5,24.88,24.88,369100,6.235,6.625,6.22,6.22,1476400,0.0,1.0
IDXX,2000-04-26 00:00:00+00:00,25.25,25.38,24.75,24.75,145700,6.3125,6.345,6.1875,6.1875,582800,0.0,1.0
IDXX,2000-04-27 00:00:00+00:00,25.38,25.38,24.5,24.75,98300,6.345,6.345,6.125,6.1875,393200,0.0,1.0
IDXX,2000-04-28 00:00:00+00:00,26.25,26.25,25.13,25.13,337800,6.5625,6.5625,6.2825,6.2825,1351200,0.0,1.0
IDXX,2000-05-01 00:00:00+00:00,28.13,29.75,27.38,29.38,610400,7.0325,7.4375,6.845,7.345,2441600,0.0,1.0
IDXX,2000-05-02 00:00:00+00:00,26.56,28.06,26.44,28.03,105000,6.64,7.015,6.61,7.0075,420000,0.0,1.0
IDXX,2000-05-03 00:00:00+00:00,25.31,26.81,24.63,26.78,181700,6.3275,6.7025,6.1575,6.695,726800,0.0,1.0
IDXX,2000-05-04 00:00:00+00:00,25.5,25.63,25.06,25.06,82600,6.375,6.4075,6.265,6.265,330400,0.0,1.0
IDXX,2000-05-05 00:00:00+00:00,25.88,27.31,25.25,25.38,147500,6.47,6.8275,6.3125,6.345,590000,0.0,1.0
IDXX,2000-05-08 00:00:00+00:00,27.0,27.13,25.88,25.88,70400,6.75,6.7825,6.47,6.47,281600,0.0,1.0
IDXX,2000-05-09 00:00:00+00:00,26.88,27.03,25.63,27.0,104500,6.72,6.7575,6.4075,6.75,418000,0.0,1.0
IDXX,2000-05-10 00:00:00+00:00,25.81,26.94,25.38,26.94,136500,6.4525,6.735,6.345,6.735,546000,0.0,1.0
IDXX,2000-05-11 00:00:00+00:00,26.94,27.06,25.75,26.0,169400,6.735,6.765,6.4375,6.5,677600,0.0,1.0
IDXX,2000-05-12 00:00:00+00:00,26.75,27.13,26.5,26.69,118100,6.6875,6.7825,6.625,6.6725,472400,0.0,1.0
IDXX,2000-05-15 00:00:00+00:00,27.38,27.5,26.13,26.28,165100,6.845,6.875,6.5325,6.57,660400,0.0,1.0
IDXX,2000-05-16 00:00:00+00:00,27.63,27.69,27.0,27.0,112500,6.9075,6.9225,6.75,6.75,450000,0.0,1.0
IDXX,2000-05-17 00:00:00+00:00,26.75,27.44,26.63,27.13,150400,6.6875,6.86,6.6575,6.7825,601600,0.0,1.0
IDXX,2000-05-18 00:00:00+00:00,25.94,26.75,25.63,26.75,340100,6.485,6.6875,6.4075,6.6875,1360400,0.0,1.0
IDXX,2000-05-19 00:00:00+00:00,26.0,26.13,25.0,25.25,160400,6.5,6.5325,6.25,6.3125,641600,0.0,1.0
IDXX,2000-05-22 00:00:00+00:00,25.25,26.0,24.75,26.0,198000,6.3125,6.5,6.1875,6.5,792000,0.0,1.0
IDXX,2000-05-23 00:00:00+00:00,25.25,25.63,25.0,25.19,227400,6.3125,6.4075,6.25,6.2975,909600,0.0,1.0
IDXX,2000-05-24 00:00:00+00:00,25.5,25.81,25.0,25.25,100200,6.375,6.4525,6.25,6.3125,400800,0.0,1.0
IDXX,2000-05-25 00:00:00+00:00,25.0,25.75,25.0,25.72,93700,6.25,6.4375,6.25,6.43,374800,0.0,1.0
IDXX,2000-05-26 00:00:00+00:00,24.25,26.0,24.13,25.0,138500,6.0625,6.5,6.0325,6.25,554000,0.0,1.0
IDXX,2000-05-30 00:00:00+00:00,24.75,24.88,23.5,23.63,114300,6.1875,6.22,5.875,5.9075,457200,0.0,1.0
IDXX,2000-05-31 00:00:00+00:00,25.25,25.38,24.75,24.81,134900,6.3125,6.345,6.1875,6.2025,539600,0.0,1.0
IDXX,2000-06-01 00:00:00+00:00,24.5,25.19,23.25,23.25,328500,6.125,6.2975,5.8125,5.8125,1314000,0.0,1.0
IDXX,2000-06-02 00:00:00+00:00,25.38,25.69,24.5,24.5,255900,6.345,6.4225,6.125,6.125,1023600,0.0,1.0
IDXX,2000-06-05 00:00:00+00:00,24.0,25.25,23.63,25.25,240300,6.0,6.3125,5.9075,6.3125,961200,0.0,1.0
IDXX,2000-06-06 00:00:00+00:00,25.63,25.75,23.63,23.75,238100,6.4075,6.4375,5.9075,5.9375,952400,0.0,1.0
IDXX,2000-06-07 00:00:00+00:00,26.06,26.06,25.19,25.81,331700,6.515,6.515,6.2975,6.4525,1326800,0.0,1.0
IDXX,2000-06-08 00:00:00+00:00,24.81,26.13,24.75,26.06,117800,6.2025,6.5325,6.1875,6.515,471200,0.0,1.0
IDXX,2000-06-09 00:00:00+00:00,24.5,25.0,23.88,25.0,546900,6.125,6.25,5.97,6.25,2187600,0.0,1.0
IDXX,2000-06-12 00:00:00+00:00,22.5,24.88,22.5,24.88,379100,5.625,6.22,5.625,6.22,1516400,0.0,1.0
IDXX,2000-06-13 00:00:00+00:00,23.38,23.56,22.94,23.44,467600,5.845,5.89,5.735,5.86,1870400,0.0,1.0
IDXX,2000-06-14 00:00:00+00:00,23.81,23.94,23.38,23.63,346000,5.9525,5.985,5.845,5.9075,1384000,0.0,1.0
IDXX,2000-06-15 00:00:00+00:00,23.69,24.0,23.19,23.75,387100,5.9225,6.0,5.7975,5.9375,1548400,0.0,1.0
IDXX,2000-06-16 00:00:00+00:00,23.56,23.88,22.81,23.19,626600,5.89,5.97,5.7025,5.7975,2506400,0.0,1.0
IDXX,2000-06-19 00:00:00+00:00,23.5,23.69,23.38,23.63,287700,5.875,5.9225,5.845,5.9075,1150800,0.0,1.0
IDXX,2000-06-20 00:00:00+00:00,23.06,23.58,22.94,23.44,64100,5.765,5.895,5.735,5.86,256400,0.0,1.0
IDXX,2000-06-21 00:00:00+00:00,23.38,23.5,22.5,22.81,118200,5.845,5.875,5.625,5.7025,472800,0.0,1.0
IDXX,2000-06-22 00:00:00+00:00,22.44,23.25,22.38,23.0,167300,5.61,5.8125,5.595,5.75,669200,0.0,1.0
IDXX,2000-06-23 00:00:00+00:00,22.44,22.75,22.13,22.5,214700,5.61,5.6875,5.5325,5.625,858800,0.0,1.0
IDXX,2000-06-26 00:00:00+00:00,23.13,23.44,22.13,22.31,195500,5.7825,5.86,5.5325,5.5775,782000,0.0,1.0
IDXX,2000-06-27 00:00:00+00:00,22.56,23.11,22.56,23.06,585500,5.64,5.7775,5.64,5.765,2342000,0.0,1.0
IDXX,2000-06-28 00:00:00+00:00,21.94,22.69,21.88,22.56,964100,5.485,5.6725,5.47,5.64,3856400,0.0,1.0
IDXX,2000-06-29 00:00:00+00:00,22.0,22.13,21.75,21.88,961900,5.5,5.5325,5.4375,5.47,3847600,0.0,1.0
IDXX,2000-06-30 00:00:00+00:00,22.88,23.0,21.88,21.88,1425200,5.72,5.75,5.47,5.47,5700800,0.0,1.0
IDXX,2000-07-03 00:00:00+00:00,22.75,23.0,21.88,22.13,109000,5.6875,5.75,5.47,5.5325,436000,0.0,1.0
IDXX,2000-07-05 00:00:00+00:00,21.88,22.88,21.75,22.25,226400,5.47,5.72,5.4375,5.5625,905600,0.0,1.0
IDXX,2000-07-06 00:00:00+00:00,22.13,22.38,21.81,21.94,374900,5.5325,5.595,5.4525,5.485,1499600,0.0,1.0
IDXX,2000-07-07 00:00:00+00:00,22.0,22.25,21.69,22.13,310900,5.5,5.5625,5.4225,5.5325,1243600,0.0,1.0
IDXX,2000-07-10 00:00:00+00:00,21.44,22.0,21.31,21.69,332100,5.36,5.5,5.3275,5.4225,1328400,0.0,1.0
IDXX,2000-07-11 00:00:00+00:00,21.5,21.88,21.44,21.63,99800,5.375,5.47,5.36,5.4075,399200,0.0,1.0
IDXX,2000-07-12 00:00:00+00:00,21.38,21.88,21.06,21.88,123500,5.345,5.47,5.265,5.47,494000,0.0,1.0
IDXX,2000-07-13 00:00:00+00:00,21.19,21.38,21.0,21.31,205600,5.2975,5.345,5.25,5.3275,822400,0.0,1.0
IDXX,2000-07-14 00:00:00+00:00,21.0,21.8,20.5,21.0,338900,5.25,5.45,5.125,5.25,1355600,0.0,1.0
IDXX,2000-07-17 00:00:00+00:00,21.19,22.13,20.63,21.19,386700,5.2975,5.5325,5.1575,5.2975,1546800,0.0,1.0
IDXX,2000-07-18 00:00:00+00:00,22.69,23.5,21.25,21.44,871600,5.6725,5.875,5.3125,5.36,3486400,0.0,1.0
IDXX,2000-07-19 00:00:00+00:00,22.13,22.75,21.88,22.75,141600,5.5325,5.6875,5.47,5.6875,566400,0.0,1.0
IDXX,2000-07-20 00:00:00+00:00,22.38,22.63,22.13,22.5,107300,5.595,5.6575,5.5325,5.625,429200,0.0,1.0
IDXX,2000-07-21 00:00:00+00:00,21.0,22.5,20.81,22.5,120500,5.25,5.625,5.2025,5.625,482000,0.0,1.0
IDXX,2000-07-24 00:00:00+00:00,23.63,23.75,21.69,21.69,493000,5.9075,5.9375,5.4225,5.4225,1972000,0.0,1.0
IDXX,2000-07-25 00:00:00+00:00,22.75,24.13,22.5,24.06,530800,5.6875,6.0325,5.625,6.015,2123200,0.0,1.0
IDXX,2000-07-26 00:00:00+00:00,24.06,25.0,22.63,22.75,210400,6.015,6.25,5.6575,5.6875,841600,0.0,1.0
IDXX,2000-07-27 00:00:00+00:00,23.5,24.19,22.88,24.0,200900,5.875,6.0475,5.72,6.0,803600,0.0,1.0
IDXX,2000-07-28 00:00:00+00:00,23.5,24.38,23.38,23.78,165800,5.875,6.095,5.845,5.945,663200,0.0,1.0
IDXX,2000-07-31 00:00:00+00:00,24.25,24.38,22.75,23.44,124000,6.0625,6.095,5.6875,5.86,496000,0.0,1.0
IDXX,2000-08-01 00:00:00+00:00,25.19,25.19,23.19,24.06,179100,6.2975,6.2975,5.7975,6.015,716400,0.0,1.0
IDXX,2000-08-02 00:00:00+00:00,24.56,25.44,24.25,25.0,122000,6.14,6.36,6.0625,6.25,488000,0.0,1.0
IDXX,2000-08-03 00:00:00+00:00,25.25,26.06,24.25,24.75,170600,6.3125,6.515,6.0625,6.1875,682400,0.0,1.0
IDXX,2000-08-04 00:00:00+00:00,25.5,26.5,24.38,25.25,131900,6.375,6.625,6.095,6.3125,527600,0.0,1.0
IDXX,2000-08-07 00:00:00+00:00,26.0,26.06,25.0,25.25,122100,6.5,6.515,6.25,6.3125,488400,0.0,1.0
IDXX,2000-08-08 00:00:00+00:00,25.5,25.94,25.25,25.75,721300,6.375,6.485,6.3125,6.4375,2885200,0.0,1.0
IDXX,2000-08-09 00:00:00+00:00,25.63,25.94,25.38,25.38,343600,6.4075,6.485,6.345,6.345,1374400,0.0,1.0
IDXX,2000-08-10 00:00:00+00:00,25.5,25.88,25.25,25.63,129500,6.375,6.47,6.3125,6.4075,518000,0.0,1.0
IDXX,2000-08-11 00:00:00+00:00,26.75,26.75,25.5,25.5,174800,6.6875,6.6875,6.375,6.375,699200,0.0,1.0
IDXX,2000-08-14 00:00:00+00:00,26.69,27.13,25.88,26.0,114000,6.6725,6.7825,6.47,6.5,456000,0.0,1.0
IDXX,2000-08-15 00:00:00+00:00,27.0,27.25,26.63,26.72,145100,6.75,6.8125,6.6575,6.68,580400,0.0,1.0
IDXX,2000-08-16 00:00:00+00:00,27.25,27.56,26.69,26.75,446500,6.8125,6.89,6.6725,6.6875,1786000,0.0,1.0
IDXX,2000-08-17 00:00:00+00:00,27.19,27.44,26.94,27.0,155500,6.7975,6.86,6.735,6.75,622000,0.0,1.0
IDXX,2000-08-18 00:00:00+00:00,27.31,27.38,26.63,26.75,514700,6.8275,6.845,6.6575,6.6875,2058800,0.0,1.0
IDXX,2000-08-21 00:00:00+00:00,27.63,28.25,27.31,27.31,198100,6.9075,7.0625,6.8275,6.8275,792400,0.0,1.0
IDXX,2000-08-22 00:00:00+00:00,27.5,27.88,27.5,27.5,20000,6.875,6.97,6.875,6.875,80000,0.0,1.0
IDXX,2000-08-23 00:00:00+00:00,27.81,27.88,27.31,27.88,98200,6.9525,6.97,6.8275,6.97,392800,0.0,1.0
IDXX,2000-08-24 00:00:00+00:00,27.44,27.81,27.38,27.81,203000,6.86,6.9525,6.845,6.9525,812000,0.0,1.0
IDXX,2000-08-25 00:00:00+00:00,27.13,27.56,26.33,27.56,157200,6.7825,6.89,6.5825,6.89,628800,0.0,1.0
IDXX,2000-08-28 00:00:00+00:00,26.19,26.94,25.63,26.81,90800,6.5475,6.735,6.4075,6.7025,363200,0.0,1.0
IDXX,2000-08-29 00:00:00+00:00,26.94,27.5,26.13,26.13,201100,6.735,6.875,6.5325,6.5325,804400,0.0,1.0
IDXX,2000-08-30 00:00:00+00:00,27.25,27.56,26.44,27.22,68600,6.8125,6.89,6.61,6.805,274400,0.0,1.0
IDXX,2000-08-31 00:00:00+00:00,26.13,27.19,26.0,27.13,225200,6.5325,6.7975,6.5,6.7825,900800,0.0,1.0
IDXX,2000-09-01 00:00:00+00:00,27.0,27.0,25.75,26.13,84100,6.75,6.75,6.4375,6.5325,336400,0.0,1.0
IDXX,2000-09-05 00:00:00+00:00,25.44,26.97,25.44,26.94,93600,6.36,6.7425,6.36,6.735,374400,0.0,1.0
IDXX,2000-09-06 00:00:00+00:00,25.44,27.0,25.44,25.44,186300,6.36,6.75,6.36,6.36,745200,0.0,1.0
IDXX,2000-09-07 00:00:00+00:00,25.94,26.56,25.31,25.63,103900,6.485,6.64,6.3275,6.4075,415600,0.0,1.0
IDXX,2000-09-08 00:00:00+00:00,25.88,26.56,25.44,26.0,109700,6.47,6.64,6.36,6.5,438800,0.0,1.0
IDXX,2000-09-11 00:00:00+00:00,26.44,27.13,25.0,25.97,208800,6.61,6.7825,6.25,6.4925,835200,0.0,1.0
IDXX,2000-09-12 00:00:00+00:00,26.38,26.97,26.13,26.97,153200,6.595,6.7425,6.5325,6.7425,612800,0.0,1.0
IDXX,2000-09-13 00:00:00+00:00,26.75,27.38,26.0,26.44,197700,6.6875,6.845,6.5,6.61,790800,0.0,1.0
IDXX,2000-09-14 00:00:00+00:00,26.69,27.5,26.25,26.94,198400,6.6725,6.875,6.5625,6.735,793600,0.0,1.0
IDXX,2000-09-15 00:00:00+00:00,25.88,26.25,25.31,25.5,414100,6.47,6.5625,6.3275,6.375,1656400,0.0,1.0
IDXX,2000-09-18 00:00:00+00:00,26.31,26.44,25.25,25.94,493800,6.5775,6.61,6.3125,6.485,1975200,0.0,1.0
IDXX,2000-09-19 00:00:00+00:00,25.75,26.56,25.25,26.25,449800,6.4375,6.64,6.3125,6.5625,1799200,0.0,1.0
IDXX,2000-09-20 00:00:00+00:00,25.63,26.13,25.31,25.75,476800,6.4075,6.5325,6.3275,6.4375,1907200,0.0,1.0
IDXX,2000-09-21 00:00:00+00:00,25.63,26.25,25.31,25.66,71900,6.4075,6.5625,6.3275,6.415,287600,0.0,1.0
IDXX,2000-09-22 00:00:00+00:00,25.75,26.13,25.31,25.56,267200,6.4375,6.5325,6.3275,6.39,1068800,0.0,1.0
IDXX,2000-09-25 00:00:00+00:00,24.5,25.88,24.0,25.69,312200,6.125,6.47,6.0,6.4225,1248800,0.0,1.0
IDXX,2000-09-26 00:00:00+00:00,25.06,25.19,23.5,24.56,305200,6.265,6.2975,5.875,6.14,1220800,0.0,1.0
IDXX,2000-09-27 00:00:00+00:00,25.13,25.38,24.25,24.81,546200,6.2825,6.345,6.0625,6.2025,2184800,0.0,1.0
IDXX,2000-09-28 00:00:00+00:00,27.5,28.0,25.0,25.13,552400,6.875,7.0,6.25,6.2825,2209600,0.0,1.0
IDXX,2000-09-29 00:00:00+00:00,26.75,27.5,26.69,27.44,423300,6.6875,6.875,6.6725,6.86,1693200,0.0,1.0
IDXX,2000-10-02 00:00:00+00:00,24.44,26.75,24.19,26.69,501700,6.11,6.6875,6.0475,6.6725,2006800,0.0,1.0
IDXX,2000-10-03 00:00:00+00:00,24.19,25.5,23.5,24.88,1080300,6.0475,6.375,5.875,6.22,4321200,0.0,1.0
IDXX,2000-10-04 00:00:00+00:00,23.69,24.5,23.44,24.5,662100,5.9225,6.125,5.86,6.125,2648400,0.0,1.0
IDXX,2000-10-05 00:00:00+00:00,24.38,24.75,23.61,23.77,133200,6.095,6.1875,5.9025,5.9425,532800,0.0,1.0
IDXX,2000-10-06 00:00:00+00:00,23.44,24.56,23.38,24.44,776000,5.86,6.14,5.845,6.11,3104000,0.0,1.0
IDXX,2000-10-09 00:00:00+00:00,21.63,23.56,21.56,23.38,340000,5.4075,5.89,5.39,5.845,1360000,0.0,1.0
IDXX,2000-10-10 00:00:00+00:00,21.81,22.06,21.5,21.75,372600,5.4525,5.515,5.375,5.4375,1490400,0.0,1.0
IDXX,2000-10-11 00:00:00+00:00,21.75,22.06,21.13,21.88,439200,5.4375,5.515,5.2825,5.47,1756800,0.0,1.0
IDXX,2000-10-12 00:00:00+00:00,22.25,22.31,21.69,21.81,442800,5.5625,5.5775,5.4225,5.4525,1771200,0.0,1.0
IDXX,2000-10-13 00:00:00+00:00,22.13,22.63,20.13,22.31,425700,5.5325,5.6575,5.0325,5.5775,1702800,0.0,1.0
IDXX,2000-10-16 00:00:00+00:00,24.63,24.75,21.75,21.75,494400,6.1575,6.1875,5.4375,5.4375,1977600,0.0,1.0
IDXX,2000-10-17 00:00:00+00:00,23.38,24.44,23.38,24.41,358300,5.845,6.11,5.845,6.1025,1433200,0.0,1.0
IDXX,2000-10-18 00:00:00+00:00,23.88,24.13,23.25,23.38,315900,5.97,6.0325,5.8125,5.845,1263600,0.0,1.0
IDXX,2000-10-19 00:00:00+00:00,26.13,26.19,23.88,23.88,367700,6.5325,6.5475,5.97,5.97,1470800,0.0,1.0
IDXX,2000-10-20 00:00:00+00:00,26.94,27.17,25.81,26.0,558400,6.735,6.7925,6.4525,6.5,2233600,0.0,1.0
IDXX,2000-10-23 00:00:00+00:00,26.69,27.19,26.63,26.94,331100,6.6725,6.7975,6.6575,6.735,1324400,0.0,1.0
IDXX,2000-10-24 00:00:00+00:00,24.81,26.63,24.13,26.63,350600,6.2025,6.6575,6.0325,6.6575,1402400,0.0,1.0
IDXX,2000-10-25 00:00:00+00:00,25.06,25.19,24.63,24.75,159400,6.265,6.2975,6.1575,6.1875,637600,0.0,1.0
IDXX,2000-10-26 00:00:00+00:00,25.25,25.31,24.56,25.13,163300,6.3125,6.3275,6.14,6.2825,653200,0.0,1.0
IDXX,2000-10-27 00:00:00+00:00,24.94,25.31,24.81,25.31,204400,6.235,6.3275,6.2025,6.3275,817600,0.0,1.0
IDXX,2000-10-30 00:00:00+00:00,24.44,24.81,24.38,24.81,95600,6.11,6.2025,6.095,6.2025,382400,0.0,1.0
IDXX,2000-10-31 00:00:00+00:00,24.0,24.5,23.63,24.38,215400,6.0,6.125,5.9075,6.095,861600,0.0,1.0
IDXX,2000-11-01 00:00:00+00:00,23.81,24.25,23.75,24.2,196100,5.9525,6.0625,5.9375,6.05,784400,0.0,1.0
IDXX,2000-11-02 00:00:00+00:00,24.45,24.5,23.75,23.92,353000,6.1125,6.125,5.9375,5.98,1412000,0.0,1.0
IDXX,2000-11-03 00:00:00+00:00,24.44,24.56,24.06,24.44,142700,6.11,6.14,6.015,6.11,570800,0.0,1.0
IDXX,2000-11-06 00:00:00+00:00,25.0,25.88,24.13,24.13,89500,6.25,6.47,6.0325,6.0325,358000,0.0,1.0
IDXX,2000-11-07 00:00:00+00:00,25.88,25.88,25.25,25.38,184400,6.47,6.47,6.3125,6.345,737600,0.0,1.0
IDXX,2000-11-08 00:00:00+00:00,25.56,26.86,25.56,25.56,195000,6.39,6.715,6.39,6.39,780000,0.0,1.0
IDXX,2000-11-09 00:00:00+00:00,25.13,25.88,24.56,25.7,150900,6.2825,6.47,6.14,6.425,603600,0.0,1.0
IDXX,2000-11-10 00:00:00+00:00,25.0,25.13,24.31,25.0,181400,6.25,6.2825,6.0775,6.25,725600,0.0,1.0
IDXX,2000-11-13 00:00:00+00:00,25.63,25.63,23.0,24.38,316700,6.4075,6.4075,5.75,6.095,1266800,0.0,1.0
IDXX,2000-11-14 00:00:00+00:00,23.19,25.63,23.19,25.31,236300,5.7975,6.4075,5.7975,6.3275,945200,0.0,1.0
IDXX,2000-11-15 00:00:00+00:00,24.19,25.13,23.56,23.63,191200,6.0475,6.2825,5.89,5.9075,764800,0.0,1.0
IDXX,2000-11-16 00:00:00+00:00,22.31,24.19,22.25,24.13,104600,5.5775,6.0475,5.5625,6.0325,418400,0.0,1.0
IDXX,2000-11-17 00:00:00+00:00,24.44,24.75,22.69,23.0,246400,6.11,6.1875,5.6725,5.75,985600,0.0,1.0
IDXX,2000-11-20 00:00:00+00:00,22.94,24.19,22.63,24.13,213000,5.735,6.0475,5.6575,6.0325,852000,0.0,1.0
IDXX,2000-11-21 00:00:00+00:00,23.0,23.13,22.63,22.88,197800,5.75,5.7825,5.6575,5.72,791200,0.0,1.0
IDXX,2000-11-22 00:00:00+00:00,22.44,23.19,22.44,23.13,113600,5.61,5.7975,5.61,5.7825,454400,0.0,1.0
IDXX,2000-11-24 00:00:00+00:00,22.88,23.88,22.75,22.94,118300,5.72,5.97,5.6875,5.735,473200,0.0,1.0
IDXX,2000-11-27 00:00:00+00:00,23.13,24.25,23.13,23.83,156400,5.7825,6.0625,5.7825,5.9575,625600,0.0,1.0
IDXX,2000-11-28 00:00:00+00:00,21.94,23.44,21.94,23.44,311200,5.485,5.86,5.485,5.86,1244800,0.0,1.0
IDXX,2000-11-29 00:00:00+00:00,21.06,22.06,20.75,21.94,255100,5.265,5.515,5.1875,5.485,1020400,0.0,1.0
IDXX,2000-11-30 00:00:00+00:00,22.75,23.25,21.31,21.38,300000,5.6875,5.8125,5.3275,5.345,1200000,0.0,1.0
IDXX,2000-12-01 00:00:00+00:00,23.13,23.31,22.06,22.75,185700,5.7825,5.8275,5.515,5.6875,742800,0.0,1.0
IDXX,2000-12-04 00:00:00+00:00,22.25,23.13,21.81,23.13,243400,5.5625,5.7825,5.4525,5.7825,973600,0.0,1.0
IDXX,2000-12-05 00:00:00+00:00,21.75,22.75,21.31,22.31,278400,5.4375,5.6875,5.3275,5.5775,1113600,0.0,1.0
IDXX,2000-12-06 00:00:00+00:00,21.19,23.13,21.19,21.69,435100,5.2975,5.7825,5.2975,5.4225,1740400,0.0,1.0
IDXX,2000-12-07 00:00:00+00:00,22.13,22.75,21.44,21.48,476100,5.5325,5.6875,5.36,5.37,1904400,0.0,1.0
IDXX,2000-12-08 00:00:00+00:00,21.56,22.38,21.13,22.25,692100,5.39,5.595,5.2825,5.5625,2768400,0.0,1.0
IDXX,2000-12-11 00:00:00+00:00,20.63,22.13,20.56,21.5,524800,5.1575,5.5325,5.14,5.375,2099200,0.0,1.0
IDXX,2000-12-12 00:00:00+00:00,20.63,20.63,20.13,20.38,631500,5.1575,5.1575,5.0325,5.095,2526000,0.0,1.0
IDXX,2000-12-13 00:00:00+00:00,21.56,21.63,20.56,20.75,331700,5.39,5.4075,5.14,5.1875,1326800,0.0,1.0
IDXX,2000-12-14 00:00:00+00:00,22.5,23.13,21.13,21.17,400200,5.625,5.7825,5.2825,5.2925,1600800,0.0,1.0
IDXX,2000-12-15 00:00:00+00:00,20.88,22.31,20.88,22.28,453600,5.22,5.5775,5.22,5.57,1814400,0.0,1.0
IDXX,2000-12-18 00:00:00+00:00,21.13,21.69,21.06,21.19,136800,5.2825,5.4225,5.265,5.2975,547200,0.0,1.0
IDXX,2000-12-19 00:00:00+00:00,21.13,21.56,21.0,21.13,86000,5.2825,5.39,5.25,5.2825,344000,0.0,1.0
IDXX,2000-12-20 00:00:00+00:00,20.56,21.25,20.5,21.25,177400,5.14,5.3125,5.125,5.3125,709600,0.0,1.0
IDXX,2000-12-21 00:00:00+00:00,21.13,21.69,20.38,20.5,179700,5.2825,5.4225,5.095,5.125,718800,0.0,1.0
IDXX,2000-12-22 00:00:00+00:00,21.56,22.0,21.31,21.63,95900,5.39,5.5,5.3275,5.4075,383600,0.0,1.0
IDXX,2000-12-26 00:00:00+00:00,22.19,22.44,21.62,21.75,189700,5.5475,5.61,5.405,5.4375,758800,0.0,1.0
IDXX,2000-12-27 00:00:00+00:00,23.94,24.0,21.63,22.06,277700,5.985,6.0,5.4075,5.515,1110800,0.0,1.0
IDXX,2000-12-28 00:00:00+00:00,24.25,25.13,23.56,23.56,202900,6.0625,6.2825,5.89,5.89,811600,0.0,1.0
IDXX,2000-12-29 00:00:00+00:00,22.0,24.5,21.81,24.44,319700,5.5,6.125,5.4525,6.11,1278800,0.0,1.0
IDXX,2001-01-02 00:00:00+00:00,22.25,23.5,21.88,22.5,153000,5.5625,5.875,5.47,5.625,612000,0.0,1.0
IDXX,2001-01-03 00:00:00+00:00,24.63,24.75,21.56,22.25,204600,6.1575,6.1875,5.39,5.5625,818400,0.0,1.0
IDXX,2001-01-04 00:00:00+00:00,22.25,24.5,21.88,24.44,259600,5.5625,6.125,5.47,6.11,1038400,0.0,1.0
IDXX,2001-01-05 00:00:00+00:00,21.19,22.38,21.13,22.13,318700,5.2975,5.595,5.2825,5.5325,1274800,0.0,1.0
IDXX,2001-01-08 00:00:00+00:00,21.25,21.75,21.06,21.19,239700,5.3125,5.4375,5.265,5.2975,958800,0.0,1.0
IDXX,2001-01-09 00:00:00+00:00,21.69,22.81,21.38,21.38,137000,5.4225,5.7025,5.345,5.345,548000,0.0,1.0
IDXX,2001-01-10 00:00:00+00:00,22.75,23.0,21.59,21.63,242300,5.6875,5.75,5.3975,5.4075,969200,0.0,1.0
IDXX,2001-01-11 00:00:00+00:00,22.64,23.31,22.38,22.5,128400,5.66,5.8275,5.595,5.625,513600,0.0,1.0
IDXX,2001-01-12 00:00:00+00:00,23.0,23.5,22.06,22.44,105100,5.75,5.875,5.515,5.61,420400,0.0,1.0
IDXX,2001-01-16 00:00:00+00:00,23.81,24.63,22.45,23.25,289900,5.9525,6.1575,5.6125,5.8125,1159600,0.0,1.0
IDXX,2001-01-17 00:00:00+00:00,23.06,24.63,23.06,23.75,130600,5.765,6.1575,5.765,5.9375,522400,0.0,1.0
IDXX,2001-01-18 00:00:00+00:00,23.69,24.06,22.63,23.08,86000,5.9225,6.015,5.6575,5.77,344000,0.0,1.0
IDXX,2001-01-19 00:00:00+00:00,24.88,25.5,23.38,23.44,401200,6.22,6.375,5.845,5.86,1604800,0.0,1.0
IDXX,2001-01-22 00:00:00+00:00,24.06,25.5,24.0,24.94,146600,6.015,6.375,6.0,6.235,586400,0.0,1.0
IDXX,2001-01-23 00:00:00+00:00,24.5,24.5,23.69,24.0,151200,6.125,6.125,5.9225,6.0,604800,0.0,1.0
IDXX,2001-01-24 00:00:00+00:00,22.44,25.0,22.31,24.25,307000,5.61,6.25,5.5775,6.0625,1228000,0.0,1.0
IDXX,2001-01-25 00:00:00+00:00,22.75,22.94,22.38,22.75,171200,5.6875,5.735,5.595,5.6875,684800,0.0,1.0
IDXX,2001-01-26 00:00:00+00:00,21.19,23.0,20.5,22.81,692800,5.2975,5.75,5.125,5.7025,2771200,0.0,1.0
IDXX,2001-01-29 00:00:00+00:00,21.75,22.0,20.38,21.63,233300,5.4375,5.5,5.095,5.4075,933200,0.0,1.0
IDXX,2001-01-30 00:00:00+00:00,22.38,22.5,21.63,21.64,172100,5.595,5.625,5.4075,5.41,688400,0.0,1.0
IDXX,2001-01-31 00:00:00+00:00,22.19,22.75,21.94,22.63,189300,5.5475,5.6875,5.485,5.6575,757200,0.0,1.0
IDXX,2001-02-01 00:00:00+00:00,22.81,23.0,21.94,22.0,190600,5.7025,5.75,5.485,5.5,762400,0.0,1.0
IDXX,2001-02-02 00:00:00+00:00,22.5,23.0,22.25,22.81,227100,5.625,5.75,5.5625,5.7025,908400,0.0,1.0
IDXX,2001-02-05 00:00:00+00:00,22.19,22.5,21.75,22.5,183500,5.5475,5.625,5.4375,5.625,734000,0.0,1.0
IDXX,2001-02-06 00:00:00+00:00,22.06,22.94,21.75,22.38,195000,5.515,5.735,5.4375,5.595,780000,0.0,1.0
IDXX,2001-02-07 00:00:00+00:00,22.69,22.75,22.0,22.0,387100,5.6725,5.6875,5.5,5.5,1548400,0.0,1.0
IDXX,2001-02-08 00:00:00+00:00,22.81,22.94,22.5,22.63,237800,5.7025,5.735,5.625,5.6575,951200,0.0,1.0
IDXX,2001-02-09 00:00:00+00:00,22.81,22.88,22.63,22.69,443900,5.7025,5.72,5.6575,5.6725,1775600,0.0,1.0
IDXX,2001-02-12 00:00:00+00:00,22.75,23.13,22.56,22.61,146000,5.6875,5.7825,5.64,5.6525,584000,0.0,1.0
IDXX,2001-02-13 00:00:00+00:00,23.88,24.19,22.75,23.13,407600,5.97,6.0475,5.6875,5.7825,1630400,0.0,1.0
IDXX,2001-02-14 00:00:00+00:00,23.56,23.94,23.31,23.94,271100,5.89,5.985,5.8275,5.985,1084400,0.0,1.0
IDXX,2001-02-15 00:00:00+00:00,24.0,24.19,23.5,23.5,241600,6.0,6.0475,5.875,5.875,966400,0.0,1.0
IDXX,2001-02-16 00:00:00+00:00,23.69,23.88,23.63,23.88,186400,5.9225,5.97,5.9075,5.97,745600,0.0,1.0
IDXX,2001-02-20 00:00:00+00:00,24.5,24.56,24.06,24.08,209700,6.125,6.14,6.015,6.02,838800,0.0,1.0
IDXX,2001-02-21 00:00:00+00:00,23.81,24.5,23.63,24.5,268300,5.9525,6.125,5.9075,6.125,1073200,0.0,1.0
IDXX,2001-02-22 00:00:00+00:00,23.0,23.88,23.0,23.69,319300,5.75,5.97,5.75,5.9225,1277200,0.0,1.0
IDXX,2001-02-23 00:00:00+00:00,23.25,23.56,22.5,22.88,330900,5.8125,5.89,5.625,5.72,1323600,0.0,1.0
IDXX,2001-02-26 00:00:00+00:00,24.06,24.17,22.95,23.31,179900,6.015,6.0425,5.7375,5.8275,719600,0.0,1.0
IDXX,2001-02-27 00:00:00+00:00,23.81,24.06,23.75,24.02,128400,5.9525,6.015,5.9375,6.005,513600,0.0,1.0
IDXX,2001-02-28 00:00:00+00:00,23.56,24.0,22.81,24.0,152400,5.89,6.0,5.7025,6.0,609600,0.0,1.0
IDXX,2001-03-01 00:00:00+00:00,23.92,24.0,22.06,23.25,287900,5.98,6.0,5.515,5.8125,1151600,0.0,1.0
IDXX,2001-03-02 00:00:00+00:00,24.0,24.13,23.13,23.25,174900,6.0,6.0325,5.7825,5.8125,699600,0.0,1.0
IDXX,2001-03-05 00:00:00+00:00,23.81,24.06,23.63,24.0,135800,5.9525,6.015,5.9075,6.0,543200,0.0,1.0
IDXX,2001-03-06 00:00:00+00:00,24.06,24.06,23.75,23.81,106600,6.015,6.015,5.9375,5.9525,426400,0.0,1.0
IDXX,2001-03-07 00:00:00+00:00,24.06,24.19,23.56,24.06,108100,6.015,6.0475,5.89,6.015,432400,0.0,1.0
IDXX,2001-03-08 00:00:00+00:00,23.0,24.13,22.67,23.94,335900,5.75,6.0325,5.6675,5.985,1343600,0.0,1.0
IDXX,2001-03-09 00:00:00+00:00,22.63,23.25,22.38,22.92,53000,5.6575,5.8125,5.595,5.73,212000,0.0,1.0
IDXX,2001-03-12 00:00:00+00:00,22.25,23.13,21.69,22.75,373100,5.5625,5.7825,5.4225,5.6875,1492400,0.0,1.0
IDXX,2001-03-13 00:00:00+00:00,22.25,22.56,22.13,22.19,148300,5.5625,5.64,5.5325,5.5475,593200,0.0,1.0
IDXX,2001-03-14 00:00:00+00:00,22.0,22.69,21.75,22.13,111900,5.5,5.6725,5.4375,5.5325,447600,0.0,1.0
IDXX,2001-03-15 00:00:00+00:00,21.75,22.88,21.64,21.84,236900,5.4375,5.72,5.41,5.46,947600,0.0,1.0
IDXX,2001-03-16 00:00:00+00:00,21.88,22.06,21.64,21.69,353300,5.47,5.515,5.41,5.4225,1413200,0.0,1.0
IDXX,2001-03-19 00:00:00+00:00,21.31,22.06,20.69,21.75,568000,5.3275,5.515,5.1725,5.4375,2272000,0.0,1.0
IDXX,2001-03-20 00:00:00+00:00,21.5,21.88,21.0,21.13,276400,5.375,5.47,5.25,5.2825,1105600,0.0,1.0
IDXX,2001-03-21 00:00:00+00:00,20.5,21.69,20.38,21.13,548000,5.125,5.4225,5.095,5.2825,2192000,0.0,1.0
IDXX,2001-03-22 00:00:00+00:00,20.06,20.38,17.13,19.77,1183100,5.015,5.095,4.2825,4.9425,4732400,0.0,1.0
IDXX,2001-03-23 00:00:00+00:00,21.25,21.56,20.52,20.52,304400,5.3125,5.39,5.13,5.13,1217600,0.0,1.0
IDXX,2001-03-26 00:00:00+00:00,22.06,22.81,21.31,21.34,164100,5.515,5.7025,5.3275,5.335,656400,0.0,1.0
IDXX,2001-03-27 00:00:00+00:00,21.31,22.06,20.81,22.0,111300,5.3275,5.515,5.2025,5.5,445200,0.0,1.0
IDXX,2001-03-28 00:00:00+00:00,20.0,21.25,19.88,21.25,210200,5.0,5.3125,4.97,5.3125,840800,0.0,1.0
IDXX,2001-03-29 00:00:00+00:00,20.94,21.75,20.06,20.06,132600,5.235,5.4375,5.015,5.015,530400,0.0,1.0
IDXX,2001-03-30 00:00:00+00:00,21.94,22.25,20.25,21.13,268700,5.485,5.5625,5.0625,5.2825,1074800,0.0,1.0
IDXX,2001-04-02 00:00:00+00:00,19.44,21.81,19.19,21.75,314700,4.86,5.4525,4.7975,5.4375,1258800,0.0,1.0
IDXX,2001-04-03 00:00:00+00:00,19.13,19.94,19.13,19.36,245500,4.7825,4.985,4.7825,4.84,982000,0.0,1.0
IDXX,2001-04-04 00:00:00+00:00,20.19,20.25,19.13,19.13,95400,5.0475,5.0625,4.7825,4.7825,381600,0.0,1.0
IDXX,2001-04-05 00:00:00+00:00,21.56,21.63,20.13,20.25,322400,5.39,5.4075,5.0325,5.0625,1289600,0.0,1.0
IDXX,2001-04-06 00:00:00+00:00,21.0,21.63,20.63,21.27,300200,5.25,5.4075,5.1575,5.3175,1200800,0.0,1.0
IDXX,2001-04-09 00:00:00+00:00,21.2,21.3,20.95,20.95,97100,5.3,5.325,5.2375,5.2375,388400,0.0,1.0
IDXX,2001-04-10 00:00:00+00:00,21.63,21.92,21.3,21.34,194000,5.4075,5.48,5.325,5.335,776000,0.0,1.0
IDXX,2001-04-11 00:00:00+00:00,20.61,21.6,20.57,21.5,202900,5.1525,5.4,5.1425,5.375,811600,0.0,1.0
IDXX,2001-04-12 00:00:00+00:00,22.06,22.11,20.85,20.85,319400,5.515,5.5275,5.2125,5.2125,1277600,0.0,1.0
IDXX,2001-04-16 00:00:00+00:00,23.11,23.4,21.28,21.55,507100,5.7775,5.85,5.32,5.3875,2028400,0.0,1.0
IDXX,2001-04-17 00:00:00+00:00,24.2,24.2,22.49,22.55,573400,6.05,6.05,5.6225,5.6375,2293600,0.0,1.0
IDXX,2001-04-18 00:00:00+00:00,25.54,25.55,24.0,24.15,630500,6.385,6.3875,6.0,6.0375,2522000,0.0,1.0
IDXX,2001-04-19 00:00:00+00:00,25.02,25.48,24.8,25.48,304100,6.255,6.37,6.2,6.37,1216400,0.0,1.0
IDXX,2001-04-20 00:00:00+00:00,25.0,25.1,24.51,24.94,366200,6.25,6.275,6.1275,6.235,1464800,0.0,1.0
IDXX,2001-04-23 00:00:00+00:00,24.89,24.89,24.55,24.72,89400,6.2225,6.2225,6.1375,6.18,357600,0.0,1.0
IDXX,2001-04-24 00:00:00+00:00,24.6,24.77,24.41,24.77,176000,6.15,6.1925,6.1025,6.1925,704000,0.0,1.0
IDXX,2001-04-25 00:00:00+00:00,25.8,25.99,24.55,24.55,340700,6.45,6.4975,6.1375,6.1375,1362800,0.0,1.0
IDXX,2001-04-26 00:00:00+00:00,26.55,26.8,25.6,25.73,369200,6.6375,6.7,6.4,6.4325,1476800,0.0,1.0
IDXX,2001-04-27 00:00:00+00:00,26.86,27.15,26.4,26.57,571200,6.715,6.7875,6.6,6.6425,2284800,0.0,1.0
IDXX,2001-04-30 00:00:00+00:00,27.11,27.74,26.97,26.97,280700,6.7775,6.935,6.7425,6.7425,1122800,0.0,1.0
IDXX,2001-05-01 00:00:00+00:00,27.0,27.15,25.65,27.01,466900,6.75,6.7875,6.4125,6.7525,1867600,0.0,1.0
IDXX,2001-05-02 00:00:00+00:00,27.23,27.3,26.21,26.84,201900,6.8075,6.825,6.5525,6.71,807600,0.0,1.0
IDXX,2001-05-03 00:00:00+00:00,26.74,27.22,26.05,27.22,194500,6.685,6.805,6.5125,6.805,778000,0.0,1.0
IDXX,2001-05-04 00:00:00+00:00,27.0,27.35,25.92,25.99,140400,6.75,6.8375,6.48,6.4975,561600,0.0,1.0
IDXX,2001-05-07 00:00:00+00:00,26.55,27.3,26.4,27.02,554600,6.6375,6.825,6.6,6.755,2218400,0.0,1.0
IDXX,2001-05-08 00:00:00+00:00,27.15,27.2,26.55,26.55,323800,6.7875,6.8,6.6375,6.6375,1295200,0.0,1.0
IDXX,2001-05-09 00:00:00+00:00,26.95,27.7,26.27,26.83,177600,6.7375,6.925,6.5675,6.7075,710400,0.0,1.0
IDXX,2001-05-10 00:00:00+00:00,26.46,27.5,26.45,27.2,125300,6.615,6.875,6.6125,6.8,501200,0.0,1.0
IDXX,2001-05-11 00:00:00+00:00,26.31,27.0,26.31,26.75,224700,6.5775,6.75,6.5775,6.6875,898800,0.0,1.0
IDXX,2001-05-14 00:00:00+00:00,25.97,26.45,25.97,26.14,386300,6.4925,6.6125,6.4925,6.535,1545200,0.0,1.0
IDXX,2001-05-15 00:00:00+00:00,27.44,27.47,25.97,26.38,231300,6.86,6.8675,6.4925,6.595,925200,0.0,1.0
IDXX,2001-05-16 00:00:00+00:00,27.81,28.58,25.86,26.55,368900,6.9525,7.145,6.465,6.6375,1475600,0.0,1.0
IDXX,2001-05-17 00:00:00+00:00,28.16,28.69,27.59,27.66,239900,7.04,7.1725,6.8975,6.915,959600,0.0,1.0
IDXX,2001-05-18 00:00:00+00:00,29.45,29.61,28.06,28.07,315200,7.3625,7.4025,7.015,7.0175,1260800,0.0,1.0
IDXX,2001-05-21 00:00:00+00:00,29.77,29.97,28.8,28.8,354100,7.4425,7.4925,7.2,7.2,1416400,0.0,1.0
IDXX,2001-05-22 00:00:00+00:00,31.0,32.38,29.8,29.96,483900,7.75,8.095,7.45,7.49,1935600,0.0,1.0
IDXX,2001-05-23 00:00:00+00:00,29.46,30.96,29.4,30.95,270900,7.365,7.74,7.35,7.7375,1083600,0.0,1.0
IDXX,2001-05-24 00:00:00+00:00,29.96,30.21,29.26,29.99,212200,7.49,7.5525,7.315,7.4975,848800,0.0,1.0
IDXX,2001-05-25 00:00:00+00:00,29.76,30.08,29.76,30.01,162200,7.44,7.52,7.44,7.5025,648800,0.0,1.0
IDXX,2001-05-29 00:00:00+00:00,29.21,30.25,29.21,29.76,292000,7.3025,7.5625,7.3025,7.44,1168000,0.0,1.0
IDXX,2001-05-30 00:00:00+00:00,29.7,29.77,28.69,29.21,791400,7.425,7.4425,7.1725,7.3025,3165600,0.0,1.0
IDXX,2001-05-31 00:00:00+00:00,29.75,30.3,29.0,29.35,226600,7.4375,7.575,7.25,7.3375,906400,0.0,1.0
IDXX,2001-06-01 00:00:00+00:00,28.65,29.74,28.29,29.74,307800,7.1625,7.435,7.0725,7.435,1231200,0.0,1.0
IDXX,2001-06-04 00:00:00+00:00,29.2,29.45,28.15,28.7,405200,7.3,7.3625,7.0375,7.175,1620800,0.0,1.0
IDXX,2001-06-05 00:00:00+00:00,30.17,30.18,28.91,28.98,576600,7.5425,7.545,7.2275,7.245,2306400,0.0,1.0
IDXX,2001-06-06 00:00:00+00:00,30.1,30.5,29.78,29.95,652300,7.525,7.625,7.445,7.4875,2609200,0.0,1.0
IDXX,2001-06-07 00:00:00+00:00,29.59,30.1,29.28,29.6,221900,7.3975,7.525,7.32,7.4,887600,0.0,1.0
IDXX,2001-06-08 00:00:00+00:00,29.54,30.22,29.38,29.99,478700,7.385,7.555,7.345,7.4975,1914800,0.0,1.0
IDXX,2001-06-11 00:00:00+00:00,29.0,29.66,28.61,29.55,195300,7.25,7.415,7.1525,7.3875,781200,0.0,1.0
IDXX,2001-06-12 00:00:00+00:00,29.65,29.85,27.28,29.1,208900,7.4125,7.4625,6.82,7.275,835600,0.0,1.0
IDXX,2001-06-13 00:00:00+00:00,29.35,29.88,29.03,29.49,140300,7.3375,7.47,7.2575,7.3725,561200,0.0,1.0
IDXX,2001-06-14 00:00:00+00:00,28.43,29.38,28.13,29.36,112300,7.1075,7.345,7.0325,7.34,449200,0.0,1.0
IDXX,2001-06-15 00:00:00+00:00,28.32,29.9,28.22,29.36,192800,7.08,7.475,7.055,7.34,771200,0.0,1.0
IDXX,2001-06-18 00:00:00+00:00,27.96,29.05,27.95,28.41,183100,6.99,7.2625,6.9875,7.1025,732400,0.0,1.0
IDXX,2001-06-19 00:00:00+00:00,28.29,28.7,27.89,27.95,196900,7.0725,7.175,6.9725,6.9875,787600,0.0,1.0
IDXX,2001-06-20 00:00:00+00:00,28.97,29.15,28.16,28.17,153900,7.2425,7.2875,7.04,7.0425,615600,0.0,1.0
IDXX,2001-06-21 00:00:00+00:00,28.49,28.98,27.87,28.82,346700,7.1225,7.245,6.9675,7.205,1386800,0.0,1.0
IDXX,2001-06-22 00:00:00+00:00,27.88,28.95,27.87,28.48,179900,6.97,7.2375,6.9675,7.12,719600,0.0,1.0
IDXX,2001-06-25 00:00:00+00:00,28.28,28.9,27.78,27.78,131000,7.07,7.225,6.945,6.945,524000,0.0,1.0
IDXX,2001-06-26 00:00:00+00:00,29.16,29.95,28.01,28.01,198500,7.29,7.4875,7.0025,7.0025,794000,0.0,1.0
IDXX,2001-06-27 00:00:00+00:00,29.3,29.4,28.26,29.1,119800,7.325,7.35,7.065,7.275,479200,0.0,1.0
IDXX,2001-06-28 00:00:00+00:00,30.5,31.1,29.25,29.29,250500,7.625,7.775,7.3125,7.3225,1002000,0.0,1.0
IDXX,2001-06-29 00:00:00+00:00,31.25,31.25,30.34,30.35,432700,7.8125,7.8125,7.585,7.5875,1730800,0.0,1.0
IDXX,2001-07-02 00:00:00+00:00,30.09,30.9,29.87,30.75,417600,7.5225,7.725,7.4675,7.6875,1670400,0.0,1.0
IDXX,2001-07-03 00:00:00+00:00,29.36,30.35,29.35,30.35,92000,7.34,7.5875,7.3375,7.5875,368000,0.0,1.0
IDXX,2001-07-05 00:00:00+00:00,29.01,29.35,28.56,29.21,193500,7.2525,7.3375,7.14,7.3025,774000,0.0,1.0
IDXX,2001-07-06 00:00:00+00:00,27.89,28.81,27.88,28.81,148400,6.9725,7.2025,6.97,7.2025,593600,0.0,1.0
IDXX,2001-07-09 00:00:00+00:00,28.57,28.65,27.98,27.98,128900,7.1425,7.1625,6.995,6.995,515600,0.0,1.0
IDXX,2001-07-10 00:00:00+00:00,28.3,28.89,28.14,28.59,153000,7.075,7.2225,7.035,7.1475,612000,0.0,1.0
IDXX,2001-07-11 00:00:00+00:00,26.38,28.23,26.36,28.05,494500,6.595,7.0575,6.59,7.0125,1978000,0.0,1.0
IDXX,2001-07-12 00:00:00+00:00,27.1,27.45,25.45,26.23,283100,6.775,6.8625,6.3625,6.5575,1132400,0.0,1.0
IDXX,2001-07-13 00:00:00+00:00,27.21,27.49,25.75,26.84,374700,6.8025,6.8725,6.4375,6.71,1498800,0.0,1.0
IDXX,2001-07-16 00:00:00+00:00,25.4,27.24,25.15,27.24,521300,6.35,6.81,6.2875,6.81,2085200,0.0,1.0
IDXX,2001-07-17 00:00:00+00:00,24.55,25.5,23.9,24.24,2283400,6.1375,6.375,5.975,6.06,9133600,0.0,1.0
IDXX,2001-07-18 00:00:00+00:00,23.65,23.85,22.15,22.94,2693800,5.9125,5.9625,5.5375,5.735,10775200,0.0,1.0
IDXX,2001-07-19 00:00:00+00:00,24.24,24.85,23.75,23.75,1509000,6.06,6.2125,5.9375,5.9375,6036000,0.0,1.0
IDXX,2001-07-20 00:00:00+00:00,25.76,25.96,23.05,23.09,541700,6.44,6.49,5.7625,5.7725,2166800,0.0,1.0
IDXX,2001-07-23 00:00:00+00:00,24.93,25.57,24.9,25.1,230700,6.2325,6.3925,6.225,6.275,922800,0.0,1.0
IDXX,2001-07-24 00:00:00+00:00,24.85,25.04,24.64,24.98,351200,6.2125,6.26,6.16,6.245,1404800,0.0,1.0
IDXX,2001-07-25 00:00:00+00:00,24.06,24.93,23.75,24.93,310600,6.015,6.2325,5.9375,6.2325,1242400,0.0,1.0
IDXX,2001-07-26 00:00:00+00:00,24.0,24.37,23.4,24.15,313100,6.0,6.0925,5.85,6.0375,1252400,0.0,1.0
IDXX,2001-07-27 00:00:00+00:00,24.05,24.3,23.69,24.07,365600,6.0125,6.075,5.9225,6.0175,1462400,0.0,1.0
IDXX,2001-07-30 00:00:00+00:00,23.45,24.5,23.1,24.15,136400,5.8625,6.125,5.775,6.0375,545600,0.0,1.0
IDXX,2001-07-31 00:00:00+00:00,24.41,24.41,23.31,23.5,242600,6.1025,6.1025,5.8275,5.875,970400,0.0,1.0
IDXX,2001-08-01 00:00:00+00:00,24.5,24.5,23.77,24.0,133100,6.125,6.125,5.9425,6.0,532400,0.0,1.0
IDXX,2001-08-02 00:00:00+00:00,24.01,24.35,22.66,24.23,210900,6.0025,6.0875,5.665,6.0575,843600,0.0,1.0
IDXX,2001-08-03 00:00:00+00:00,24.87,25.3,23.53,23.8,301600,6.2175,6.325,5.8825,5.95,1206400,0.0,1.0
IDXX,2001-08-06 00:00:00+00:00,23.93,24.68,23.84,24.59,139500,5.9825,6.17,5.96,6.1475,558000,0.0,1.0
IDXX,2001-08-07 00:00:00+00:00,23.9,24.75,23.65,23.91,92400,5.975,6.1875,5.9125,5.9775,369600,0.0,1.0
IDXX,2001-08-08 00:00:00+00:00,23.14,24.47,23.05,24.46,96300,5.785,6.1175,5.7625,6.115,385200,0.0,1.0
IDXX,2001-08-09 00:00:00+00:00,23.25,23.7,23.0,23.43,312900,5.8125,5.925,5.75,5.8575,1251600,0.0,1.0
IDXX,2001-08-10 00:00:00+00:00,23.32,23.62,22.93,23.22,149400,5.83,5.905,5.7325,5.805,597600,0.0,1.0
IDXX,2001-08-13 00:00:00+00:00,23.4,23.67,23.2,23.51,97000,5.85,5.9175,5.8,5.8775,388000,0.0,1.0
IDXX,2001-08-14 00:00:00+00:00,23.13,23.72,23.05,23.5,299000,5.7825,5.93,5.7625,5.875,1196000,0.0,1.0
IDXX,2001-08-15 00:00:00+00:00,23.23,23.6,23.02,23.13,364200,5.8075,5.9,5.755,5.7825,1456800,0.0,1.0
IDXX,2001-08-16 00:00:00+00:00,23.12,23.23,23.01,23.23,235300,5.78,5.8075,5.7525,5.8075,941200,0.0,1.0
IDXX,2001-08-17 00:00:00+00:00,22.98,23.12,22.67,23.12,294300,5.745,5.78,5.6675,5.78,1177200,0.0,1.0
IDXX,2001-08-20 00:00:00+00:00,22.98,22.98,22.98,22.98,367100,5.745,5.745,5.745,5.745,1468400,0.0,1.0
IDXX,2001-08-21 00:00:00+00:00,23.52,23.64,22.93,23.27,498500,5.88,5.91,5.7325,5.8175,1994000,0.0,1.0
IDXX,2001-08-22 00:00:00+00:00,23.88,23.93,23.43,23.43,346500,5.97,5.9825,5.8575,5.8575,1386000,0.0,1.0
IDXX,2001-08-23 00:00:00+00:00,24.35,24.35,23.77,23.77,448700,6.0875,6.0875,5.9425,5.9425,1794800,0.0,1.0
IDXX,2001-08-24 00:00:00+00:00,24.87,25.0,24.15,24.16,413900,6.2175,6.25,6.0375,6.04,1655600,0.0,1.0
IDXX,2001-08-27 00:00:00+00:00,24.9,25.06,24.65,25.03,452100,6.225,6.265,6.1625,6.2575,1808400,0.0,1.0
IDXX,2001-08-28 00:00:00+00:00,24.15,24.86,23.94,24.86,133800,6.0375,6.215,5.985,6.215,535200,0.0,1.0
IDXX,2001-08-29 00:00:00+00:00,24.28,24.4,24.17,24.27,298100,6.07,6.1,6.0425,6.0675,1192400,0.0,1.0
IDXX,2001-08-30 00:00:00+00:00,24.1,24.46,24.01,24.46,293500,6.025,6.115,6.0025,6.115,1174000,0.0,1.0
IDXX,2001-08-31 00:00:00+00:00,24.19,24.46,24.06,24.31,274000,6.0475,6.115,6.015,6.0775,1096000,0.0,1.0
IDXX,2001-09-04 00:00:00+00:00,23.58,24.45,23.57,24.25,212100,5.895,6.1125,5.8925,6.0625,848400,0.0,1.0
IDXX,2001-09-05 00:00:00+00:00,23.85,24.02,23.29,23.29,148600,5.9625,6.005,5.8225,5.8225,594400,0.0,1.0
IDXX,2001-09-06 00:00:00+00:00,23.24,24.1,22.9,24.05,91000,5.81,6.025,5.725,6.0125,364000,0.0,1.0
IDXX,2001-09-07 00:00:00+00:00,22.42,23.25,22.25,23.25,299800,5.605,5.8125,5.5625,5.8125,1199200,0.0,1.0
IDXX,2001-09-10 00:00:00+00:00,22.57,22.7,22.22,22.52,278400,5.6425,5.675,5.555,5.63,1113600,0.0,1.0
IDXX,2001-09-17 00:00:00+00:00,21.81,22.42,21.63,22.0,143400,5.4525,5.605,5.4075,5.5,573600,0.0,1.0
IDXX,2001-09-18 00:00:00+00:00,22.18,22.6,21.55,22.0,162800,5.545,5.65,5.3875,5.5,651200,0.0,1.0
IDXX,2001-09-19 00:00:00+00:00,22.13,22.6,20.8,22.6,282500,5.5325,5.65,5.2,5.65,1130000,0.0,1.0
IDXX,2001-09-20 00:00:00+00:00,21.77,22.22,21.55,22.22,100800,5.4425,5.555,5.3875,5.555,403200,0.0,1.0
IDXX,2001-09-21 00:00:00+00:00,21.05,22.75,20.2,22.75,350600,5.2625,5.6875,5.05,5.6875,1402400,0.0,1.0
IDXX,2001-09-24 00:00:00+00:00,21.8,22.55,21.2,21.2,138100,5.45,5.6375,5.3,5.3,552400,0.0,1.0
IDXX,2001-09-25 00:00:00+00:00,21.8,21.8,21.8,21.8,222000,5.45,5.45,5.45,5.45,888000,0.0,1.0
IDXX,2001-09-26 00:00:00+00:00,22.94,23.15,22.45,22.61,100100,5.735,5.7875,5.6125,5.6525,400400,0.0,1.0
IDXX,2001-09-27 00:00:00+00:00,23.79,23.95,22.81,23.4,221500,5.9475,5.9875,5.7025,5.85,886000,0.0,1.0
IDXX,2001-09-28 00:00:00+00:00,23.37,24.76,22.8,23.95,402000,5.8425,6.19,5.7,5.9875,1608000,0.0,1.0
IDXX,2001-10-01 00:00:00+00:00,23.77,23.77,23.11,23.36,159600,5.9425,5.9425,5.7775,5.84,638400,0.0,1.0
IDXX,2001-10-02 00:00:00+00:00,23.77,23.77,23.77,23.77,256500,5.9425,5.9425,5.9425,5.9425,1026000,0.0,1.0
IDXX,2001-10-03 00:00:00+00:00,24.34,25.3,23.88,25.3,134000,6.085,6.325,5.97,6.325,536000,0.0,1.0
IDXX,2001-10-04 00:00:00+00:00,23.85,25.04,23.62,25.04,271800,5.9625,6.26,5.905,6.26,1087200,0.0,1.0
IDXX,2001-10-05 00:00:00+00:00,24.24,24.25,22.81,24.25,234400,6.06,6.0625,5.7025,6.0625,937600,0.0,1.0
IDXX,2001-10-08 00:00:00+00:00,23.42,24.14,23.12,24.14,118600,5.855,6.035,5.78,6.035,474400,0.0,1.0
IDXX,2001-10-09 00:00:00+00:00,23.76,23.95,23.12,23.15,148000,5.94,5.9875,5.78,5.7875,592000,0.0,1.0
IDXX,2001-10-10 00:00:00+00:00,24.69,24.71,23.75,24.7,329800,6.1725,6.1775,5.9375,6.175,1319200,0.0,1.0
IDXX,2001-10-11 00:00:00+00:00,24.15,24.96,24.15,24.49,572100,6.0375,6.24,6.0375,6.1225,2288400,0.0,1.0
IDXX,2001-10-12 00:00:00+00:00,23.8,24.24,22.9,24.2,730800,5.95,6.06,5.725,6.05,2923200,0.0,1.0
IDXX,2001-10-15 00:00:00+00:00,23.1,24.9,22.38,23.68,2438000,5.775,6.225,5.595,5.92,9752000,0.0,1.0
IDXX,2001-10-16 00:00:00+00:00,23.41,23.45,22.65,22.66,1250500,5.8525,5.8625,5.6625,5.665,5002000,0.0,1.0
IDXX,2001-10-17 00:00:00+00:00,23.85,23.96,23.26,23.87,608600,5.9625,5.99,5.815,5.9675,2434400,0.0,1.0
IDXX,2001-10-18 00:00:00+00:00,23.51,23.8,23.21,23.65,473700,5.8775,5.95,5.8025,5.9125,1894800,0.0,1.0
IDXX,2001-10-19 00:00:00+00:00,23.75,24.01,23.35,23.61,827700,5.9375,6.0025,5.8375,5.9025,3310800,0.0,1.0
IDXX,2001-10-22 00:00:00+00:00,24.15,24.29,23.3,23.7,439800,6.0375,6.0725,5.825,5.925,1759200,0.0,1.0
IDXX,2001-10-23 00:00:00+00:00,24.14,25.0,23.95,23.95,283700,6.035,6.25,5.9875,5.9875,1134800,0.0,1.0
IDXX,2001-10-24 00:00:00+00:00,24.25,24.75,23.96,23.96,188100,6.0625,6.1875,5.99,5.99,752400,0.0,1.0
IDXX,2001-10-25 00:00:00+00:00,25.25,25.33,24.09,24.44,109500,6.3125,6.3325,6.0225,6.11,438000,0.0,1.0
IDXX,2001-10-26 00:00:00+00:00,26.59,26.79,25.01,25.25,390700,6.6475,6.6975,6.2525,6.3125,1562800,0.0,1.0
IDXX,2001-10-29 00:00:00+00:00,26.2,26.7,25.8,26.2,237000,6.55,6.675,6.45,6.55,948000,0.0,1.0
IDXX,2001-10-30 00:00:00+00:00,25.18,26.1,24.72,26.1,129900,6.295,6.525,6.18,6.525,519600,0.0,1.0
IDXX,2001-10-31 00:00:00+00:00,25.2,26.05,25.15,25.6,85000,6.3,6.5125,6.2875,6.4,340000,0.0,1.0
IDXX,2001-11-01 00:00:00+00:00,26.52,26.55,25.09,25.2,80200,6.63,6.6375,6.2725,6.3,320800,0.0,1.0
IDXX,2001-11-02 00:00:00+00:00,26.26,27.0,26.1,26.1,241300,6.565,6.75,6.525,6.525,965200,0.0,1.0
IDXX,2001-11-05 00:00:00+00:00,26.22,26.49,25.2,26.25,78800,6.555,6.6225,6.3,6.5625,315200,0.0,1.0
IDXX,2001-11-06 00:00:00+00:00,26.5,26.52,25.62,26.24,106600,6.625,6.63,6.405,6.56,426400,0.0,1.0
IDXX,2001-11-07 00:00:00+00:00,27.0,27.11,26.21,27.11,182800,6.75,6.7775,6.5525,6.7775,731200,0.0,1.0
IDXX,2001-11-08 00:00:00+00:00,25.76,27.07,25.27,26.72,131900,6.44,6.7675,6.3175,6.68,527600,0.0,1.0
IDXX,2001-11-09 00:00:00+00:00,26.62,27.17,25.25,26.2,289100,6.655,6.7925,6.3125,6.55,1156400,0.0,1.0
IDXX,2001-11-12 00:00:00+00:00,27.08,27.18,25.4,27.0,123100,6.77,6.795,6.35,6.75,492400,0.0,1.0
IDXX,2001-11-13 00:00:00+00:00,27.11,27.29,26.37,26.65,172100,6.7775,6.8225,6.5925,6.6625,688400,0.0,1.0
IDXX,2001-11-14 00:00:00+00:00,27.45,27.7,26.91,27.06,287200,6.8625,6.925,6.7275,6.765,1148800,0.0,1.0
IDXX,2001-11-15 00:00:00+00:00,28.02,28.29,27.1,27.11,276400,7.005,7.0725,6.775,6.7775,1105600,0.0,1.0
IDXX,2001-11-16 00:00:00+00:00,27.0,27.98,26.88,27.96,114800,6.75,6.995,6.72,6.99,459200,0.0,1.0
IDXX,2001-11-19 00:00:00+00:00,27.0,27.99,26.81,26.86,181500,6.75,6.9975,6.7025,6.715,726000,0.0,1.0
IDXX,2001-11-20 00:00:00+00:00,27.11,27.54,26.93,27.2,192500,6.7775,6.885,6.7325,6.8,770000,0.0,1.0
IDXX,2001-11-21 00:00:00+00:00,27.25,27.59,26.82,27.59,136700,6.8125,6.8975,6.705,6.8975,546800,0.0,1.0
IDXX,2001-11-23 00:00:00+00:00,27.22,27.44,26.86,27.44,82000,6.805,6.86,6.715,6.86,328000,0.0,1.0
IDXX,2001-11-26 00:00:00+00:00,27.97,27.97,27.26,27.26,297200,6.9925,6.9925,6.815,6.815,1188800,0.0,1.0
IDXX,2001-11-27 00:00:00+00:00,27.7,27.97,27.5,27.66,58800,6.925,6.9925,6.875,6.915,235200,0.0,1.0
IDXX,2001-11-28 00:00:00+00:00,27.95,28.5,27.6,28.5,253100,6.9875,7.125,6.9,7.125,1012400,0.0,1.0
IDXX,2001-11-29 00:00:00+00:00,29.15,29.15,27.8,27.8,229000,7.2875,7.2875,6.95,6.95,916000,0.0,1.0
IDXX,2001-11-30 00:00:00+00:00,29.0,29.29,28.69,29.29,576900,7.25,7.3225,7.1725,7.3225,2307600,0.0,1.0
IDXX,2001-12-03 00:00:00+00:00,28.48,28.81,27.8,28.81,791900,7.12,7.2025,6.95,7.2025,3167600,0.0,1.0
IDXX,2001-12-04 00:00:00+00:00,29.51,29.51,28.39,28.49,884600,7.3775,7.3775,7.0975,7.1225,3538400,0.0,1.0
IDXX,2001-12-05 00:00:00+00:00,29.1,30.0,28.8,29.5,152500,7.275,7.5,7.2,7.375,610000,0.0,1.0
IDXX,2001-12-06 00:00:00+00:00,29.2,29.4,28.81,29.4,247700,7.3,7.35,7.2025,7.35,990800,0.0,1.0
IDXX,2001-12-07 00:00:00+00:00,29.85,29.85,29.04,29.85,298600,7.4625,7.4625,7.26,7.4625,1194400,0.0,1.0
IDXX,2001-12-10 00:00:00+00:00,29.01,29.86,28.73,29.76,226300,7.2525,7.465,7.1825,7.44,905200,0.0,1.0
IDXX,2001-12-11 00:00:00+00:00,28.73,29.4,28.73,29.1,360400,7.1825,7.35,7.1825,7.275,1441600,0.0,1.0
IDXX,2001-12-12 00:00:00+00:00,28.7,29.24,28.5,29.23,144500,7.175,7.31,7.125,7.3075,578000,0.0,1.0
IDXX,2001-12-13 00:00:00+00:00,28.44,29.09,28.41,28.58,66600,7.11,7.2725,7.1025,7.145,266400,0.0,1.0
IDXX,2001-12-14 00:00:00+00:00,29.1,29.35,28.16,28.3,160600,7.275,7.3375,7.04,7.075,642400,0.0,1.0
IDXX,2001-12-17 00:00:00+00:00,29.86,29.9,28.9,28.9,131900,7.465,7.475,7.225,7.225,527600,0.0,1.0
IDXX,2001-12-18 00:00:00+00:00,29.56,29.85,29.45,29.51,131300,7.39,7.4625,7.3625,7.3775,525200,0.0,1.0
IDXX,2001-12-19 00:00:00+00:00,29.5,29.83,29.34,29.82,181200,7.375,7.4575,7.335,7.455,724800,0.0,1.0
IDXX,2001-12-20 00:00:00+00:00,28.6,29.55,28.41,29.25,211300,7.15,7.3875,7.1025,7.3125,845200,0.0,1.0
IDXX,2001-12-21 00:00:00+00:00,28.8,29.3,28.35,28.74,328300,7.2,7.325,7.0875,7.185,1313200,0.0,1.0
IDXX,2001-12-24 00:00:00+00:00,28.45,29.25,28.39,28.81,98300,7.1125,7.3125,7.0975,7.2025,393200,0.0,1.0
IDXX,2001-12-26 00:00:00+00:00,29.16,29.5,28.45,28.45,123600,7.29,7.375,7.1125,7.1125,494400,0.0,1.0
IDXX,2001-12-27 00:00:00+00:00,29.79,29.83,28.68,29.18,72700,7.4475,7.4575,7.17,7.295,290800,0.0,1.0
IDXX,2001-12-28 00:00:00+00:00,28.71,29.5,28.62,29.39,165500,7.1775,7.375,7.155,7.3475,662000,0.0,1.0
IDXX,2001-12-31 00:00:00+00:00,28.51,29.35,28.21,29.0,251200,7.1275,7.3375,7.0525,7.25,1004800,0.0,1.0
IDXX,2002-01-02 00:00:00+00:00,27.92,29.3,27.25,29.19,226300,6.98,7.325,6.8125,7.2975,905200,0.0,1.0
IDXX,2002-01-03 00:00:00+00:00,28.56,28.64,27.65,28.64,111300,7.14,7.16,6.9125,7.16,445200,0.0,1.0
IDXX,2002-01-04 00:00:00+00:00,26.78,28.91,26.7,28.66,223400,6.695,7.2275,6.675,7.165,893600,0.0,1.0
IDXX,2002-01-07 00:00:00+00:00,26.16,27.16,26.02,26.86,239200,6.54,6.79,6.505,6.715,956800,0.0,1.0
IDXX,2002-01-08 00:00:00+00:00,26.38,26.95,25.8,26.06,178600,6.595,6.7375,6.45,6.515,714400,0.0,1.0
IDXX,2002-01-09 00:00:00+00:00,25.76,26.5,25.73,26.39,170800,6.44,6.625,6.4325,6.5975,683200,0.0,1.0
IDXX,2002-01-10 00:00:00+00:00,26.72,26.74,25.69,26.12,135000,6.68,6.685,6.4225,6.53,540000,0.0,1.0
IDXX,2002-01-11 00:00:00+00:00,26.21,27.1,26.07,27.0,127200,6.5525,6.775,6.5175,6.75,508800,0.0,1.0
IDXX,2002-01-14 00:00:00+00:00,26.14,26.93,25.86,26.65,74000,6.535,6.7325,6.465,6.6625,296000,0.0,1.0
IDXX,2002-01-15 00:00:00+00:00,25.69,26.0,25.25,26.0,195800,6.4225,6.5,6.3125,6.5,783200,0.0,1.0
IDXX,2002-01-16 00:00:00+00:00,25.42,26.03,25.05,25.71,123800,6.355,6.5075,6.2625,6.4275,495200,0.0,1.0
IDXX,2002-01-17 00:00:00+00:00,25.5,25.85,25.0,25.7,134200,6.375,6.4625,6.25,6.425,536800,0.0,1.0
IDXX,2002-01-18 00:00:00+00:00,24.96,26.24,24.78,25.67,147000,6.24,6.56,6.195,6.4175,588000,0.0,1.0
IDXX,2002-01-22 00:00:00+00:00,25.14,25.65,24.75,24.75,216900,6.285,6.4125,6.1875,6.1875,867600,0.0,1.0
IDXX,2002-01-23 00:00:00+00:00,25.24,25.72,24.55,25.72,134400,6.31,6.43,6.1375,6.43,537600,0.0,1.0
IDXX,2002-01-24 00:00:00+00:00,24.28,25.54,24.21,25.5,502100,6.07,6.385,6.0525,6.375,2008400,0.0,1.0
IDXX,2002-01-25 00:00:00+00:00,24.57,24.66,24.0,24.35,403600,6.1425,6.165,6.0,6.0875,1614400,0.0,1.0
IDXX,2002-01-28 00:00:00+00:00,25.2,25.8,24.56,24.76,642700,6.3,6.45,6.14,6.19,2570800,0.0,1.0
IDXX,2002-01-29 00:00:00+00:00,25.46,25.48,24.86,25.32,335300,6.365,6.37,6.215,6.33,1341200,0.0,1.0
IDXX,2002-01-30 00:00:00+00:00,25.2,25.4,24.56,25.23,168200,6.3,6.35,6.14,6.3075,672800,0.0,1.0
IDXX,2002-01-31 00:00:00+00:00,25.42,25.5,25.13,25.13,229900,6.355,6.375,6.2825,6.2825,919600,0.0,1.0
IDXX,2002-02-01 00:00:00+00:00,25.3,25.63,25.25,25.63,159600,6.325,6.4075,6.3125,6.4075,638400,0.0,1.0
IDXX,2002-02-04 00:00:00+00:00,25.24,25.67,25.15,25.34,167300,6.31,6.4175,6.2875,6.335,669200,0.0,1.0
IDXX,2002-02-05 00:00:00+00:00,25.97,25.97,25.14,25.15,133100,6.4925,6.4925,6.285,6.2875,532400,0.0,1.0
IDXX,2002-02-06 00:00:00+00:00,25.47,26.26,25.25,25.97,278500,6.3675,6.565,6.3125,6.4925,1114000,0.0,1.0
IDXX,2002-02-07 00:00:00+00:00,25.45,25.68,25.25,25.63,292000,6.3625,6.42,6.3125,6.4075,1168000,0.0,1.0
IDXX,2002-02-08 00:00:00+00:00,26.0,26.02,25.42,25.68,195200,6.5,6.505,6.355,6.42,780800,0.0,1.0
IDXX,2002-02-11 00:00:00+00:00,26.15,26.43,25.86,25.86,230300,6.5375,6.6075,6.465,6.465,921200,0.0,1.0
IDXX,2002-02-12 00:00:00+00:00,26.63,26.71,26.05,26.05,310900,6.6575,6.6775,6.5125,6.5125,1243600,0.0,1.0
IDXX,2002-02-13 00:00:00+00:00,26.8,27.08,26.33,26.67,351800,6.7,6.77,6.5825,6.6675,1407200,0.0,1.0
IDXX,2002-02-14 00:00:00+00:00,26.8,26.89,26.5,26.89,294500,6.7,6.7225,6.625,6.7225,1178000,0.0,1.0
IDXX,2002-02-15 00:00:00+00:00,26.53,26.92,26.38,26.62,553100,6.6325,6.73,6.595,6.655,2212400,0.0,1.0
IDXX,2002-02-19 00:00:00+00:00,26.38,26.65,26.08,26.45,248800,6.595,6.6625,6.52,6.6125,995200,0.0,1.0
IDXX,2002-02-20 00:00:00+00:00,26.54,26.65,26.11,26.65,434100,6.635,6.6625,6.5275,6.6625,1736400,0.0,1.0
IDXX,2002-02-21 00:00:00+00:00,26.67,27.81,26.46,26.5,221100,6.6675,6.9525,6.615,6.625,884400,0.0,1.0
IDXX,2002-02-22 00:00:00+00:00,26.15,26.67,26.14,26.67,239300,6.5375,6.6675,6.535,6.6675,957200,0.0,1.0
IDXX,2002-02-25 00:00:00+00:00,25.97,27.01,25.43,26.09,385400,6.4925,6.7525,6.3575,6.5225,1541600,0.0,1.0
IDXX,2002-02-26 00:00:00+00:00,26.05,26.48,25.78,25.88,228400,6.5125,6.62,6.445,6.47,913600,0.0,1.0
IDXX,2002-02-27 00:00:00+00:00,26.17,26.3,26.1,26.26,130500,6.5425,6.575,6.525,6.565,522000,0.0,1.0
IDXX,2002-02-28 00:00:00+00:00,26.08,26.54,25.67,26.23,474700,6.52,6.635,6.4175,6.5575,1898800,0.0,1.0
IDXX,2002-03-01 00:00:00+00:00,26.1,27.15,25.89,26.25,274400,6.525,6.7875,6.4725,6.5625,1097600,0.0,1.0
IDXX,2002-03-04 00:00:00+00:00,26.07,26.88,26.0,26.0,279800,6.5175,6.72,6.5,6.5,1119200,0.0,1.0
IDXX,2002-03-05 00:00:00+00:00,26.95,27.41,26.1,26.22,425700,6.7375,6.8525,6.525,6.555,1702800,0.0,1.0
IDXX,2002-03-06 00:00:00+00:00,27.37,27.56,26.3,27.06,330800,6.8425,6.89,6.575,6.765,1323200,0.0,1.0
IDXX,2002-03-07 00:00:00+00:00,27.23,28.25,27.06,27.1,123900,6.8075,7.0625,6.765,6.775,495600,0.0,1.0
IDXX,2002-03-08 00:00:00+00:00,27.5,27.8,27.13,27.31,69400,6.875,6.95,6.7825,6.8275,277600,0.0,1.0
IDXX,2002-03-11 00:00:00+00:00,27.85,27.87,27.28,27.35,91900,6.9625,6.9675,6.82,6.8375,367600,0.0,1.0
IDXX,2002-03-12 00:00:00+00:00,27.8,28.23,27.08,27.64,213400,6.95,7.0575,6.77,6.91,853600,0.0,1.0
IDXX,2002-03-13 00:00:00+00:00,28.08,28.4,27.7,27.7,113500,7.02,7.1,6.925,6.925,454000,0.0,1.0
IDXX,2002-03-14 00:00:00+00:00,27.81,28.0,27.58,28.0,211500,6.9525,7.0,6.895,7.0,846000,0.0,1.0
IDXX,2002-03-15 00:00:00+00:00,28.06,28.29,27.71,27.71,315400,7.015,7.0725,6.9275,6.9275,1261600,0.0,1.0
IDXX,2002-03-18 00:00:00+00:00,28.1,28.3,27.95,27.99,219100,7.025,7.075,6.9875,6.9975,876400,0.0,1.0
IDXX,2002-03-19 00:00:00+00:00,28.01,28.32,27.96,28.09,321200,7.0025,7.08,6.99,7.0225,1284800,0.0,1.0
IDXX,2002-03-20 00:00:00+00:00,27.42,27.95,27.29,27.95,356500,6.855,6.9875,6.8225,6.9875,1426000,0.0,1.0
IDXX,2002-03-21 00:00:00+00:00,28.16,28.45,27.39,28.45,141000,7.04,7.1125,6.8475,7.1125,564000,0.0,1.0
IDXX,2002-03-22 00:00:00+00:00,27.91,28.25,27.82,28.24,191800,6.9775,7.0625,6.955,7.06,767200,0.0,1.0
IDXX,2002-03-25 00:00:00+00:00,27.27,28.0,27.11,27.8,207300,6.8175,7.0,6.7775,6.95,829200,0.0,1.0
IDXX,2002-03-26 00:00:00+00:00,26.69,27.61,26.11,27.15,202200,6.6725,6.9025,6.5275,6.7875,808800,0.0,1.0
IDXX,2002-03-27 00:00:00+00:00,27.04,27.31,26.52,26.52,255100,6.76,6.8275,6.63,6.63,1020400,0.0,1.0
IDXX,2002-03-28 00:00:00+00:00,26.84,27.32,26.69,26.84,176200,6.71,6.83,6.6725,6.71,704800,0.0,1.0
IDXX,2002-04-01 00:00:00+00:00,27.64,27.9,26.33,27.9,278400,6.91,6.975,6.5825,6.975,1113600,0.0,1.0
IDXX,2002-04-02 00:00:00+00:00,27.45,27.68,27.2,27.6,188500,6.8625,6.92,6.8,6.9,754000,0.0,1.0
IDXX,2002-04-03 00:00:00+00:00,27.7,27.74,27.46,27.69,370600,6.925,6.935,6.865,6.9225,1482400,0.0,1.0
IDXX,2002-04-04 00:00:00+00:00,26.87,27.99,26.6,27.52,297100,6.7175,6.9975,6.65,6.88,1188400,0.0,1.0
IDXX,2002-04-05 00:00:00+00:00,27.21,27.23,26.71,26.71,256200,6.8025,6.8075,6.6775,6.6775,1024800,0.0,1.0
IDXX,2002-04-08 00:00:00+00:00,27.09,27.39,26.8,26.84,260400,6.7725,6.8475,6.7,6.71,1041600,0.0,1.0
IDXX,2002-04-09 00:00:00+00:00,27.42,27.85,27.05,27.05,491200,6.855,6.9625,6.7625,6.7625,1964800,0.0,1.0
IDXX,2002-04-10 00:00:00+00:00,27.79,27.94,27.4,27.4,173400,6.9475,6.985,6.85,6.85,693600,0.0,1.0
IDXX,2002-04-11 00:00:00+00:00,27.55,27.75,27.55,27.6,350700,6.8875,6.9375,6.8875,6.9,1402800,0.0,1.0
IDXX,2002-04-12 00:00:00+00:00,28.75,29.35,27.55,27.7,522500,7.1875,7.3375,6.8875,6.925,2090000,0.0,1.0
IDXX,2002-04-15 00:00:00+00:00,28.9,29.15,28.7,28.85,238900,7.225,7.2875,7.175,7.2125,955600,0.0,1.0
IDXX,2002-04-16 00:00:00+00:00,29.75,29.75,28.84,29.0,221500,7.4375,7.4375,7.21,7.25,886000,0.0,1.0
IDXX,2002-04-17 00:00:00+00:00,29.26,29.81,29.26,29.8,574700,7.315,7.4525,7.315,7.45,2298800,0.0,1.0
IDXX,2002-04-18 00:00:00+00:00,29.75,29.75,29.15,29.26,163100,7.4375,7.4375,7.2875,7.315,652400,0.0,1.0
IDXX,2002-04-19 00:00:00+00:00,29.47,29.83,29.35,29.81,124700,7.3675,7.4575,7.3375,7.4525,498800,0.0,1.0
IDXX,2002-04-22 00:00:00+00:00,28.83,29.74,28.71,29.26,202200,7.2075,7.435,7.1775,7.315,808800,0.0,1.0
IDXX,2002-04-23 00:00:00+00:00,28.85,29.0,28.61,28.76,78100,7.2125,7.25,7.1525,7.19,312400,0.0,1.0
IDXX,2002-04-24 00:00:00+00:00,28.12,29.18,28.12,28.98,195500,7.03,7.295,7.03,7.245,782000,0.0,1.0
IDXX,2002-04-25 00:00:00+00:00,28.17,28.6,27.81,28.11,168700,7.0425,7.15,6.9525,7.0275,674800,0.0,1.0
IDXX,2002-04-26 00:00:00+00:00,28.27,28.57,27.88,27.88,88800,7.0675,7.1425,6.97,6.97,355200,0.0,1.0
IDXX,2002-04-29 00:00:00+00:00,28.2,28.35,27.9,28.21,97200,7.05,7.0875,6.975,7.0525,388800,0.0,1.0
IDXX,2002-04-30 00:00:00+00:00,28.48,28.59,27.76,28.38,196100,7.12,7.1475,6.94,7.095,784400,0.0,1.0
IDXX,2002-05-01 00:00:00+00:00,28.4,29.0,27.64,28.59,199800,7.1,7.25,6.91,7.1475,799200,0.0,1.0
IDXX,2002-05-02 00:00:00+00:00,28.57,28.8,27.6,28.39,187700,7.1425,7.2,6.9,7.0975,750800,0.0,1.0
IDXX,2002-05-03 00:00:00+00:00,28.67,28.81,27.35,28.8,441500,7.1675,7.2025,6.8375,7.2,1766000,0.0,1.0
IDXX,2002-05-06 00:00:00+00:00,27.47,28.95,27.47,28.6,249800,6.8675,7.2375,6.8675,7.15,999200,0.0,1.0
IDXX,2002-05-07 00:00:00+00:00,26.87,27.85,26.23,27.45,177700,6.7175,6.9625,6.5575,6.8625,710800,0.0,1.0
IDXX,2002-05-08 00:00:00+00:00,28.43,28.48,26.4,26.4,99000,7.1075,7.12,6.6,6.6,396000,0.0,1.0
IDXX,2002-05-09 00:00:00+00:00,27.34,28.7,27.24,27.96,93600,6.835,7.175,6.81,6.99,374400,0.0,1.0
IDXX,2002-05-10 00:00:00+00:00,26.76,28.0,26.0,27.9,166800,6.69,7.0,6.5,6.975,667200,0.0,1.0
IDXX,2002-05-13 00:00:00+00:00,27.9,28.25,26.0,26.73,438700,6.975,7.0625,6.5,6.6825,1754800,0.0,1.0
IDXX,2002-05-14 00:00:00+00:00,29.05,29.5,27.95,28.04,472900,7.2625,7.375,6.9875,7.01,1891600,0.0,1.0
IDXX,2002-05-15 00:00:00+00:00,29.06,29.27,28.69,29.08,230500,7.265,7.3175,7.1725,7.27,922000,0.0,1.0
IDXX,2002-05-16 00:00:00+00:00,29.21,29.62,28.66,29.0,453400,7.3025,7.405,7.165,7.25,1813600,0.0,1.0
IDXX,2002-05-17 00:00:00+00:00,29.92,30.02,29.26,29.26,363700,7.48,7.505,7.315,7.315,1454800,0.0,1.0
IDXX,2002-05-20 00:00:00+00:00,29.15,29.95,29.08,29.95,155000,7.2875,7.4875,7.27,7.4875,620000,0.0,1.0
IDXX,2002-05-21 00:00:00+00:00,29.6,30.4,29.29,29.29,736200,7.4,7.6,7.3225,7.3225,2944800,0.0,1.0
IDXX,2002-05-22 00:00:00+00:00,30.59,30.59,29.6,29.6,377600,7.6475,7.6475,7.4,7.4,1510400,0.0,1.0
IDXX,2002-05-23 00:00:00+00:00,32.53,32.62,30.08,30.25,382000,8.1325,8.155,7.52,7.5625,1528000,0.0,1.0
IDXX,2002-05-24 00:00:00+00:00,31.1,32.38,30.9,31.7,272800,7.775,8.095,7.725,7.925,1091200,0.0,1.0
IDXX,2002-05-28 00:00:00+00:00,31.74,31.74,30.7,31.5,156200,7.935,7.935,7.675,7.875,624800,0.0,1.0
IDXX,2002-05-29 00:00:00+00:00,31.51,31.55,30.91,31.04,167000,7.8775,7.8875,7.7275,7.76,668000,0.0,1.0
IDXX,2002-05-30 00:00:00+00:00,31.3,31.6,30.77,31.07,287300,7.825,7.9,7.6925,7.7675,1149200,0.0,1.0
IDXX,2002-05-31 00:00:00+00:00,31.6,32.25,31.3,31.3,217200,7.9,8.0625,7.825,7.825,868800,0.0,1.0
IDXX,2002-06-03 00:00:00+00:00,30.94,32.0,30.94,31.52,477600,7.735,8.0,7.735,7.88,1910400,0.0,1.0
IDXX,2002-06-04 00:00:00+00:00,30.6,31.37,30.06,30.9,135200,7.65,7.8425,7.515,7.725,540800,0.0,1.0
IDXX,2002-06-05 00:00:00+00:00,30.64,30.87,29.91,30.61,298900,7.66,7.7175,7.4775,7.6525,1195600,0.0,1.0
IDXX,2002-06-06 00:00:00+00:00,29.67,30.9,29.67,30.6,179400,7.4175,7.725,7.4175,7.65,717600,0.0,1.0
IDXX,2002-06-07 00:00:00+00:00,29.1,29.64,28.27,29.64,238600,7.275,7.41,7.0675,7.41,954400,0.0,1.0
IDXX,2002-06-10 00:00:00+00:00,28.8,29.42,28.8,29.09,198200,7.2,7.355,7.2,7.2725,792800,0.0,1.0
IDXX,2002-06-11 00:00:00+00:00,28.12,29.5,27.86,28.75,259500,7.03,7.375,6.965,7.1875,1038000,0.0,1.0
IDXX,2002-06-12 00:00:00+00:00,27.21,28.45,27.2,28.06,295700,6.8025,7.1125,6.8,7.015,1182800,0.0,1.0
IDXX,2002-06-13 00:00:00+00:00,28.06,28.71,27.13,27.18,399100,7.015,7.1775,6.7825,6.795,1596400,0.0,1.0
IDXX,2002-06-14 00:00:00+00:00,28.23,28.64,27.25,27.71,281300,7.0575,7.16,6.8125,6.9275,1125200,0.0,1.0
IDXX,2002-06-17 00:00:00+00:00,29.6,30.02,28.16,28.5,188700,7.4,7.505,7.04,7.125,754800,0.0,1.0
IDXX,2002-06-18 00:00:00+00:00,29.41,29.73,29.1,29.44,102900,7.3525,7.4325,7.275,7.36,411600,0.0,1.0
IDXX,2002-06-19 00:00:00+00:00,28.4,29.75,28.28,29.35,146700,7.1,7.4375,7.07,7.3375,586800,0.0,1.0
IDXX,2002-06-20 00:00:00+00:00,26.83,28.52,26.41,28.52,321100,6.7075,7.13,6.6025,7.13,1284400,0.0,1.0
IDXX,2002-06-21 00:00:00+00:00,26.88,27.39,26.35,27.24,298900,6.72,6.8475,6.5875,6.81,1195600,0.0,1.0
IDXX,2002-06-24 00:00:00+00:00,25.97,26.67,24.6,26.57,568700,6.4925,6.6675,6.15,6.6425,2274800,0.0,1.0
IDXX,2002-06-25 00:00:00+00:00,25.72,26.29,25.36,25.75,744400,6.43,6.5725,6.34,6.4375,2977600,0.0,1.0
IDXX,2002-06-26 00:00:00+00:00,26.0,26.16,25.0,25.42,203500,6.5,6.54,6.25,6.355,814000,0.0,1.0
IDXX,2002-06-27 00:00:00+00:00,26.03,26.25,25.45,26.25,219300,6.5075,6.5625,6.3625,6.5625,877200,0.0,1.0
IDXX,2002-06-28 00:00:00+00:00,25.79,26.2,25.42,25.56,452500,6.4475,6.55,6.355,6.39,1810000,0.0,1.0
IDXX,2002-07-01 00:00:00+00:00,25.2,26.02,25.1,25.84,267700,6.3,6.505,6.275,6.46,1070800,0.0,1.0
IDXX,2002-07-02 00:00:00+00:00,24.97,25.45,24.46,25.1,222100,6.2425,6.3625,6.115,6.275,888400,0.0,1.0
IDXX,2002-07-03 00:00:00+00:00,25.09,25.44,24.45,24.55,217900,6.2725,6.36,6.1125,6.1375,871600,0.0,1.0
IDXX,2002-07-05 00:00:00+00:00,26.05,26.17,24.83,24.97,101200,6.5125,6.5425,6.2075,6.2425,404800,0.0,1.0
IDXX,2002-07-08 00:00:00+00:00,25.12,26.0,24.91,25.61,86000,6.28,6.5,6.2275,6.4025,344000,0.0,1.0
IDXX,2002-07-09 00:00:00+00:00,25.14,25.87,24.74,25.13,128900,6.285,6.4675,6.185,6.2825,515600,0.0,1.0
IDXX,2002-07-10 00:00:00+00:00,24.8,25.4,24.78,24.95,292200,6.2,6.35,6.195,6.2375,1168800,0.0,1.0
IDXX,2002-07-11 00:00:00+00:00,23.98,25.07,23.87,24.77,487200,5.995,6.2675,5.9675,6.1925,1948800,0.0,1.0
IDXX,2002-07-12 00:00:00+00:00,24.41,25.17,23.8,24.0,221200,6.1025,6.2925,5.95,6.0,884800,0.0,1.0
IDXX,2002-07-15 00:00:00+00:00,26.82,26.9,24.8,24.8,607600,6.705,6.725,6.2,6.2,2430400,0.0,1.0
IDXX,2002-07-16 00:00:00+00:00,28.96,30.25,26.41,26.7,1282000,7.24,7.5625,6.6025,6.675,5128000,0.0,1.0
IDXX,2002-07-17 00:00:00+00:00,28.8,29.62,28.72,29.43,323400,7.2,7.405,7.18,7.3575,1293600,0.0,1.0
IDXX,2002-07-18 00:00:00+00:00,28.75,29.3,28.5,29.29,242100,7.1875,7.325,7.125,7.3225,968400,0.0,1.0
IDXX,2002-07-19 00:00:00+00:00,27.6,28.71,27.6,28.61,273500,6.9,7.1775,6.9,7.1525,1094000,0.0,1.0
IDXX,2002-07-22 00:00:00+00:00,27.7,28.56,27.06,28.1,328200,6.925,7.14,6.765,7.025,1312800,0.0,1.0
IDXX,2002-07-23 00:00:00+00:00,28.36,29.08,27.55,27.71,1064800,7.09,7.27,6.8875,6.9275,4259200,0.0,1.0
IDXX,2002-07-24 00:00:00+00:00,29.15,29.69,26.75,28.03,351600,7.2875,7.4225,6.6875,7.0075,1406400,0.0,1.0
IDXX,2002-07-25 00:00:00+00:00,29.34,30.71,28.77,29.0,331000,7.335,7.6775,7.1925,7.25,1324000,0.0,1.0
IDXX,2002-07-26 00:00:00+00:00,29.04,29.96,28.5,29.96,237700,7.26,7.49,7.125,7.49,950800,0.0,1.0
IDXX,2002-07-29 00:00:00+00:00,29.0,29.71,28.6,29.4,341000,7.25,7.4275,7.15,7.35,1364000,0.0,1.0
IDXX,2002-07-30 00:00:00+00:00,29.0,29.7,28.5,29.27,351300,7.25,7.425,7.125,7.3175,1405200,0.0,1.0
IDXX,2002-07-31 00:00:00+00:00,29.25,29.75,28.72,28.72,449700,7.3125,7.4375,7.18,7.18,1798800,0.0,1.0
IDXX,2002-08-01 00:00:00+00:00,29.55,30.0,29.2,29.65,317100,7.3875,7.5,7.3,7.4125,1268400,0.0,1.0
IDXX,2002-08-02 00:00:00+00:00,28.41,29.7,28.41,29.46,299700,7.1025,7.425,7.1025,7.365,1198800,0.0,1.0
IDXX,2002-08-05 00:00:00+00:00,27.32,29.14,27.31,28.42,218400,6.83,7.285,6.8275,7.105,873600,0.0,1.0
IDXX,2002-08-06 00:00:00+00:00,27.7,28.49,27.31,27.32,359900,6.925,7.1225,6.8275,6.83,1439600,0.0,1.0
IDXX,2002-08-07 00:00:00+00:00,27.19,28.45,26.31,28.24,378900,6.7975,7.1125,6.5775,7.06,1515600,0.0,1.0
IDXX,2002-08-08 00:00:00+00:00,27.42,27.7,27.02,27.14,414800,6.855,6.925,6.755,6.785,1659200,0.0,1.0
IDXX,2002-08-09 00:00:00+00:00,28.4,29.55,27.21,27.67,393300,7.1,7.3875,6.8025,6.9175,1573200,0.0,1.0
IDXX,2002-08-12 00:00:00+00:00,28.41,28.95,27.95,28.92,92300,7.1025,7.2375,6.9875,7.23,369200,0.0,1.0
IDXX,2002-08-13 00:00:00+00:00,28.02,28.82,27.85,28.81,160100,7.005,7.205,6.9625,7.2025,640400,0.0,1.0
IDXX,2002-08-14 00:00:00+00:00,29.56,29.7,28.01,28.01,218600,7.39,7.425,7.0025,7.0025,874400,0.0,1.0
IDXX,2002-08-15 00:00:00+00:00,30.4,30.49,29.45,29.7,398200,7.6,7.6225,7.3625,7.425,1592800,0.0,1.0
IDXX,2002-08-16 00:00:00+00:00,30.43,30.94,29.71,30.19,204000,7.6075,7.735,7.4275,7.5475,816000,0.0,1.0
IDXX,2002-08-19 00:00:00+00:00,30.05,31.95,29.42,30.35,399100,7.5125,7.9875,7.355,7.5875,1596400,0.0,1.0
IDXX,2002-08-20 00:00:00+00:00,30.02,30.95,29.85,30.1,417500,7.505,7.7375,7.4625,7.525,1670000,0.0,1.0
IDXX,2002-08-21 00:00:00+00:00,30.16,30.6,29.66,30.0,281500,7.54,7.65,7.415,7.5,1126000,0.0,1.0
IDXX,2002-08-22 00:00:00+00:00,30.59,30.65,29.88,30.29,228800,7.6475,7.6625,7.47,7.5725,915200,0.0,1.0
IDXX,2002-08-23 00:00:00+00:00,29.16,30.65,29.16,30.65,144200,7.29,7.6625,7.29,7.6625,576800,0.0,1.0
IDXX,2002-08-26 00:00:00+00:00,30.27,30.27,28.81,29.15,222400,7.5675,7.5675,7.2025,7.2875,889600,0.0,1.0
IDXX,2002-08-27 00:00:00+00:00,28.92,30.4,28.92,30.2,226000,7.23,7.6,7.23,7.55,904000,0.0,1.0
IDXX,2002-08-28 00:00:00+00:00,28.54,29.5,28.25,28.92,196800,7.135,7.375,7.0625,7.23,787200,0.0,1.0
IDXX,2002-08-29 00:00:00+00:00,29.26,29.49,28.05,28.06,133400,7.315,7.3725,7.0125,7.015,533600,0.0,1.0
IDXX,2002-08-30 00:00:00+00:00,29.09,29.53,28.77,29.0,156700,7.2725,7.3825,7.1925,7.25,626800,0.0,1.0
IDXX,2002-09-03 00:00:00+00:00,28.45,29.41,28.15,29.25,182100,7.1125,7.3525,7.0375,7.3125,728400,0.0,1.0
IDXX,2002-09-04 00:00:00+00:00,29.18,29.75,28.5,28.51,281800,7.295,7.4375,7.125,7.1275,1127200,0.0,1.0
IDXX,2002-09-05 00:00:00+00:00,29.2,29.95,29.15,29.45,138300,7.3,7.4875,7.2875,7.3625,553200,0.0,1.0
IDXX,2002-09-06 00:00:00+00:00,29.99,30.2,29.12,29.87,101300,7.4975,7.55,7.28,7.4675,405200,0.0,1.0
IDXX,2002-09-09 00:00:00+00:00,30.5,30.6,29.23,30.05,167400,7.625,7.65,7.3075,7.5125,669600,0.0,1.0
IDXX,2002-09-10 00:00:00+00:00,31.1,31.18,30.16,30.36,209200,7.775,7.795,7.54,7.59,836800,0.0,1.0
IDXX,2002-09-11 00:00:00+00:00,30.89,31.7,30.67,30.67,108000,7.7225,7.925,7.6675,7.6675,432000,0.0,1.0
IDXX,2002-09-12 00:00:00+00:00,29.8,31.0,29.53,30.95,174100,7.45,7.75,7.3825,7.7375,696400,0.0,1.0
IDXX,2002-09-13 00:00:00+00:00,30.31,30.66,29.5,29.5,169800,7.5775,7.665,7.375,7.375,679200,0.0,1.0
IDXX,2002-09-16 00:00:00+00:00,31.23,31.36,30.01,30.05,170000,7.8075,7.84,7.5025,7.5125,680000,0.0,1.0
IDXX,2002-09-17 00:00:00+00:00,31.3,31.7,31.08,31.59,261200,7.825,7.925,7.77,7.8975,1044800,0.0,1.0
IDXX,2002-09-18 00:00:00+00:00,31.56,31.75,31.05,31.3,196600,7.89,7.9375,7.7625,7.825,786400,0.0,1.0
IDXX,2002-09-19 00:00:00+00:00,31.45,32.0,31.2,31.59,421500,7.8625,8.0,7.8,7.8975,1686000,0.0,1.0
IDXX,2002-09-20 00:00:00+00:00,30.71,31.55,30.56,31.35,438700,7.6775,7.8875,7.64,7.8375,1754800,0.0,1.0
IDXX,2002-09-23 00:00:00+00:00,30.42,30.8,29.5,30.51,194100,7.605,7.7,7.375,7.6275,776400,0.0,1.0
IDXX,2002-09-24 00:00:00+00:00,30.98,31.05,30.1,30.1,207500,7.745,7.7625,7.525,7.525,830000,0.0,1.0
IDXX,2002-09-25 00:00:00+00:00,30.98,31.17,30.76,31.02,342600,7.745,7.7925,7.69,7.755,1370400,0.0,1.0
IDXX,2002-09-26 00:00:00+00:00,31.0,31.11,30.53,30.98,252200,7.75,7.7775,7.6325,7.745,1008800,0.0,1.0
IDXX,2002-09-27 00:00:00+00:00,30.5,31.1,30.05,30.9,167900,7.625,7.775,7.5125,7.725,671600,0.0,1.0
IDXX,2002-09-30 00:00:00+00:00,30.95,31.13,29.98,30.28,223300,7.7375,7.7825,7.495,7.57,893200,0.0,1.0
IDXX,2002-10-01 00:00:00+00:00,31.49,31.85,30.31,31.0,360100,7.8725,7.9625,7.5775,7.75,1440400,0.0,1.0
IDXX,2002-10-02 00:00:00+00:00,31.34,31.6,31.06,31.31,239700,7.835,7.9,7.765,7.8275,958800,0.0,1.0
IDXX,2002-10-03 00:00:00+00:00,31.69,31.95,31.12,31.18,293000,7.9225,7.9875,7.78,7.795,1172000,0.0,1.0
IDXX,2002-10-04 00:00:00+00:00,31.48,31.79,31.1,31.44,187300,7.87,7.9475,7.775,7.86,749200,0.0,1.0
IDXX,2002-10-07 00:00:00+00:00,31.28,31.88,30.69,31.7,289100,7.82,7.97,7.6725,7.925,1156400,0.0,1.0
IDXX,2002-10-08 00:00:00+00:00,30.88,31.67,30.75,31.51,321000,7.72,7.9175,7.6875,7.8775,1284000,0.0,1.0
IDXX,2002-10-09 00:00:00+00:00,29.85,31.0,29.72,31.0,324600,7.4625,7.75,7.43,7.75,1298400,0.0,1.0
IDXX,2002-10-10 00:00:00+00:00,29.44,30.12,29.29,30.12,318800,7.36,7.53,7.3225,7.53,1275200,0.0,1.0
IDXX,2002-10-11 00:00:00+00:00,30.0,30.4,29.37,29.5,243700,7.5,7.6,7.3425,7.375,974800,0.0,1.0
IDXX,2002-10-14 00:00:00+00:00,30.86,31.5,29.75,29.75,163600,7.715,7.875,7.4375,7.4375,654400,0.0,1.0
IDXX,2002-10-15 00:00:00+00:00,30.96,31.49,30.55,30.9,351100,7.74,7.8725,7.6375,7.725,1404400,0.0,1.0
IDXX,2002-10-16 00:00:00+00:00,30.42,32.0,30.01,30.95,208700,7.605,8.0,7.5025,7.7375,834800,0.0,1.0
IDXX,2002-10-17 00:00:00+00:00,31.1,31.1,30.42,30.59,141000,7.775,7.775,7.605,7.6475,564000,0.0,1.0
IDXX,2002-10-18 00:00:00+00:00,31.0,31.09,30.4,31.0,116600,7.75,7.7725,7.6,7.75,466400,0.0,1.0
IDXX,2002-10-21 00:00:00+00:00,31.5,31.9,30.7,30.7,408700,7.875,7.975,7.675,7.675,1634800,0.0,1.0
IDXX,2002-10-22 00:00:00+00:00,32.05,33.0,31.3,31.54,501000,8.0125,8.25,7.825,7.885,2004000,0.0,1.0
IDXX,2002-10-23 00:00:00+00:00,33.15,33.61,31.4,31.87,391100,8.2875,8.4025,7.85,7.9675,1564400,0.0,1.0
IDXX,2002-10-24 00:00:00+00:00,32.55,33.48,32.0,33.2,309100,8.1375,8.37,8.0,8.3,1236400,0.0,1.0
IDXX,2002-10-25 00:00:00+00:00,34.78,34.8,32.5,32.6,546200,8.695,8.7,8.125,8.15,2184800,0.0,1.0
IDXX,2002-10-28 00:00:00+00:00,34.93,35.5,34.07,35.3,843100,8.7325,8.875,8.5175,8.825,3372400,0.0,1.0
IDXX,2002-10-29 00:00:00+00:00,34.9,35.22,34.55,34.91,328300,8.725,8.805,8.6375,8.7275,1313200,0.0,1.0
IDXX,2002-10-30 00:00:00+00:00,35.43,35.5,34.6,34.85,221700,8.8575,8.875,8.65,8.7125,886800,0.0,1.0
IDXX,2002-10-31 00:00:00+00:00,34.5,35.5,34.3,35.5,410700,8.625,8.875,8.575,8.875,1642800,0.0,1.0
IDXX,2002-11-01 00:00:00+00:00,34.47,34.9,33.7,34.55,353600,8.6175,8.725,8.425,8.6375,1414400,0.0,1.0
IDXX,2002-11-04 00:00:00+00:00,35.1,35.5,34.4,34.4,409000,8.775,8.875,8.6,8.6,1636000,0.0,1.0
IDXX,2002-11-05 00:00:00+00:00,35.49,35.5,34.35,35.0,454300,8.8725,8.875,8.5875,8.75,1817200,0.0,1.0
IDXX,2002-11-06 00:00:00+00:00,36.06,36.25,35.4,35.4,601400,9.015,9.0625,8.85,8.85,2405600,0.0,1.0
IDXX,2002-11-07 00:00:00+00:00,35.78,36.22,35.63,35.92,178200,8.945,9.055,8.9075,8.98,712800,0.0,1.0
IDXX,2002-11-08 00:00:00+00:00,35.28,35.76,33.44,35.75,342500,8.82,8.94,8.36,8.9375,1370000,0.0,1.0
IDXX,2002-11-11 00:00:00+00:00,35.44,35.75,35.01,35.12,237100,8.86,8.9375,8.7525,8.78,948400,0.0,1.0
IDXX,2002-11-12 00:00:00+00:00,36.25,37.05,35.12,35.46,502100,9.0625,9.2625,8.78,8.865,2008400,0.0,1.0
IDXX,2002-11-13 00:00:00+00:00,36.13,36.75,35.85,36.6,362200,9.0325,9.1875,8.9625,9.15,1448800,0.0,1.0
IDXX,2002-11-14 00:00:00+00:00,36.55,36.65,35.86,35.86,220600,9.1375,9.1625,8.965,8.965,882400,0.0,1.0
IDXX,2002-11-15 00:00:00+00:00,36.48,37.04,35.86,36.5,168200,9.12,9.26,8.965,9.125,672800,0.0,1.0
IDXX,2002-11-18 00:00:00+00:00,35.9,37.0,35.5,36.5,302800,8.975,9.25,8.875,9.125,1211200,0.0,1.0
IDXX,2002-11-19 00:00:00+00:00,34.7,35.45,34.2,35.11,330100,8.675,8.8625,8.55,8.7775,1320400,0.0,1.0
IDXX,2002-11-20 00:00:00+00:00,35.2,35.4,34.5,34.65,128800,8.8,8.85,8.625,8.6625,515200,0.0,1.0
IDXX,2002-11-21 00:00:00+00:00,36.04,36.4,35.0,35.0,517500,9.01,9.1,8.75,8.75,2070000,0.0,1.0
IDXX,2002-11-22 00:00:00+00:00,36.23,36.49,35.4,35.9,139300,9.0575,9.1225,8.85,8.975,557200,0.0,1.0
IDXX,2002-11-25 00:00:00+00:00,36.25,36.49,35.57,36.49,242000,9.0625,9.1225,8.8925,9.1225,968000,0.0,1.0
IDXX,2002-11-26 00:00:00+00:00,31.99,36.45,31.3,36.24,1023100,7.9975,9.1125,7.825,9.06,4092400,0.0,1.0
IDXX,2002-11-27 00:00:00+00:00,32.0,32.75,31.35,32.0,375000,8.0,8.1875,7.8375,8.0,1500000,0.0,1.0
IDXX,2002-11-29 00:00:00+00:00,31.31,32.0,31.22,31.97,117000,7.8275,8.0,7.805,7.9925,468000,0.0,1.0
IDXX,2002-12-02 00:00:00+00:00,31.9,32.06,31.21,31.7,469000,7.975,8.015,7.8025,7.925,1876000,0.0,1.0
IDXX,2002-12-03 00:00:00+00:00,31.92,32.36,31.66,32.0,366500,7.98,8.09,7.915,8.0,1466000,0.0,1.0
IDXX,2002-12-04 00:00:00+00:00,32.25,32.9,30.93,31.82,344300,8.0625,8.225,7.7325,7.955,1377200,0.0,1.0
IDXX,2002-12-05 00:00:00+00:00,31.74,32.39,31.0,32.31,116700,7.935,8.0975,7.75,8.0775,466800,0.0,1.0
IDXX,2002-12-06 00:00:00+00:00,32.19,32.2,31.3,31.85,207800,8.0475,8.05,7.825,7.9625,831200,0.0,1.0
IDXX,2002-12-09 00:00:00+00:00,31.26,32.29,31.25,32.29,183500,7.815,8.0725,7.8125,8.0725,734000,0.0,1.0
IDXX,2002-12-10 00:00:00+00:00,32.15,32.3,31.25,31.26,314100,8.0375,8.075,7.8125,7.815,1256400,0.0,1.0
IDXX,2002-12-11 00:00:00+00:00,32.9,33.3,31.83,32.0,461200,8.225,8.325,7.9575,8.0,1844800,0.0,1.0
IDXX,2002-12-12 00:00:00+00:00,32.89,33.09,32.42,32.76,238400,8.2225,8.2725,8.105,8.19,953600,0.0,1.0
IDXX,2002-12-13 00:00:00+00:00,32.75,32.85,31.95,32.76,220300,8.1875,8.2125,7.9875,8.19,881200,0.0,1.0
IDXX,2002-12-16 00:00:00+00:00,32.59,33.22,32.28,32.61,238700,8.1475,8.305,8.07,8.1525,954800,0.0,1.0
IDXX,2002-12-17 00:00:00+00:00,32.15,32.75,32.09,32.26,176600,8.0375,8.1875,8.0225,8.065,706400,0.0,1.0
IDXX,2002-12-18 00:00:00+00:00,31.76,32.65,31.75,32.2,209600,7.94,8.1625,7.9375,8.05,838400,0.0,1.0
IDXX,2002-12-19 00:00:00+00:00,31.85,32.48,31.59,31.75,314800,7.9625,8.12,7.8975,7.9375,1259200,0.0,1.0
IDXX,2002-12-20 00:00:00+00:00,33.13,33.21,32.0,32.0,644500,8.2825,8.3025,8.0,8.0,2578000,0.0,1.0
IDXX,2002-12-23 00:00:00+00:00,33.21,33.3,32.57,32.8,216000,8.3025,8.325,8.1425,8.2,864000,0.0,1.0
IDXX,2002-12-24 00:00:00+00:00,32.99,33.23,32.75,32.84,53700,8.2475,8.3075,8.1875,8.21,214800,0.0,1.0
IDXX,2002-12-26 00:00:00+00:00,33.09,33.48,32.64,32.9,208500,8.2725,8.37,8.16,8.225,834000,0.0,1.0
IDXX,2002-12-27 00:00:00+00:00,32.72,33.0,32.45,33.0,151600,8.18,8.25,8.1125,8.25,606400,0.0,1.0
IDXX,2002-12-30 00:00:00+00:00,32.75,32.87,32.35,32.4,143200,8.1875,8.2175,8.0875,8.1,572800,0.0,1.0
IDXX,2002-12-31 00:00:00+00:00,33.3,33.48,32.16,32.8,336400,8.325,8.37,8.04,8.2,1345600,0.0,1.0
IDXX,2003-01-02 00:00:00+00:00,33.45,33.7,32.76,33.14,344200,8.3625,8.425,8.19,8.285,1376800,0.0,1.0
IDXX,2003-01-03 00:00:00+00:00,32.98,33.54,32.93,33.44,188100,8.245,8.385,8.2325,8.36,752400,0.0,1.0
IDXX,2003-01-06 00:00:00+00:00,32.78,33.4,32.56,32.81,124500,8.195,8.35,8.14,8.2025,498000,0.0,1.0
IDXX,2003-01-07 00:00:00+00:00,32.06,32.9,31.64,32.5,384200,8.015,8.225,7.91,8.125,1536800,0.0,1.0
IDXX,2003-01-08 00:00:00+00:00,32.16,32.5,31.8,31.87,179400,8.04,8.125,7.95,7.9675,717600,0.0,1.0
IDXX,2003-01-09 00:00:00+00:00,33.15,33.76,31.31,31.36,263800,8.2875,8.44,7.8275,7.84,1055200,0.0,1.0
IDXX,2003-01-10 00:00:00+00:00,33.09,33.48,32.34,33.21,163700,8.2725,8.37,8.085,8.3025,654800,0.0,1.0
IDXX,2003-01-13 00:00:00+00:00,32.93,33.5,32.4,32.95,118600,8.2325,8.375,8.1,8.2375,474400,0.0,1.0
IDXX,2003-01-14 00:00:00+00:00,34.1,34.21,32.76,32.76,263800,8.525,8.5525,8.19,8.19,1055200,0.0,1.0
IDXX,2003-01-15 00:00:00+00:00,33.11,34.6,32.87,34.1,301400,8.2775,8.65,8.2175,8.525,1205600,0.0,1.0
IDXX,2003-01-16 00:00:00+00:00,33.71,34.14,33.08,33.08,96500,8.4275,8.535,8.27,8.27,386000,0.0,1.0
IDXX,2003-01-17 00:00:00+00:00,34.26,34.43,33.63,33.68,112800,8.565,8.6075,8.4075,8.42,451200,0.0,1.0
IDXX,2003-01-21 00:00:00+00:00,33.73,34.84,33.5,34.41,108600,8.4325,8.71,8.375,8.6025,434400,0.0,1.0
IDXX,2003-01-22 00:00:00+00:00,34.04,34.2,33.38,33.67,118500,8.51,8.55,8.345,8.4175,474000,0.0,1.0
IDXX,2003-01-23 00:00:00+00:00,33.93,34.28,33.65,34.2,127300,8.4825,8.57,8.4125,8.55,509200,0.0,1.0
IDXX,2003-01-24 00:00:00+00:00,32.97,33.96,32.17,33.96,195200,8.2425,8.49,8.0425,8.49,780800,0.0,1.0
IDXX,2003-01-27 00:00:00+00:00,32.6,33.02,32.05,32.9,338400,8.15,8.255,8.0125,8.225,1353600,0.0,1.0
IDXX,2003-01-28 00:00:00+00:00,33.7,34.11,32.6,32.6,342900,8.425,8.5275,8.15,8.15,1371600,0.0,1.0
IDXX,2003-01-29 00:00:00+00:00,33.7,34.11,32.6,32.6,176500,8.425,8.5275,8.15,8.15,706000,0.0,1.0
IDXX,2003-01-30 00:00:00+00:00,33.32,34.25,33.2,34.14,341300,8.33,8.5625,8.3,8.535,1365200,0.0,1.0
IDXX,2003-01-31 00:00:00+00:00,34.62,34.84,33.22,33.22,260200,8.655,8.71,8.305,8.305,1040800,0.0,1.0
IDXX,2003-02-03 00:00:00+00:00,34.84,35.32,33.75,34.57,351300,8.71,8.83,8.4375,8.6425,1405200,0.0,1.0
IDXX,2003-02-04 00:00:00+00:00,33.99,34.98,33.15,34.83,257100,8.4975,8.745,8.2875,8.7075,1028400,0.0,1.0
IDXX,2003-02-05 00:00:00+00:00,33.8,34.3,33.68,33.86,311700,8.45,8.575,8.42,8.465,1246800,0.0,1.0
IDXX,2003-02-06 00:00:00+00:00,34.27,34.45,33.7,33.78,197000,8.5675,8.6125,8.425,8.445,788000,0.0,1.0
IDXX,2003-02-07 00:00:00+00:00,34.76,35.25,34.23,34.23,297100,8.69,8.8125,8.5575,8.5575,1188400,0.0,1.0
IDXX,2003-02-10 00:00:00+00:00,35.29,35.48,34.27,34.66,244600,8.8225,8.87,8.5675,8.665,978400,0.0,1.0
IDXX,2003-02-11 00:00:00+00:00,35.65,35.85,35.15,35.15,255700,8.9125,8.9625,8.7875,8.7875,1022800,0.0,1.0
IDXX,2003-02-12 00:00:00+00:00,35.25,36.33,35.12,35.56,324400,8.8125,9.0825,8.78,8.89,1297600,0.0,1.0
IDXX,2003-02-13 00:00:00+00:00,35.6,35.71,34.9,35.17,374000,8.9,8.9275,8.725,8.7925,1496000,0.0,1.0
IDXX,2003-02-14 00:00:00+00:00,36.01,36.15,35.35,35.5,256300,9.0025,9.0375,8.8375,8.875,1025200,0.0,1.0
IDXX,2003-02-18 00:00:00+00:00,36.99,37.05,35.7,35.9,345600,9.2475,9.2625,8.925,8.975,1382400,0.0,1.0
IDXX,2003-02-19 00:00:00+00:00,37.7,37.94,36.67,36.67,277200,9.425,9.485,9.1675,9.1675,1108800,0.0,1.0
IDXX,2003-02-20 00:00:00+00:00,36.5,37.61,36.21,37.42,426600,9.125,9.4025,9.0525,9.355,1706400,0.0,1.0
IDXX,2003-02-21 00:00:00+00:00,36.88,37.18,36.34,36.5,312000,9.22,9.295,9.085,9.125,1248000,0.0,1.0
IDXX,2003-02-24 00:00:00+00:00,35.98,37.03,35.81,36.67,277500,8.995,9.2575,8.9525,9.1675,1110000,0.0,1.0
IDXX,2003-02-25 00:00:00+00:00,35.98,36.2,35.0,36.0,214800,8.995,9.05,8.75,9.0,859200,0.0,1.0
IDXX,2003-02-26 00:00:00+00:00,36.33,36.65,35.51,35.71,187300,9.0825,9.1625,8.8775,8.9275,749200,0.0,1.0
IDXX,2003-02-27 00:00:00+00:00,36.34,36.92,36.12,36.46,223000,9.085,9.23,9.03,9.115,892000,0.0,1.0
IDXX,2003-02-28 00:00:00+00:00,36.46,36.9,36.36,36.56,131300,9.115,9.225,9.09,9.14,525200,0.0,1.0
IDXX,2003-03-03 00:00:00+00:00,36.8,37.2,36.53,37.01,165000,9.2,9.3,9.1325,9.2525,660000,0.0,1.0
IDXX,2003-03-04 00:00:00+00:00,36.78,37.37,36.44,36.6,169800,9.195,9.3425,9.11,9.15,679200,0.0,1.0
IDXX,2003-03-05 00:00:00+00:00,36.29,37.0,36.1,36.94,267200,9.0725,9.25,9.025,9.235,1068800,0.0,1.0
IDXX,2003-03-06 00:00:00+00:00,35.96,36.41,35.77,36.41,386400,8.99,9.1025,8.9425,9.1025,1545600,0.0,1.0
IDXX,2003-03-07 00:00:00+00:00,36.01,36.01,35.49,35.79,375100,9.0025,9.0025,8.8725,8.9475,1500400,0.0,1.0
IDXX,2003-03-10 00:00:00+00:00,36.05,36.14,35.75,35.75,199000,9.0125,9.035,8.9375,8.9375,796000,0.0,1.0
IDXX,2003-03-11 00:00:00+00:00,35.85,36.0,35.71,36.0,239900,8.9625,9.0,8.9275,9.0,959600,0.0,1.0
IDXX,2003-03-12 00:00:00+00:00,35.48,35.95,35.17,35.85,264300,8.87,8.9875,8.7925,8.9625,1057200,0.0,1.0
IDXX,2003-03-13 00:00:00+00:00,36.0,36.0,35.43,35.43,218100,9.0,9.0,8.8575,8.8575,872400,0.0,1.0
IDXX,2003-03-14 00:00:00+00:00,35.82,36.05,35.76,36.05,184500,8.955,9.0125,8.94,9.0125,738000,0.0,1.0
IDXX,2003-03-17 00:00:00+00:00,36.25,36.57,35.46,35.76,305000,9.0625,9.1425,8.865,8.94,1220000,0.0,1.0
IDXX,2003-03-18 00:00:00+00:00,36.03,36.34,35.7,36.34,180100,9.0075,9.085,8.925,9.085,720400,0.0,1.0
IDXX,2003-03-19 00:00:00+00:00,36.67,36.72,35.75,36.14,207300,9.1675,9.18,8.9375,9.035,829200,0.0,1.0
IDXX,2003-03-20 00:00:00+00:00,35.65,36.42,35.55,36.25,190600,8.9125,9.105,8.8875,9.0625,762400,0.0,1.0
IDXX,2003-03-21 00:00:00+00:00,35.69,36.05,35.4,35.96,316800,8.9225,9.0125,8.85,8.99,1267200,0.0,1.0
IDXX,2003-03-24 00:00:00+00:00,35.85,35.95,35.18,35.6,122100,8.9625,8.9875,8.795,8.9,488400,0.0,1.0
IDXX,2003-03-25 00:00:00+00:00,36.47,36.53,35.53,35.75,256800,9.1175,9.1325,8.8825,8.9375,1027200,0.0,1.0
IDXX,2003-03-26 00:00:00+00:00,35.78,37.0,35.56,36.59,140900,8.945,9.25,8.89,9.1475,563600,0.0,1.0
IDXX,2003-03-27 00:00:00+00:00,36.0,36.58,35.59,35.85,116400,9.0,9.145,8.8975,8.9625,465600,0.0,1.0
IDXX,2003-03-28 00:00:00+00:00,35.77,36.23,35.64,35.99,241200,8.9425,9.0575,8.91,8.9975,964800,0.0,1.0
IDXX,2003-03-31 00:00:00+00:00,34.97,35.21,34.35,35.2,504100,8.7425,8.8025,8.5875,8.8,2016400,0.0,1.0
IDXX,2003-04-01 00:00:00+00:00,34.55,35.7,34.25,35.21,426900,8.6375,8.925,8.5625,8.8025,1707600,0.0,1.0
IDXX,2003-04-02 00:00:00+00:00,33.42,34.95,32.13,34.65,582600,8.355,8.7375,8.0325,8.6625,2330400,0.0,1.0
IDXX,2003-04-03 00:00:00+00:00,33.54,33.87,33.25,33.41,400600,8.385,8.4675,8.3125,8.3525,1602400,0.0,1.0
IDXX,2003-04-04 00:00:00+00:00,33.71,34.28,33.5,33.63,173000,8.4275,8.57,8.375,8.4075,692000,0.0,1.0
IDXX,2003-04-07 00:00:00+00:00,34.41,35.35,34.1,34.2,436500,8.6025,8.8375,8.525,8.55,1746000,0.0,1.0
IDXX,2003-04-08 00:00:00+00:00,34.55,34.9,34.31,34.43,314000,8.6375,8.725,8.5775,8.6075,1256000,0.0,1.0
IDXX,2003-04-09 00:00:00+00:00,34.35,35.5,34.33,34.72,318100,8.5875,8.875,8.5825,8.68,1272400,0.0,1.0
IDXX,2003-04-10 00:00:00+00:00,33.78,34.35,33.66,34.35,201000,8.445,8.5875,8.415,8.5875,804000,0.0,1.0
IDXX,2003-04-11 00:00:00+00:00,33.36,34.15,33.26,33.78,195700,8.34,8.5375,8.315,8.445,782800,0.0,1.0
IDXX,2003-04-14 00:00:00+00:00,33.44,34.19,32.0,33.25,415500,8.36,8.5475,8.0,8.3125,1662000,0.0,1.0
IDXX,2003-04-15 00:00:00+00:00,33.4,33.6,32.66,33.31,562900,8.35,8.4,8.165,8.3275,2251600,0.0,1.0
IDXX,2003-04-16 00:00:00+00:00,33.16,33.699,32.7,33.67,374400,8.29,8.42475,8.175,8.4175,1497600,0.0,1.0
IDXX,2003-04-17 00:00:00+00:00,34.27,34.54,32.73,33.45,634500,8.5675,8.635,8.1825,8.3625,2538000,0.0,1.0
IDXX,2003-04-21 00:00:00+00:00,35.25,35.36,32.11,33.0,1313400,8.8125,8.84,8.0275,8.25,5253600,0.0,1.0
IDXX,2003-04-22 00:00:00+00:00,36.28,37.24,34.71,35.01,556000,9.07,9.31,8.6775,8.7525,2224000,0.0,1.0
IDXX,2003-04-23 00:00:00+00:00,36.13,36.6,35.11,36.43,279600,9.0325,9.15,8.7775,9.1075,1118400,0.0,1.0
IDXX,2003-04-24 00:00:00+00:00,36.33,36.33,35.37,36.0,294500,9.0825,9.0825,8.8425,9.0,1178000,0.0,1.0
IDXX,2003-04-25 00:00:00+00:00,36.19,36.34,35.83,36.34,143900,9.0475,9.085,8.9575,9.085,575600,0.0,1.0
IDXX,2003-04-28 00:00:00+00:00,36.18,36.32,35.71,36.1,274600,9.045,9.08,8.9275,9.025,1098400,0.0,1.0
IDXX,2003-04-29 00:00:00+00:00,37.43,37.44,36.0,36.0,309100,9.3575,9.36,9.0,9.0,1236400,0.0,1.0
IDXX,2003-04-30 00:00:00+00:00,39.0,39.03,37.46,37.54,739300,9.75,9.7575,9.365,9.385,2957200,0.0,1.0
IDXX,2003-05-01 00:00:00+00:00,37.49,39.1,37.44,39.0,595900,9.3725,9.775,9.36,9.75,2383600,0.0,1.0
IDXX,2003-05-02 00:00:00+00:00,38.27,38.65,37.52,37.7,391100,9.5675,9.6625,9.38,9.425,1564400,0.0,1.0
IDXX,2003-05-05 00:00:00+00:00,38.26,38.86,38.19,38.7,163500,9.565,9.715,9.5475,9.675,654000,0.0,1.0
IDXX,2003-05-06 00:00:00+00:00,38.81,38.83,38.27,38.54,193100,9.7025,9.7075,9.5675,9.635,772400,0.0,1.0
IDXX,2003-05-07 00:00:00+00:00,36.8,38.21,36.44,38.21,537100,9.2,9.5525,9.11,9.5525,2148400,0.0,1.0
IDXX,2003-05-08 00:00:00+00:00,36.9,37.98,36.5,36.789,234000,9.225,9.495,9.125,9.19725,936000,0.0,1.0
IDXX,2003-05-09 00:00:00+00:00,36.32,36.65,35.54,35.55,526700,9.08,9.1625,8.885,8.8875,2106800,0.0,1.0
IDXX,2003-05-12 00:00:00+00:00,35.5,36.39,34.43,36.2,901900,8.875,9.0975,8.6075,9.05,3607600,0.0,1.0
IDXX,2003-05-13 00:00:00+00:00,35.86,36.35,34.99,35.0,271500,8.965,9.0875,8.7475,8.75,1086000,0.0,1.0
IDXX,2003-05-14 00:00:00+00:00,36.35,36.57,35.82,36.09,241600,9.0875,9.1425,8.955,9.0225,966400,0.0,1.0
IDXX,2003-05-15 00:00:00+00:00,36.37,37.0,35.99,36.31,187200,9.0925,9.25,8.9975,9.0775,748800,0.0,1.0
IDXX,2003-05-16 00:00:00+00:00,35.75,36.59,35.75,36.31,162600,8.9375,9.1475,8.9375,9.0775,650400,0.0,1.0
IDXX,2003-05-19 00:00:00+00:00,34.99,36.09,34.99,35.55,241700,8.7475,9.0225,8.7475,8.8875,966800,0.0,1.0
IDXX,2003-05-20 00:00:00+00:00,35.0,35.39,34.81,35.39,193500,8.75,8.8475,8.7025,8.8475,774000,0.0,1.0
IDXX,2003-05-21 00:00:00+00:00,34.98,35.08,34.76,34.98,164900,8.745,8.77,8.69,8.745,659600,0.0,1.0
IDXX,2003-05-22 00:00:00+00:00,34.9,35.07,34.74,34.93,267200,8.725,8.7675,8.685,8.7325,1068800,0.0,1.0
IDXX,2003-05-23 00:00:00+00:00,34.8,35.17,34.8,35.0,290200,8.7,8.7925,8.7,8.75,1160800,0.0,1.0
IDXX,2003-05-27 00:00:00+00:00,34.24,34.72,31.87,31.96,1185300,8.56,8.68,7.9675,7.99,4741200,0.0,1.0
IDXX,2003-05-28 00:00:00+00:00,35.77,36.0,34.67,34.81,355500,8.9425,9.0,8.6675,8.7025,1422000,0.0,1.0
IDXX,2003-05-29 00:00:00+00:00,35.77,36.0,35.35,35.91,224400,8.9425,9.0,8.8375,8.9775,897600,0.0,1.0
IDXX,2003-05-30 00:00:00+00:00,35.64,36.1,35.47,35.9,251400,8.91,9.025,8.8675,8.975,1005600,0.0,1.0
IDXX,2003-06-02 00:00:00+00:00,35.51,36.17,35.2,35.89,165800,8.8775,9.0425,8.8,8.9725,663200,0.0,1.0
IDXX,2003-06-03 00:00:00+00:00,35.75,36.11,35.4,35.74,191300,8.9375,9.0275,8.85,8.935,765200,0.0,1.0
IDXX,2003-06-04 00:00:00+00:00,35.77,36.03,35.29,35.47,271500,8.9425,9.0075,8.8225,8.8675,1086000,0.0,1.0
IDXX,2003-06-05 00:00:00+00:00,36.67,36.89,35.55,35.7,299500,9.1675,9.2225,8.8875,8.925,1198000,0.0,1.0
IDXX,2003-06-06 00:00:00+00:00,36.14,37.33,36.13,36.979,248700,9.035,9.3325,9.0325,9.24475,994800,0.0,1.0
IDXX,2003-06-09 00:00:00+00:00,35.3,36.4,34.94,36.399,256600,8.825,9.1,8.735,9.09975,1026400,0.0,1.0
IDXX,2003-06-10 00:00:00+00:00,35.91,36.0,35.15,35.22,206100,8.9775,9.0,8.7875,8.805,824400,0.0,1.0
IDXX,2003-06-11 00:00:00+00:00,36.21,36.25,35.5,35.78,216500,9.0525,9.0625,8.875,8.945,866000,0.0,1.0
IDXX,2003-06-12 00:00:00+00:00,36.03,36.5,35.89,36.41,176700,9.0075,9.125,8.9725,9.1025,706800,0.0,1.0
IDXX,2003-06-13 00:00:00+00:00,36.0,36.49,35.78,36.2,157500,9.0,9.1225,8.945,9.05,630000,0.0,1.0
IDXX,2003-06-16 00:00:00+00:00,37.0,37.04,36.0,36.01,300800,9.25,9.26,9.0,9.0025,1203200,0.0,1.0
IDXX,2003-06-17 00:00:00+00:00,36.8,37.1,36.33,37.03,165300,9.2,9.275,9.0825,9.2575,661200,0.0,1.0
IDXX,2003-06-18 00:00:00+00:00,35.49,37.0,34.95,36.94,345700,8.8725,9.25,8.7375,9.235,1382800,0.0,1.0
IDXX,2003-06-19 00:00:00+00:00,34.94,35.74,34.38,35.1,446900,8.735,8.935,8.595,8.775,1787600,0.0,1.0
IDXX,2003-06-20 00:00:00+00:00,35.09,35.8,34.809,34.91,240900,8.7725,8.95,8.70225,8.7275,963600,0.0,1.0
IDXX,2003-06-23 00:00:00+00:00,34.739,35.43,34.43,35.0,307000,8.68475,8.8575,8.6075,8.75,1228000,0.0,1.0
IDXX,2003-06-24 00:00:00+00:00,34.33,35.28,34.32,34.499,303200,8.5825,8.82,8.58,8.62475,1212800,0.0,1.0
IDXX,2003-06-25 00:00:00+00:00,34.36,35.13,33.95,34.3,382600,8.59,8.7825,8.4875,8.575,1530400,0.0,1.0
IDXX,2003-06-26 00:00:00+00:00,34.85,35.08,34.18,34.64,207900,8.7125,8.77,8.545,8.66,831600,0.0,1.0
IDXX,2003-06-27 00:00:00+00:00,34.16,35.3,34.02,34.6,274500,8.54,8.825,8.505,8.65,1098000,0.0,1.0
IDXX,2003-06-30 00:00:00+00:00,33.33,34.29,33.11,34.1,951400,8.3325,8.5725,8.2775,8.525,3805600,0.0,1.0
IDXX,2003-07-01 00:00:00+00:00,34.89,34.9,33.4,33.4,575300,8.7225,8.725,8.35,8.35,2301200,0.0,1.0
IDXX,2003-07-02 00:00:00+00:00,35.39,35.61,34.601,34.88,339200,8.8475,8.9025,8.65025,8.72,1356800,0.0,1.0
IDXX,2003-07-03 00:00:00+00:00,35.0,35.6,34.88,35.47,126500,8.75,8.9,8.72,8.8675,506000,0.0,1.0
IDXX,2003-07-07 00:00:00+00:00,35.63,35.65,34.75,35.12,239000,8.9075,8.9125,8.6875,8.78,956000,0.0,1.0
IDXX,2003-07-08 00:00:00+00:00,36.89,36.89,35.3,35.66,267800,9.2225,9.2225,8.825,8.915,1071200,0.0,1.0
IDXX,2003-07-09 00:00:00+00:00,36.73,36.98,36.18,36.9,403500,9.1825,9.245,9.045,9.225,1614000,0.0,1.0
IDXX,2003-07-10 00:00:00+00:00,35.67,36.7,35.53,36.5,347700,8.9175,9.175,8.8825,9.125,1390800,0.0,1.0
IDXX,2003-07-11 00:00:00+00:00,36.15,36.27,35.53,35.53,255400,9.0375,9.0675,8.8825,8.8825,1021600,0.0,1.0
IDXX,2003-07-14 00:00:00+00:00,35.58,37.0,35.111,36.28,291800,8.895,9.25,8.77775,9.07,1167200,0.0,1.0
IDXX,2003-07-15 00:00:00+00:00,34.46,35.68,33.59,35.679,670400,8.615,8.92,8.3975,8.91975,2681600,0.0,1.0
IDXX,2003-07-16 00:00:00+00:00,34.23,35.0,34.2,34.45,153600,8.5575,8.75,8.55,8.6125,614400,0.0,1.0
IDXX,2003-07-17 00:00:00+00:00,34.35,35.21,34.14,34.15,219000,8.5875,8.8025,8.535,8.5375,876000,0.0,1.0
IDXX,2003-07-18 00:00:00+00:00,34.41,34.63,34.15,34.5,298700,8.6025,8.6575,8.5375,8.625,1194800,0.0,1.0
IDXX,2003-07-21 00:00:00+00:00,40.34,41.98,35.95,36.31,3055100,10.085,10.495,8.9875,9.0775,12220400,0.0,1.0
IDXX,2003-07-22 00:00:00+00:00,39.59,41.06,39.15,40.31,1084300,9.8975,10.265,9.7875,10.0775,4337200,0.0,1.0
IDXX,2003-07-23 00:00:00+00:00,39.65,39.94,39.05,39.86,297500,9.9125,9.985,9.7625,9.965,1190000,0.0,1.0
IDXX,2003-07-24 00:00:00+00:00,39.58,40.3,39.01,39.01,383100,9.895,10.075,9.7525,9.7525,1532400,0.0,1.0
IDXX,2003-07-25 00:00:00+00:00,39.5,40.2,39.231,39.91,277800,9.875,10.05,9.80775,9.9775,1111200,0.0,1.0
IDXX,2003-07-28 00:00:00+00:00,40.15,40.35,39.2,39.2,227400,10.0375,10.0875,9.8,9.8,909600,0.0,1.0
IDXX,2003-07-29 00:00:00+00:00,40.67,40.95,40.07,40.25,274200,10.1675,10.2375,10.0175,10.0625,1096800,0.0,1.0
IDXX,2003-07-30 00:00:00+00:00,40.24,40.76,39.901,40.39,237200,10.06,10.19,9.97525,10.0975,948800,0.0,1.0
IDXX,2003-07-31 00:00:00+00:00,40.47,41.04,40.02,40.65,248400,10.1175,10.26,10.005,10.1625,993600,0.0,1.0
IDXX,2003-08-01 00:00:00+00:00,40.0,40.88,39.95,40.69,244900,10.0,10.22,9.9875,10.1725,979600,0.0,1.0
IDXX,2003-08-04 00:00:00+00:00,39.51,40.38,39.1,39.89,251600,9.8775,10.095,9.775,9.9725,1006400,0.0,1.0
IDXX,2003-08-05 00:00:00+00:00,39.0,39.71,38.43,39.71,259500,9.75,9.9275,9.6075,9.9275,1038000,0.0,1.0
IDXX,2003-08-06 00:00:00+00:00,38.79,39.156,38.37,39.05,313300,9.6975,9.789,9.5925,9.7625,1253200,0.0,1.0
IDXX,2003-08-07 00:00:00+00:00,38.6,39.4,38.46,39.11,377800,9.65,9.85,9.615,9.7775,1511200,0.0,1.0
IDXX,2003-08-08 00:00:00+00:00,38.92,39.09,38.54,38.7,290400,9.73,9.7725,9.635,9.675,1161600,0.0,1.0
IDXX,2003-08-11 00:00:00+00:00,39.04,39.24,38.8,39.24,286800,9.76,9.81,9.7,9.81,1147200,0.0,1.0
IDXX,2003-08-12 00:00:00+00:00,39.01,39.249,38.8,39.249,176400,9.7525,9.81225,9.7,9.81225,705600,0.0,1.0
IDXX,2003-08-13 00:00:00+00:00,39.6,40.0,39.0,39.05,292400,9.9,10.0,9.75,9.7625,1169600,0.0,1.0
IDXX,2003-08-14 00:00:00+00:00,39.4,39.75,39.3,39.75,212800,9.85,9.9375,9.825,9.9375,851200,0.0,1.0
IDXX,2003-08-15 00:00:00+00:00,39.33,39.69,39.15,39.45,60300,9.8325,9.9225,9.7875,9.8625,241200,0.0,1.0
IDXX,2003-08-18 00:00:00+00:00,39.36,39.649,38.91,39.12,364100,9.84,9.91225,9.7275,9.78,1456400,0.0,1.0
IDXX,2003-08-19 00:00:00+00:00,41.42,41.56,39.56,39.6,536100,10.355,10.39,9.89,9.9,2144400,0.0,1.0
IDXX,2003-08-20 00:00:00+00:00,40.93,41.398,40.73,41.11,592500,10.2325,10.3495,10.1825,10.2775,2370000,0.0,1.0
IDXX,2003-08-21 00:00:00+00:00,42.9,43.46,40.91,40.92,610700,10.725,10.865,10.2275,10.23,2442800,0.0,1.0
IDXX,2003-08-22 00:00:00+00:00,41.3,43.05,41.22,43.05,268400,10.325,10.7625,10.305,10.7625,1073600,0.0,1.0
IDXX,2003-08-25 00:00:00+00:00,41.74,42.0,40.86,40.96,226000,10.435,10.5,10.215,10.24,904000,0.0,1.0
IDXX,2003-08-26 00:00:00+00:00,41.59,41.71,41.04,41.65,163300,10.3975,10.4275,10.26,10.4125,653200,0.0,1.0
IDXX,2003-08-27 00:00:00+00:00,41.67,42.25,41.5,41.5,86800,10.4175,10.5625,10.375,10.375,347200,0.0,1.0
IDXX,2003-08-28 00:00:00+00:00,41.62,41.868,41.44,41.75,228600,10.405,10.467,10.36,10.4375,914400,0.0,1.0
IDXX,2003-08-29 00:00:00+00:00,41.51,41.75,41.37,41.59,99000,10.3775,10.4375,10.3425,10.3975,396000,0.0,1.0
IDXX,2003-09-02 00:00:00+00:00,41.6,42.05,41.44,41.69,246300,10.4,10.5125,10.36,10.4225,985200,0.0,1.0
IDXX,2003-09-03 00:00:00+00:00,41.5,41.85,41.41,41.5,165300,10.375,10.4625,10.3525,10.375,661200,0.0,1.0
IDXX,2003-09-04 00:00:00+00:00,41.74,42.01,41.49,41.71,136600,10.435,10.5025,10.3725,10.4275,546400,0.0,1.0
IDXX,2003-09-05 00:00:00+00:00,41.6,41.78,41.41,41.41,207500,10.4,10.445,10.3525,10.3525,830000,0.0,1.0
IDXX,2003-09-08 00:00:00+00:00,42.6,42.62,41.47,41.51,147200,10.65,10.655,10.3675,10.3775,588800,0.0,1.0
IDXX,2003-09-09 00:00:00+00:00,42.35,42.84,42.15,42.41,331700,10.5875,10.71,10.5375,10.6025,1326800,0.0,1.0
IDXX,2003-09-10 00:00:00+00:00,42.89,43.84,42.2,42.2,375300,10.7225,10.96,10.55,10.55,1501200,0.0,1.0
IDXX,2003-09-11 00:00:00+00:00,43.48,43.5,42.77,43.07,300200,10.87,10.875,10.6925,10.7675,1200800,0.0,1.0
IDXX,2003-09-12 00:00:00+00:00,43.97,44.18,43.14,43.38,203000,10.9925,11.045,10.785,10.845,812000,0.0,1.0
IDXX,2003-09-15 00:00:00+00:00,44.661,44.99,43.941,44.05,303000,11.16525,11.2475,10.98525,11.0125,1212000,0.0,1.0
IDXX,2003-09-16 00:00:00+00:00,44.75,44.91,44.411,44.5,251400,11.1875,11.2275,11.10275,11.125,1005600,0.0,1.0
IDXX,2003-09-17 00:00:00+00:00,44.84,45.002,44.68,44.74,264400,11.21,11.2505,11.17,11.185,1057600,0.0,1.0
IDXX,2003-09-18 00:00:00+00:00,45.19,45.37,44.56,44.76,265900,11.2975,11.3425,11.14,11.19,1063600,0.0,1.0
IDXX,2003-09-19 00:00:00+00:00,45.24,45.38,44.45,44.93,372200,11.31,11.345,11.1125,11.2325,1488800,0.0,1.0
IDXX,2003-09-22 00:00:00+00:00,44.89,45.24,44.27,45.07,167800,11.2225,11.31,11.0675,11.2675,671200,0.0,1.0
IDXX,2003-09-23 00:00:00+00:00,45.62,45.62,44.33,44.39,130200,11.405,11.405,11.0825,11.0975,520800,0.0,1.0
IDXX,2003-09-24 00:00:00+00:00,44.97,45.71,44.78,45.71,132300,11.2425,11.4275,11.195,11.4275,529200,0.0,1.0
IDXX,2003-09-25 00:00:00+00:00,43.81,45.17,43.62,45.05,224600,10.9525,11.2925,10.905,11.2625,898400,0.0,1.0
IDXX,2003-09-26 00:00:00+00:00,43.04,44.09,42.99,43.73,520200,10.76,11.0225,10.7475,10.9325,2080800,0.0,1.0
IDXX,2003-09-29 00:00:00+00:00,42.81,43.16,42.55,42.88,335500,10.7025,10.79,10.6375,10.72,1342000,0.0,1.0
IDXX,2003-09-30 00:00:00+00:00,42.55,43.14,42.41,42.7,426800,10.6375,10.785,10.6025,10.675,1707200,0.0,1.0
IDXX,2003-10-01 00:00:00+00:00,43.11,43.8,42.59,42.6,422500,10.7775,10.95,10.6475,10.65,1690000,0.0,1.0
IDXX,2003-10-02 00:00:00+00:00,43.12,43.24,42.93,43.04,570600,10.78,10.81,10.7325,10.76,2282400,0.0,1.0
IDXX,2003-10-03 00:00:00+00:00,43.33,43.94,43.03,43.03,197200,10.8325,10.985,10.7575,10.7575,788800,0.0,1.0
IDXX,2003-10-06 00:00:00+00:00,44.71,44.75,43.21,43.5,296000,11.1775,11.1875,10.8025,10.875,1184000,0.0,1.0
IDXX,2003-10-07 00:00:00+00:00,44.6,45.23,44.5,44.78,228700,11.15,11.3075,11.125,11.195,914800,0.0,1.0
IDXX,2003-10-08 00:00:00+00:00,44.27,44.87,43.952,44.87,96000,11.0675,11.2175,10.988,11.2175,384000,0.0,1.0
IDXX,2003-10-09 00:00:00+00:00,44.82,45.22,44.35,44.41,107000,11.205,11.305,11.0875,11.1025,428000,0.0,1.0
IDXX,2003-10-10 00:00:00+00:00,43.44,44.959,43.26,44.6,199700,10.86,11.23975,10.815,11.15,798800,0.0,1.0
IDXX,2003-10-13 00:00:00+00:00,43.69,43.95,43.3,43.83,141600,10.9225,10.9875,10.825,10.9575,566400,0.0,1.0
IDXX,2003-10-14 00:00:00+00:00,43.96,44.18,43.5,43.89,138300,10.99,11.045,10.875,10.9725,553200,0.0,1.0
IDXX,2003-10-15 00:00:00+00:00,43.93,44.16,43.85,43.891,90300,10.9825,11.04,10.9625,10.97275,361200,0.0,1.0
IDXX,2003-10-16 00:00:00+00:00,44.35,44.39,43.89,44.12,104000,11.0875,11.0975,10.9725,11.03,416000,0.0,1.0
IDXX,2003-10-17 00:00:00+00:00,43.65,44.5,43.42,44.4,96400,10.9125,11.125,10.855,11.1,385600,0.0,1.0
IDXX,2003-10-20 00:00:00+00:00,46.04,46.6,43.23,43.72,1108100,11.51,11.65,10.8075,10.93,4432400,0.0,1.0
IDXX,2003-10-21 00:00:00+00:00,46.07,46.68,44.98,46.5,450700,11.5175,11.67,11.245,11.625,1802800,0.0,1.0
IDXX,2003-10-22 00:00:00+00:00,46.04,46.41,45.55,45.55,461300,11.51,11.6025,11.3875,11.3875,1845200,0.0,1.0
IDXX,2003-10-23 00:00:00+00:00,46.3,46.3,45.61,45.65,394400,11.575,11.575,11.4025,11.4125,1577600,0.0,1.0
IDXX,2003-10-24 00:00:00+00:00,47.11,47.25,45.85,46.2,299900,11.7775,11.8125,11.4625,11.55,1199600,0.0,1.0
IDXX,2003-10-27 00:00:00+00:00,47.55,47.96,47.029,47.04,496000,11.8875,11.99,11.75725,11.76,1984000,0.0,1.0
IDXX,2003-10-28 00:00:00+00:00,47.46,47.75,46.8,47.75,214600,11.865,11.9375,11.7,11.9375,858400,0.0,1.0
IDXX,2003-10-29 00:00:00+00:00,47.68,48.24,46.95,47.41,175000,11.92,12.06,11.7375,11.8525,700000,0.0,1.0
IDXX,2003-10-30 00:00:00+00:00,47.73,48.68,47.46,48.43,178600,11.9325,12.17,11.865,12.1075,714400,0.0,1.0
IDXX,2003-10-31 00:00:00+00:00,47.41,47.61,46.63,47.46,155900,11.8525,11.9025,11.6575,11.865,623600,0.0,1.0
IDXX,2003-11-03 00:00:00+00:00,47.97,47.97,47.25,47.55,353900,11.9925,11.9925,11.8125,11.8875,1415600,0.0,1.0
IDXX,2003-11-04 00:00:00+00:00,47.4,48.05,47.26,47.89,208000,11.85,12.0125,11.815,11.9725,832000,0.0,1.0
IDXX,2003-11-05 00:00:00+00:00,47.97,48.07,47.3,47.33,157500,11.9925,12.0175,11.825,11.8325,630000,0.0,1.0
IDXX,2003-11-06 00:00:00+00:00,48.329,48.379,47.53,48.05,153300,12.08225,12.09475,11.8825,12.0125,613200,0.0,1.0
IDXX,2003-11-07 00:00:00+00:00,48.55,49.12,48.09,48.43,152200,12.1375,12.28,12.0225,12.1075,608800,0.0,1.0
IDXX,2003-11-10 00:00:00+00:00,48.0,49.25,47.25,48.77,409300,12.0,12.3125,11.8125,12.1925,1637200,0.0,1.0
IDXX,2003-11-11 00:00:00+00:00,47.3,47.99,46.78,47.99,171600,11.825,11.9975,11.695,11.9975,686400,0.0,1.0
IDXX,2003-11-12 00:00:00+00:00,47.99,48.0,47.11,47.5,195800,11.9975,12.0,11.7775,11.875,783200,0.0,1.0
IDXX,2003-11-13 00:00:00+00:00,47.8,48.06,47.53,48.06,112100,11.95,12.015,11.8825,12.015,448400,0.0,1.0
IDXX,2003-11-14 00:00:00+00:00,47.75,48.07,47.651,47.8,143100,11.9375,12.0175,11.91275,11.95,572400,0.0,1.0
IDXX,2003-11-17 00:00:00+00:00,47.749,48.01,47.64,47.95,172500,11.93725,12.0025,11.91,11.9875,690000,0.0,1.0
IDXX,2003-11-18 00:00:00+00:00,47.03,48.2,46.98,47.521,134600,11.7575,12.05,11.745,11.88025,538400,0.0,1.0
IDXX,2003-11-19 00:00:00+00:00,46.89,47.51,46.87,47.36,259800,11.7225,11.8775,11.7175,11.84,1039200,0.0,1.0
IDXX,2003-11-20 00:00:00+00:00,47.7,47.7,46.591,46.8,193600,11.925,11.925,11.64775,11.7,774400,0.0,1.0
IDXX,2003-11-21 00:00:00+00:00,48.44,48.44,47.08,48.07,627100,12.11,12.11,11.77,12.0175,2508400,0.0,1.0
IDXX,2003-11-24 00:00:00+00:00,47.49,49.01,47.15,48.7,278800,11.8725,12.2525,11.7875,12.175,1115200,0.0,1.0
IDXX,2003-11-25 00:00:00+00:00,47.42,48.0,47.35,47.96,192800,11.855,12.0,11.8375,11.99,771200,0.0,1.0
IDXX,2003-11-26 00:00:00+00:00,47.28,47.72,47.2,47.46,114400,11.82,11.93,11.8,11.865,457600,0.0,1.0
IDXX,2003-11-28 00:00:00+00:00,47.35,47.55,47.18,47.18,177700,11.8375,11.8875,11.795,11.795,710800,0.0,1.0
IDXX,2003-12-01 00:00:00+00:00,47.4,47.87,47.22,47.66,265800,11.85,11.9675,11.805,11.915,1063200,0.0,1.0
IDXX,2003-12-02 00:00:00+00:00,47.0,47.9,46.76,47.43,212400,11.75,11.975,11.69,11.8575,849600,0.0,1.0
IDXX,2003-12-03 00:00:00+00:00,46.4,47.24,46.4,47.13,279400,11.6,11.81,11.6,11.7825,1117600,0.0,1.0
IDXX,2003-12-04 00:00:00+00:00,46.631,47.26,46.34,46.55,232700,11.65775,11.815,11.585,11.6375,930800,0.0,1.0
IDXX,2003-12-05 00:00:00+00:00,46.75,47.37,46.4,46.49,137500,11.6875,11.8425,11.6,11.6225,550000,0.0,1.0
IDXX,2003-12-08 00:00:00+00:00,46.2,47.2,46.12,46.4,192000,11.55,11.8,11.53,11.6,768000,0.0,1.0
IDXX,2003-12-09 00:00:00+00:00,46.0,46.65,45.5,46.15,235800,11.5,11.6625,11.375,11.5375,943200,0.0,1.0
IDXX,2003-12-10 00:00:00+00:00,45.61,46.1,45.61,46.04,159500,11.4025,11.525,11.4025,11.51,638000,0.0,1.0
IDXX,2003-12-11 00:00:00+00:00,45.47,46.0,45.25,45.6,310800,11.3675,11.5,11.3125,11.4,1243200,0.0,1.0
IDXX,2003-12-12 00:00:00+00:00,46.04,46.31,45.59,45.6,200800,11.51,11.5775,11.3975,11.4,803200,0.0,1.0
IDXX,2003-12-15 00:00:00+00:00,46.6,47.02,46.17,46.19,258800,11.65,11.755,11.5425,11.5475,1035200,0.0,1.0
IDXX,2003-12-16 00:00:00+00:00,44.89,46.56,44.53,46.42,314600,11.2225,11.64,11.1325,11.605,1258400,0.0,1.0
IDXX,2003-12-17 00:00:00+00:00,45.77,45.77,44.11,44.97,167700,11.4425,11.4425,11.0275,11.2425,670800,0.0,1.0
IDXX,2003-12-18 00:00:00+00:00,45.25,45.95,45.0,45.63,210700,11.3125,11.4875,11.25,11.4075,842800,0.0,1.0
IDXX,2003-12-19 00:00:00+00:00,45.2,45.3,44.82,45.1,212200,11.3,11.325,11.205,11.275,848800,0.0,1.0
IDXX,2003-12-22 00:00:00+00:00,46.02,46.25,45.18,45.18,161100,11.505,11.5625,11.295,11.295,644400,0.0,1.0
IDXX,2003-12-23 00:00:00+00:00,46.23,46.25,45.58,46.2,112200,11.5575,11.5625,11.395,11.55,448800,0.0,1.0
IDXX,2003-12-24 00:00:00+00:00,46.8,46.906,46.11,46.24,86000,11.7,11.7265,11.5275,11.56,344000,0.0,1.0
IDXX,2003-12-26 00:00:00+00:00,46.52,47.08,46.48,46.5,77000,11.63,11.77,11.62,11.625,308000,0.0,1.0
IDXX,2003-12-29 00:00:00+00:00,48.4,48.4,47.38,47.6,243700,12.1,12.1,11.845,11.9,974800,0.0,1.0
IDXX,2003-12-30 00:00:00+00:00,47.31,48.44,46.81,48.44,239300,11.8275,12.11,11.7025,12.11,957200,0.0,1.0
IDXX,2003-12-31 00:00:00+00:00,46.28,47.4,46.25,47.4,208900,11.57,11.85,11.5625,11.85,835600,0.0,1.0
IDXX,2004-01-02 00:00:00+00:00,46.98,47.09,46.25,46.55,113800,11.745,11.7725,11.5625,11.6375,455200,0.0,1.0
IDXX,2004-01-05 00:00:00+00:00,46.75,47.35,46.65,47.25,154200,11.6875,11.8375,11.6625,11.8125,616800,0.0,1.0
IDXX,2004-01-06 00:00:00+00:00,46.79,47.35,46.58,46.66,346600,11.6975,11.8375,11.645,11.665,1386400,0.0,1.0
IDXX,2004-01-07 00:00:00+00:00,46.9,47.15,46.66,46.9,149600,11.725,11.7875,11.665,11.725,598400,0.0,1.0
IDXX,2004-01-08 00:00:00+00:00,47.0,47.1,46.54,46.58,135000,11.75,11.775,11.635,11.645,540000,0.0,1.0
IDXX,2004-01-09 00:00:00+00:00,46.82,47.08,46.51,46.51,94000,11.705,11.77,11.6275,11.6275,376000,0.0,1.0
IDXX,2004-01-12 00:00:00+00:00,45.76,47.0,45.3,46.55,528400,11.44,11.75,11.325,11.6375,2113600,0.0,1.0
IDXX,2004-01-13 00:00:00+00:00,46.9,46.9,45.38,45.5,292400,11.725,11.725,11.345,11.375,1169600,0.0,1.0
IDXX,2004-01-14 00:00:00+00:00,46.75,46.82,46.24,46.34,150200,11.6875,11.705,11.56,11.585,600800,0.0,1.0
IDXX,2004-01-15 00:00:00+00:00,46.75,46.75,46.12,46.5,140700,11.6875,11.6875,11.53,11.625,562800,0.0,1.0
IDXX,2004-01-16 00:00:00+00:00,46.49,46.76,46.41,46.75,171300,11.6225,11.69,11.6025,11.6875,685200,0.0,1.0
IDXX,2004-01-20 00:00:00+00:00,46.75,46.77,46.21,46.21,163400,11.6875,11.6925,11.5525,11.5525,653600,0.0,1.0
IDXX,2004-01-21 00:00:00+00:00,46.8,46.9,46.57,46.59,111500,11.7,11.725,11.6425,11.6475,446000,0.0,1.0
IDXX,2004-01-22 00:00:00+00:00,46.81,47.49,46.5,46.88,108500,11.7025,11.8725,11.625,11.72,434000,0.0,1.0
IDXX,2004-01-23 00:00:00+00:00,47.8,47.8,46.7,46.7,108100,11.95,11.95,11.675,11.675,432400,0.0,1.0
IDXX,2004-01-26 00:00:00+00:00,50.0,50.97,47.75,48.02,354300,12.5,12.7425,11.9375,12.005,1417200,0.0,1.0
IDXX,2004-01-27 00:00:00+00:00,49.51,50.09,49.4,49.51,242400,12.3775,12.5225,12.35,12.3775,969600,0.0,1.0
IDXX,2004-01-28 00:00:00+00:00,49.01,49.64,48.86,49.44,152500,12.2525,12.41,12.215,12.36,610000,0.0,1.0
IDXX,2004-01-29 00:00:00+00:00,49.05,49.33,48.55,48.8,181700,12.2625,12.3325,12.1375,12.2,726800,0.0,1.0
IDXX,2004-01-30 00:00:00+00:00,48.98,49.26,48.52,48.75,179700,12.245,12.315,12.13,12.1875,718800,0.0,1.0
IDXX,2004-02-02 00:00:00+00:00,49.6,50.5,48.79,49.17,563800,12.4,12.625,12.1975,12.2925,2255200,0.0,1.0
IDXX,2004-02-03 00:00:00+00:00,50.1,50.37,49.09,49.48,290900,12.525,12.5925,12.2725,12.37,1163600,0.0,1.0
IDXX,2004-02-04 00:00:00+00:00,50.36,51.1,49.5,49.51,330100,12.59,12.775,12.375,12.3775,1320400,0.0,1.0
IDXX,2004-02-05 00:00:00+00:00,50.9,50.98,50.18,50.35,151800,12.725,12.745,12.545,12.5875,607200,0.0,1.0
IDXX,2004-02-06 00:00:00+00:00,51.93,51.95,50.55,50.56,179100,12.9825,12.9875,12.6375,12.64,716400,0.0,1.0
IDXX,2004-02-09 00:00:00+00:00,51.1,51.89,50.8,51.19,203000,12.775,12.9725,12.7,12.7975,812000,0.0,1.0
IDXX,2004-02-10 00:00:00+00:00,52.16,52.36,50.65,50.91,221200,13.04,13.09,12.6625,12.7275,884800,0.0,1.0
IDXX,2004-02-11 00:00:00+00:00,53.0,53.0,51.71,51.77,187100,13.25,13.25,12.9275,12.9425,748400,0.0,1.0
IDXX,2004-02-12 00:00:00+00:00,52.38,53.0,51.669,51.75,196100,13.095,13.25,12.91725,12.9375,784400,0.0,1.0
IDXX,2004-02-13 00:00:00+00:00,50.66,52.77,50.65,52.77,129100,12.665,13.1925,12.6625,13.1925,516400,0.0,1.0
IDXX,2004-02-17 00:00:00+00:00,50.83,51.39,50.33,51.39,121600,12.7075,12.8475,12.5825,12.8475,486400,0.0,1.0
IDXX,2004-02-18 00:00:00+00:00,51.91,52.3,50.96,51.39,244200,12.9775,13.075,12.74,12.8475,976800,0.0,1.0
IDXX,2004-02-19 00:00:00+00:00,50.54,51.689,50.51,51.3,132100,12.635,12.92225,12.6275,12.825,528400,0.0,1.0
IDXX,2004-02-20 00:00:00+00:00,50.26,51.0,50.21,50.55,137400,12.565,12.75,12.5525,12.6375,549600,0.0,1.0
IDXX,2004-02-23 00:00:00+00:00,50.04,50.69,49.79,49.96,157700,12.51,12.6725,12.4475,12.49,630800,0.0,1.0
IDXX,2004-02-24 00:00:00+00:00,49.44,49.88,48.2,49.83,300600,12.36,12.47,12.05,12.4575,1202400,0.0,1.0
IDXX,2004-02-25 00:00:00+00:00,50.25,50.41,49.35,49.35,112100,12.5625,12.6025,12.3375,12.3375,448400,0.0,1.0
IDXX,2004-02-26 00:00:00+00:00,51.11,51.379,50.2,50.45,112400,12.7775,12.84475,12.55,12.6125,449600,0.0,1.0
IDXX,2004-02-27 00:00:00+00:00,51.07,51.07,50.551,50.65,268000,12.7675,12.7675,12.63775,12.6625,1072000,0.0,1.0
IDXX,2004-03-01 00:00:00+00:00,52.12,53.19,50.65,51.01,414800,13.03,13.2975,12.6625,12.7525,1659200,0.0,1.0
IDXX,2004-03-02 00:00:00+00:00,50.94,52.51,50.91,51.8,163900,12.735,13.1275,12.7275,12.95,655600,0.0,1.0
IDXX,2004-03-03 00:00:00+00:00,51.03,51.258,50.551,50.861,138400,12.7575,12.8145,12.63775,12.71525,553600,0.0,1.0
IDXX,2004-03-04 00:00:00+00:00,51.1,51.14,50.51,50.92,109200,12.775,12.785,12.6275,12.73,436800,0.0,1.0
IDXX,2004-03-05 00:00:00+00:00,50.27,51.09,49.75,51.09,308000,12.5675,12.7725,12.4375,12.7725,1232000,0.0,1.0
IDXX,2004-03-08 00:00:00+00:00,49.8,50.45,49.51,49.96,120000,12.45,12.6125,12.3775,12.49,480000,0.0,1.0
IDXX,2004-03-09 00:00:00+00:00,51.01,51.25,49.81,50.0,137200,12.7525,12.8125,12.4525,12.5,548800,0.0,1.0
IDXX,2004-03-10 00:00:00+00:00,49.7,50.99,49.3,50.99,98200,12.425,12.7475,12.325,12.7475,392800,0.0,1.0
IDXX,2004-03-11 00:00:00+00:00,49.27,49.79,48.87,49.45,91800,12.3175,12.4475,12.2175,12.3625,367200,0.0,1.0
IDXX,2004-03-12 00:00:00+00:00,54.51,54.62,51.81,52.99,685500,13.6275,13.655,12.9525,13.2475,2742000,0.0,1.0
IDXX,2004-03-15 00:00:00+00:00,56.02,56.14,53.75,53.91,655100,14.005,14.035,13.4375,13.4775,2620400,0.0,1.0
IDXX,2004-03-16 00:00:00+00:00,56.1,56.24,54.86,55.99,564800,14.025,14.06,13.715,13.9975,2259200,0.0,1.0
IDXX,2004-03-17 00:00:00+00:00,55.77,56.45,55.49,55.85,677000,13.9425,14.1125,13.8725,13.9625,2708000,0.0,1.0
IDXX,2004-03-18 00:00:00+00:00,54.99,55.8,53.97,55.78,236000,13.7475,13.95,13.4925,13.945,944000,0.0,1.0
IDXX,2004-03-19 00:00:00+00:00,54.76,55.81,54.75,55.74,222200,13.69,13.9525,13.6875,13.935,888800,0.0,1.0
IDXX,2004-03-22 00:00:00+00:00,54.22,55.34,53.7,54.55,200500,13.555,13.835,13.425,13.6375,802000,0.0,1.0
IDXX,2004-03-23 00:00:00+00:00,54.22,55.03,54.06,54.69,116600,13.555,13.7575,13.515,13.6725,466400,0.0,1.0
IDXX,2004-03-24 00:00:00+00:00,54.55,54.8,53.77,54.4,170800,13.6375,13.7,13.4425,13.6,683200,0.0,1.0
IDXX,2004-03-25 00:00:00+00:00,55.98,57.0,55.13,55.48,385500,13.995,14.25,13.7825,13.87,1542000,0.0,1.0
IDXX,2004-03-26 00:00:00+00:00,54.98,56.72,54.47,56.07,614400,13.745,14.18,13.6175,14.0175,2457600,0.0,1.0
IDXX,2004-03-29 00:00:00+00:00,55.35,55.98,54.7,54.7,305800,13.8375,13.995,13.675,13.675,1223200,0.0,1.0
IDXX,2004-03-30 00:00:00+00:00,55.98,56.73,54.88,54.88,159700,13.995,14.1825,13.72,13.72,638800,0.0,1.0
IDXX,2004-03-31 00:00:00+00:00,56.87,57.57,55.82,56.38,338700,14.2175,14.3925,13.955,14.095,1354800,0.0,1.0
IDXX,2004-04-01 00:00:00+00:00,57.77,58.5,56.75,56.75,260900,14.4425,14.625,14.1875,14.1875,1043600,0.0,1.0
IDXX,2004-04-02 00:00:00+00:00,59.55,59.66,58.46,58.499,240100,14.8875,14.915,14.615,14.62475,960400,0.0,1.0
IDXX,2004-04-05 00:00:00+00:00,59.35,59.94,58.63,59.5,166900,14.8375,14.985,14.6575,14.875,667600,0.0,1.0
IDXX,2004-04-06 00:00:00+00:00,59.22,59.84,58.68,58.99,147500,14.805,14.96,14.67,14.7475,590000,0.0,1.0
IDXX,2004-04-07 00:00:00+00:00,58.97,59.45,58.61,58.97,187300,14.7425,14.8625,14.6525,14.7425,749200,0.0,1.0
IDXX,2004-04-08 00:00:00+00:00,59.84,59.97,58.87,58.87,259100,14.96,14.9925,14.7175,14.7175,1036400,0.0,1.0
IDXX,2004-04-12 00:00:00+00:00,60.24,60.95,59.39,59.87,261200,15.06,15.2375,14.8475,14.9675,1044800,0.0,1.0
IDXX,2004-04-13 00:00:00+00:00,58.11,60.71,58.0,59.95,250600,14.5275,15.1775,14.5,14.9875,1002400,0.0,1.0
IDXX,2004-04-14 00:00:00+00:00,58.37,58.9,57.52,57.71,395600,14.5925,14.725,14.38,14.4275,1582400,0.0,1.0
IDXX,2004-04-15 00:00:00+00:00,59.24,59.39,58.09,58.385,215300,14.81,14.8475,14.5225,14.59625,861200,0.0,1.0
IDXX,2004-04-16 00:00:00+00:00,61.71,61.89,59.29,59.4,405500,15.4275,15.4725,14.8225,14.85,1622000,0.0,1.0
IDXX,2004-04-19 00:00:00+00:00,63.1,63.43,61.0,61.6,756300,15.775,15.8575,15.25,15.4,3025200,0.0,1.0
IDXX,2004-04-20 00:00:00+00:00,62.4,63.49,61.4,63.25,474500,15.6,15.8725,15.35,15.8125,1898000,0.0,1.0
IDXX,2004-04-21 00:00:00+00:00,62.06,63.61,61.59,61.78,538900,15.515,15.9025,15.3975,15.445,2155600,0.0,1.0
IDXX,2004-04-22 00:00:00+00:00,62.0,62.64,61.45,62.19,291600,15.5,15.66,15.3625,15.5475,1166400,0.0,1.0
IDXX,2004-04-23 00:00:00+00:00,61.3,62.26,60.5,62.18,171500,15.325,15.565,15.125,15.545,686000,0.0,1.0
IDXX,2004-04-26 00:00:00+00:00,61.34,62.13,60.2,60.9,211000,15.335,15.5325,15.05,15.225,844000,0.0,1.0
IDXX,2004-04-27 00:00:00+00:00,61.74,61.97,60.58,61.32,209500,15.435,15.4925,15.145,15.33,838000,0.0,1.0
IDXX,2004-04-28 00:00:00+00:00,60.61,62.55,60.52,61.65,319900,15.1525,15.6375,15.13,15.4125,1279600,0.0,1.0
IDXX,2004-04-29 00:00:00+00:00,61.4,61.7,60.55,60.61,223800,15.35,15.425,15.1375,15.1525,895200,0.0,1.0
IDXX,2004-04-30 00:00:00+00:00,61.26,61.85,59.45,61.4,451500,15.315,15.4625,14.8625,15.35,1806000,0.0,1.0
IDXX,2004-05-03 00:00:00+00:00,62.23,62.51,60.45,60.59,354300,15.5575,15.6275,15.1125,15.1475,1417200,0.0,1.0
IDXX,2004-05-04 00:00:00+00:00,62.58,63.0,61.87,62.27,235300,15.645,15.75,15.4675,15.5675,941200,0.0,1.0
IDXX,2004-05-05 00:00:00+00:00,63.14,63.66,62.0,62.95,178700,15.785,15.915,15.5,15.7375,714800,0.0,1.0
IDXX,2004-05-06 00:00:00+00:00,62.15,63.15,61.51,63.05,160300,15.5375,15.7875,15.3775,15.7625,641200,0.0,1.0
IDXX,2004-05-07 00:00:00+00:00,60.73,62.29,60.7,62.29,271600,15.1825,15.5725,15.175,15.5725,1086400,0.0,1.0
IDXX,2004-05-10 00:00:00+00:00,59.61,60.35,58.85,59.9,276600,14.9025,15.0875,14.7125,14.975,1106400,0.0,1.0
IDXX,2004-05-11 00:00:00+00:00,60.25,61.0,59.88,60.0,195100,15.0625,15.25,14.97,15.0,780400,0.0,1.0
IDXX,2004-05-12 00:00:00+00:00,61.05,61.15,58.81,60.65,257700,15.2625,15.2875,14.7025,15.1625,1030800,0.0,1.0
IDXX,2004-05-13 00:00:00+00:00,61.9,62.29,60.58,60.581,272500,15.475,15.5725,15.145,15.14525,1090000,0.0,1.0
IDXX,2004-05-14 00:00:00+00:00,61.88,62.68,61.22,61.51,182700,15.47,15.67,15.305,15.3775,730800,0.0,1.0
IDXX,2004-05-17 00:00:00+00:00,61.56,62.0,60.6,61.81,162000,15.39,15.5,15.15,15.4525,648000,0.0,1.0
IDXX,2004-05-18 00:00:00+00:00,61.69,62.47,61.0,61.535,162500,15.4225,15.6175,15.25,15.38375,650000,0.0,1.0
IDXX,2004-05-19 00:00:00+00:00,60.99,62.33,60.75,61.35,291800,15.2475,15.5825,15.1875,15.3375,1167200,0.0,1.0
IDXX,2004-05-20 00:00:00+00:00,60.86,61.71,60.81,61.14,119900,15.215,15.4275,15.2025,15.285,479600,0.0,1.0
IDXX,2004-05-21 00:00:00+00:00,61.69,61.87,60.61,60.81,258400,15.4225,15.4675,15.1525,15.2025,1033600,0.0,1.0
IDXX,2004-05-24 00:00:00+00:00,59.62,61.9,59.54,61.12,336000,14.905,15.475,14.885,15.28,1344000,0.0,1.0
IDXX,2004-05-25 00:00:00+00:00,62.17,62.17,59.65,60.07,387500,15.5425,15.5425,14.9125,15.0175,1550000,0.0,1.0
IDXX,2004-05-26 00:00:00+00:00,65.72,65.97,62.31,62.31,846700,16.43,16.4925,15.5775,15.5775,3386800,0.0,1.0
IDXX,2004-05-27 00:00:00+00:00,66.53,67.89,64.98,66.3,681900,16.6325,16.9725,16.245,16.575,2727600,0.0,1.0
IDXX,2004-05-28 00:00:00+00:00,65.74,66.79,65.66,66.2,358800,16.435,16.6975,16.415,16.55,1435200,0.0,1.0
IDXX,2004-06-01 00:00:00+00:00,67.13,67.76,65.6,65.68,515900,16.7825,16.94,16.4,16.42,2063600,0.0,1.0
IDXX,2004-06-02 00:00:00+00:00,67.62,68.82,66.55,67.0,467900,16.905,17.205,16.6375,16.75,1871600,0.0,1.0
IDXX,2004-06-03 00:00:00+00:00,67.07,68.45,66.62,67.611,543500,16.7675,17.1125,16.655,16.90275,2174000,0.0,1.0
IDXX,2004-06-04 00:00:00+00:00,66.49,67.49,66.24,67.49,331400,16.6225,16.8725,16.56,16.8725,1325600,0.0,1.0
IDXX,2004-06-07 00:00:00+00:00,66.76,67.22,65.78,66.88,228300,16.69,16.805,16.445,16.72,913200,0.0,1.0
IDXX,2004-06-08 00:00:00+00:00,66.48,66.99,65.95,66.79,310600,16.62,16.7475,16.4875,16.6975,1242400,0.0,1.0
IDXX,2004-06-09 00:00:00+00:00,65.53,66.89,65.2,66.44,264300,16.3825,16.7225,16.3,16.61,1057200,0.0,1.0
IDXX,2004-06-10 00:00:00+00:00,65.33,65.75,64.5,65.37,310500,16.3325,16.4375,16.125,16.3425,1242000,0.0,1.0
IDXX,2004-06-14 00:00:00+00:00,64.95,65.95,64.5,65.43,184700,16.2375,16.4875,16.125,16.3575,738800,0.0,1.0
IDXX,2004-06-15 00:00:00+00:00,64.63,65.78,64.6,65.07,178700,16.1575,16.445,16.15,16.2675,714800,0.0,1.0
IDXX,2004-06-16 00:00:00+00:00,65.42,65.68,63.21,63.76,361700,16.355,16.42,15.8025,15.94,1446800,0.0,1.0
IDXX,2004-06-17 00:00:00+00:00,63.66,65.47,63.62,65.47,300900,15.915,16.3675,15.905,16.3675,1203600,0.0,1.0
IDXX,2004-06-18 00:00:00+00:00,63.16,64.26,62.49,62.93,320500,15.79,16.065,15.6225,15.7325,1282000,0.0,1.0
IDXX,2004-06-21 00:00:00+00:00,63.2,64.06,63.0,63.22,227400,15.8,16.015,15.75,15.805,909600,0.0,1.0
IDXX,2004-06-22 00:00:00+00:00,62.65,63.59,62.02,63.01,337000,15.6625,15.8975,15.505,15.7525,1348000,0.0,1.0
IDXX,2004-06-23 00:00:00+00:00,62.76,62.86,60.7,62.86,433800,15.69,15.715,15.175,15.715,1735200,0.0,1.0
IDXX,2004-06-24 00:00:00+00:00,61.62,63.29,61.4,62.89,241600,15.405,15.8225,15.35,15.7225,966400,0.0,1.0
IDXX,2004-06-25 00:00:00+00:00,62.15,62.15,61.15,61.8,250700,15.5375,15.5375,15.2875,15.45,1002800,0.0,1.0
IDXX,2004-06-28 00:00:00+00:00,61.67,62.29,61.5,61.95,203700,15.4175,15.5725,15.375,15.4875,814800,0.0,1.0
IDXX,2004-06-29 00:00:00+00:00,62.8,63.26,61.66,61.66,253600,15.7,15.815,15.415,15.415,1014400,0.0,1.0
IDXX,2004-06-30 00:00:00+00:00,62.94,63.59,62.36,62.9,193000,15.735,15.8975,15.59,15.725,772000,0.0,1.0
IDXX,2004-07-01 00:00:00+00:00,63.58,64.44,63.39,64.1,218200,15.895,16.11,15.8475,16.025,872800,0.0,1.0
IDXX,2004-07-02 00:00:00+00:00,62.79,64.5,62.73,63.99,151300,15.6975,16.125,15.6825,15.9975,605200,0.0,1.0
IDXX,2004-07-06 00:00:00+00:00,61.52,63.5,61.3,63.45,246000,15.38,15.875,15.325,15.8625,984000,0.0,1.0
IDXX,2004-07-07 00:00:00+00:00,59.67,62.1,59.5,62.1,683700,14.9175,15.525,14.875,15.525,2734800,0.0,1.0
IDXX,2004-07-08 00:00:00+00:00,58.8,59.81,58.66,59.49,366700,14.7,14.9525,14.665,14.8725,1466800,0.0,1.0
IDXX,2004-07-09 00:00:00+00:00,58.07,59.7,57.981,59.13,408200,14.5175,14.925,14.49525,14.7825,1632800,0.0,1.0
IDXX,2004-07-12 00:00:00+00:00,58.31,58.57,57.86,58.27,253900,14.5775,14.6425,14.465,14.5675,1015600,0.0,1.0
IDXX,2004-07-13 00:00:00+00:00,58.12,58.68,57.871,57.97,268900,14.53,14.67,14.46775,14.4925,1075600,0.0,1.0
IDXX,2004-07-14 00:00:00+00:00,58.17,58.59,57.75,58.0,223000,14.5425,14.6475,14.4375,14.5,892000,0.0,1.0
IDXX,2004-07-15 00:00:00+00:00,58.01,58.64,57.82,58.47,240000,14.5025,14.66,14.455,14.6175,960000,0.0,1.0
IDXX,2004-07-16 00:00:00+00:00,56.26,58.73,56.11,57.85,449000,14.065,14.6825,14.0275,14.4625,1796000,0.0,1.0
IDXX,2004-07-19 00:00:00+00:00,55.89,56.61,55.25,56.61,299400,13.9725,14.1525,13.8125,14.1525,1197600,0.0,1.0
IDXX,2004-07-20 00:00:00+00:00,57.04,57.1,56.06,56.8,407800,14.26,14.275,14.015,14.2,1631200,0.0,1.0
IDXX,2004-07-21 00:00:00+00:00,55.16,57.45,54.77,57.36,433500,13.79,14.3625,13.6925,14.34,1734000,0.0,1.0
IDXX,2004-07-22 00:00:00+00:00,54.8,55.45,53.05,55.06,612300,13.7,13.8625,13.2625,13.765,2449200,0.0,1.0
IDXX,2004-07-23 00:00:00+00:00,52.25,55.0,51.75,55.0,681500,13.0625,13.75,12.9375,13.75,2726000,0.0,1.0
IDXX,2004-07-26 00:00:00+00:00,50.0,52.45,49.16,52.081,570300,12.5,13.1125,12.29,13.02025,2281200,0.0,1.0
IDXX,2004-07-27 00:00:00+00:00,51.14,51.56,49.37,50.25,768700,12.785,12.89,12.3425,12.5625,3074800,0.0,1.0
IDXX,2004-07-28 00:00:00+00:00,49.85,51.34,49.52,51.149,406700,12.4625,12.835,12.38,12.78725,1626800,0.0,1.0
IDXX,2004-07-29 00:00:00+00:00,50.1,50.47,49.17,49.79,257300,12.525,12.6175,12.2925,12.4475,1029200,0.0,1.0
IDXX,2004-07-30 00:00:00+00:00,50.39,50.74,49.5,50.25,273200,12.5975,12.685,12.375,12.5625,1092800,0.0,1.0
IDXX,2004-08-02 00:00:00+00:00,49.64,50.79,49.36,50.58,257000,12.41,12.6975,12.34,12.645,1028000,0.0,1.0
IDXX,2004-08-03 00:00:00+00:00,48.63,49.64,48.56,49.25,388900,12.1575,12.41,12.14,12.3125,1555600,0.0,1.0
IDXX,2004-08-04 00:00:00+00:00,48.21,49.0,47.5,48.89,380400,12.0525,12.25,11.875,12.2225,1521600,0.0,1.0
IDXX,2004-08-05 00:00:00+00:00,46.91,48.57,46.73,48.41,443300,11.7275,12.1425,11.6825,12.1025,1773200,0.0,1.0
IDXX,2004-08-06 00:00:00+00:00,46.14,47.28,45.92,47.2,348500,11.535,11.82,11.48,11.8,1394000,0.0,1.0
IDXX,2004-08-09 00:00:00+00:00,46.41,46.63,45.43,45.47,585900,11.6025,11.6575,11.3575,11.3675,2343600,0.0,1.0
IDXX,2004-08-10 00:00:00+00:00,47.62,47.85,46.34,46.39,489300,11.905,11.9625,11.585,11.5975,1957200,0.0,1.0
IDXX,2004-08-11 00:00:00+00:00,49.21,49.46,46.98,47.37,475000,12.3025,12.365,11.745,11.8425,1900000,0.0,1.0
IDXX,2004-08-12 00:00:00+00:00,48.5,49.39,48.5,49.1,325300,12.125,12.3475,12.125,12.275,1301200,0.0,1.0
IDXX,2004-08-13 00:00:00+00:00,48.31,48.76,47.96,48.44,242100,12.0775,12.19,11.99,12.11,968400,0.0,1.0
IDXX,2004-08-16 00:00:00+00:00,49.29,49.29,48.37,48.74,268600,12.3225,12.3225,12.0925,12.185,1074400,0.0,1.0
IDXX,2004-08-17 00:00:00+00:00,49.32,49.94,49.29,49.29,149400,12.33,12.485,12.3225,12.3225,597600,0.0,1.0
IDXX,2004-08-18 00:00:00+00:00,49.38,49.67,48.47,49.66,245800,12.345,12.4175,12.1175,12.415,983200,0.0,1.0
IDXX,2004-08-19 00:00:00+00:00,49.82,50.18,49.06,49.06,220300,12.455,12.545,12.265,12.265,881200,0.0,1.0
IDXX,2004-08-20 00:00:00+00:00,50.0,50.01,49.6,50.01,84600,12.5,12.5025,12.4,12.5025,338400,0.0,1.0
IDXX,2004-08-23 00:00:00+00:00,49.85,50.38,49.61,50.32,128000,12.4625,12.595,12.4025,12.58,512000,0.0,1.0
IDXX,2004-08-24 00:00:00+00:00,49.08,49.89,48.81,49.76,112200,12.27,12.4725,12.2025,12.44,448800,0.0,1.0
IDXX,2004-08-25 00:00:00+00:00,50.05,50.31,48.95,49.5,170600,12.5125,12.5775,12.2375,12.375,682400,0.0,1.0
IDXX,2004-08-26 00:00:00+00:00,48.85,49.99,48.64,49.76,171400,12.2125,12.4975,12.16,12.44,685600,0.0,1.0
IDXX,2004-08-27 00:00:00+00:00,48.98,49.4,48.54,48.95,220500,12.245,12.35,12.135,12.2375,882000,0.0,1.0
IDXX,2004-08-30 00:00:00+00:00,48.17,49.39,48.17,48.91,162900,12.0425,12.3475,12.0425,12.2275,651600,0.0,1.0
IDXX,2004-08-31 00:00:00+00:00,48.71,48.74,47.85,48.34,237200,12.1775,12.185,11.9625,12.085,948800,0.0,1.0
IDXX,2004-09-01 00:00:00+00:00,49.07,49.17,48.44,48.92,140600,12.2675,12.2925,12.11,12.23,562400,0.0,1.0
IDXX,2004-09-02 00:00:00+00:00,49.0,49.12,48.72,48.95,127700,12.25,12.28,12.18,12.2375,510800,0.0,1.0
IDXX,2004-09-03 00:00:00+00:00,49.0,49.75,48.84,49.54,84500,12.25,12.4375,12.21,12.385,338000,0.0,1.0
IDXX,2004-09-07 00:00:00+00:00,48.99,49.39,48.9,49.36,120100,12.2475,12.3475,12.225,12.34,480400,0.0,1.0
IDXX,2004-09-08 00:00:00+00:00,48.81,49.48,48.6,49.1,81300,12.2025,12.37,12.15,12.275,325200,0.0,1.0
IDXX,2004-09-09 00:00:00+00:00,48.85,49.68,48.31,49.5,72000,12.2125,12.42,12.0775,12.375,288000,0.0,1.0
IDXX,2004-09-10 00:00:00+00:00,49.17,49.33,48.35,48.35,96000,12.2925,12.3325,12.0875,12.0875,384000,0.0,1.0
IDXX,2004-09-13 00:00:00+00:00,50.4,50.5,49.41,49.85,261900,12.6,12.625,12.3525,12.4625,1047600,0.0,1.0
IDXX,2004-09-14 00:00:00+00:00,50.12,50.6,49.9,50.4,176600,12.53,12.65,12.475,12.6,706400,0.0,1.0
IDXX,2004-09-15 00:00:00+00:00,49.74,50.19,49.41,50.1,220800,12.435,12.5475,12.3525,12.525,883200,0.0,1.0
IDXX,2004-09-16 00:00:00+00:00,49.84,50.16,49.49,49.49,174900,12.46,12.54,12.3725,12.3725,699600,0.0,1.0
IDXX,2004-09-17 00:00:00+00:00,49.88,50.74,49.63,49.899,270800,12.47,12.685,12.4075,12.47475,1083200,0.0,1.0
IDXX,2004-09-20 00:00:00+00:00,49.3,50.14,49.15,49.98,244400,12.325,12.535,12.2875,12.495,977600,0.0,1.0
IDXX,2004-09-21 00:00:00+00:00,50.53,50.57,49.09,49.69,164900,12.6325,12.6425,12.2725,12.4225,659600,0.0,1.0
IDXX,2004-09-22 00:00:00+00:00,48.99,50.61,48.99,50.61,156200,12.2475,12.6525,12.2475,12.6525,624800,0.0,1.0
IDXX,2004-09-23 00:00:00+00:00,49.52,49.78,48.85,49.619,134700,12.38,12.445,12.2125,12.40475,538800,0.0,1.0
IDXX,2004-09-24 00:00:00+00:00,50.14,50.26,49.391,49.391,114800,12.535,12.565,12.34775,12.34775,459200,0.0,1.0
IDXX,2004-09-27 00:00:00+00:00,49.28,50.08,49.28,49.78,212300,12.32,12.52,12.32,12.445,849200,0.0,1.0
IDXX,2004-09-28 00:00:00+00:00,48.63,49.75,48.56,49.72,273300,12.1575,12.4375,12.14,12.43,1093200,0.0,1.0
IDXX,2004-09-29 00:00:00+00:00,50.485,50.53,48.5,48.7,225600,12.62125,12.6325,12.125,12.175,902400,0.0,1.0
IDXX,2004-09-30 00:00:00+00:00,50.74,50.87,50.36,50.61,233700,12.685,12.7175,12.59,12.6525,934800,0.0,1.0
IDXX,2004-10-01 00:00:00+00:00,51.23,51.31,50.54,50.97,305200,12.8075,12.8275,12.635,12.7425,1220800,0.0,1.0
IDXX,2004-10-04 00:00:00+00:00,52.51,52.72,51.38,51.47,405200,13.1275,13.18,12.845,12.8675,1620800,0.0,1.0
IDXX,2004-10-05 00:00:00+00:00,51.92,52.75,50.99,52.4,346900,12.98,13.1875,12.7475,13.1,1387600,0.0,1.0
IDXX,2004-10-06 00:00:00+00:00,51.75,52.22,51.02,51.8,107900,12.9375,13.055,12.755,12.95,431600,0.0,1.0
IDXX,2004-10-07 00:00:00+00:00,51.4,52.72,51.4,52.11,216900,12.85,13.18,12.85,13.0275,867600,0.0,1.0
IDXX,2004-10-08 00:00:00+00:00,50.17,51.91,50.17,51.84,338400,12.5425,12.9775,12.5425,12.96,1353600,0.0,1.0
IDXX,2004-10-11 00:00:00+00:00,49.07,50.91,48.65,50.349,379600,12.2675,12.7275,12.1625,12.58725,1518400,0.0,1.0
IDXX,2004-10-12 00:00:00+00:00,48.8,49.38,48.67,49.38,314500,12.2,12.345,12.1675,12.345,1258000,0.0,1.0
IDXX,2004-10-13 00:00:00+00:00,48.25,49.24,47.99,49.08,227000,12.0625,12.31,11.9975,12.27,908000,0.0,1.0
IDXX,2004-10-14 00:00:00+00:00,48.06,49.45,47.84,48.01,369200,12.015,12.3625,11.96,12.0025,1476800,0.0,1.0
IDXX,2004-10-15 00:00:00+00:00,47.88,48.27,47.83,48.06,369000,11.97,12.0675,11.9575,12.015,1476000,0.0,1.0
IDXX,2004-10-18 00:00:00+00:00,48.08,48.99,47.57,47.83,153600,12.02,12.2475,11.8925,11.9575,614400,0.0,1.0
IDXX,2004-10-19 00:00:00+00:00,47.48,48.45,47.48,48.02,334000,11.87,12.1125,11.87,12.005,1336000,0.0,1.0
IDXX,2004-10-20 00:00:00+00:00,48.03,48.16,47.45,47.45,209300,12.0075,12.04,11.8625,11.8625,837200,0.0,1.0
IDXX,2004-10-21 00:00:00+00:00,48.17,48.38,47.9,48.38,233400,12.0425,12.095,11.975,12.095,933600,0.0,1.0
IDXX,2004-10-22 00:00:00+00:00,48.7,50.15,48.37,48.49,618800,12.175,12.5375,12.0925,12.1225,2475200,0.0,1.0
IDXX,2004-10-25 00:00:00+00:00,47.93,48.355,47.38,48.04,378700,11.9825,12.08875,11.845,12.01,1514800,0.0,1.0
IDXX,2004-10-26 00:00:00+00:00,47.22,47.5,46.8,47.1,371100,11.805,11.875,11.7,11.775,1484400,0.0,1.0
IDXX,2004-10-27 00:00:00+00:00,48.65,48.69,47.0,47.4,436800,12.1625,12.1725,11.75,11.85,1747200,0.0,1.0
IDXX,2004-10-28 00:00:00+00:00,49.64,49.65,48.37,48.73,246300,12.41,12.4125,12.0925,12.1825,985200,0.0,1.0
IDXX,2004-10-29 00:00:00+00:00,49.84,49.89,49.35,49.7,216800,12.46,12.4725,12.3375,12.425,867200,0.0,1.0
IDXX,2004-11-01 00:00:00+00:00,50.14,50.16,49.62,50.02,188600,12.535,12.54,12.405,12.505,754400,0.0,1.0
IDXX,2004-11-02 00:00:00+00:00,50.32,50.75,49.59,49.59,271700,12.58,12.6875,12.3975,12.3975,1086800,0.0,1.0
IDXX,2004-11-03 00:00:00+00:00,51.33,51.61,50.36,50.36,180100,12.8325,12.9025,12.59,12.59,720400,0.0,1.0
IDXX,2004-11-04 00:00:00+00:00,51.86,52.16,51.18,51.43,194000,12.965,13.04,12.795,12.8575,776000,0.0,1.0
IDXX,2004-11-05 00:00:00+00:00,52.36,52.51,51.57,51.96,162800,13.09,13.1275,12.8925,12.99,651200,0.0,1.0
IDXX,2004-11-08 00:00:00+00:00,51.84,52.4,51.4,52.035,141700,12.96,13.1,12.85,13.00875,566800,0.0,1.0
IDXX,2004-11-09 00:00:00+00:00,51.75,52.23,51.49,51.8,158200,12.9375,13.0575,12.8725,12.95,632800,0.0,1.0
IDXX,2004-11-10 00:00:00+00:00,52.0,52.53,51.62,52.1,165700,13.0,13.1325,12.905,13.025,662800,0.0,1.0
IDXX,2004-11-11 00:00:00+00:00,51.82,52.55,51.69,52.02,238500,12.955,13.1375,12.9225,13.005,954000,0.0,1.0
IDXX,2004-11-12 00:00:00+00:00,51.3,52.06,50.92,52.06,155700,12.825,13.015,12.73,13.015,622800,0.0,1.0
IDXX,2004-11-15 00:00:00+00:00,51.18,52.0,50.86,51.01,129600,12.795,13.0,12.715,12.7525,518400,0.0,1.0
IDXX,2004-11-16 00:00:00+00:00,51.0,51.56,50.85,51.49,127900,12.75,12.89,12.7125,12.8725,511600,0.0,1.0
IDXX,2004-11-17 00:00:00+00:00,49.97,51.05,49.79,50.82,253500,12.4925,12.7625,12.4475,12.705,1014000,0.0,1.0
IDXX,2004-11-18 00:00:00+00:00,50.46,50.76,49.75,49.75,198600,12.615,12.69,12.4375,12.4375,794400,0.0,1.0
IDXX,2004-11-19 00:00:00+00:00,49.86,50.9,49.86,50.9,320400,12.465,12.725,12.465,12.725,1281600,0.0,1.0
IDXX,2004-11-22 00:00:00+00:00,50.15,50.39,49.7,49.78,178900,12.5375,12.5975,12.425,12.445,715600,0.0,1.0
IDXX,2004-11-23 00:00:00+00:00,50.06,50.32,49.93,50.21,139100,12.515,12.58,12.4825,12.5525,556400,0.0,1.0
IDXX,2004-11-24 00:00:00+00:00,50.91,51.0,50.49,50.5,123700,12.7275,12.75,12.6225,12.625,494800,0.0,1.0
IDXX,2004-11-26 00:00:00+00:00,51.34,51.48,51.015,51.015,62700,12.835,12.87,12.75375,12.75375,250800,0.0,1.0
IDXX,2004-11-29 00:00:00+00:00,51.53,51.68,51.15,51.32,211300,12.8825,12.92,12.7875,12.83,845200,0.0,1.0
IDXX,2004-11-30 00:00:00+00:00,51.6,51.99,51.29,51.29,160800,12.9,12.9975,12.8225,12.8225,643200,0.0,1.0
IDXX,2004-12-01 00:00:00+00:00,52.23,52.48,51.75,52.0,137200,13.0575,13.12,12.9375,13.0,548800,0.0,1.0
IDXX,2004-12-02 00:00:00+00:00,52.33,52.58,51.49,52.359,116100,13.0825,13.145,12.8725,13.08975,464400,0.0,1.0
IDXX,2004-12-03 00:00:00+00:00,51.96,52.58,51.65,52.54,93000,12.99,13.145,12.9125,13.135,372000,0.0,1.0
IDXX,2004-12-06 00:00:00+00:00,50.91,52.17,50.79,52.17,145200,12.7275,13.0425,12.6975,13.0425,580800,0.0,1.0
IDXX,2004-12-07 00:00:00+00:00,50.18,50.91,50.18,50.75,170500,12.545,12.7275,12.545,12.6875,682000,0.0,1.0
IDXX,2004-12-08 00:00:00+00:00,50.3,50.67,50.11,50.14,289600,12.575,12.6675,12.5275,12.535,1158400,0.0,1.0
IDXX,2004-12-09 00:00:00+00:00,50.23,50.47,49.5,50.0,168500,12.5575,12.6175,12.375,12.5,674000,0.0,1.0
IDXX,2004-12-10 00:00:00+00:00,52.04,52.3,50.47,50.5,132300,13.01,13.075,12.6175,12.625,529200,0.0,1.0
IDXX,2004-12-13 00:00:00+00:00,52.98,53.11,51.91,52.0,139500,13.245,13.2775,12.9775,13.0,558000,0.0,1.0
IDXX,2004-12-14 00:00:00+00:00,53.14,53.42,52.75,52.9,243300,13.285,13.355,13.1875,13.225,973200,0.0,1.0
IDXX,2004-12-15 00:00:00+00:00,52.52,53.2,52.02,53.14,234900,13.13,13.3,13.005,13.285,939600,0.0,1.0
IDXX,2004-12-16 00:00:00+00:00,52.86,53.22,52.4,52.66,131100,13.215,13.305,13.1,13.165,524400,0.0,1.0
IDXX,2004-12-17 00:00:00+00:00,51.82,52.84,51.7,52.04,234700,12.955,13.21,12.925,13.01,938800,0.0,1.0
IDXX,2004-12-20 00:00:00+00:00,52.64,52.97,51.401,51.74,154600,13.16,13.2425,12.85025,12.935,618400,0.0,1.0
IDXX,2004-12-21 00:00:00+00:00,52.47,53.24,51.91,52.25,99200,13.1175,13.31,12.9775,13.0625,396800,0.0,1.0
IDXX,2004-12-22 00:00:00+00:00,53.0,53.16,51.74,51.9,115800,13.25,13.29,12.935,12.975,463200,0.0,1.0
IDXX,2004-12-23 00:00:00+00:00,53.39,53.77,52.58,52.58,95900,13.3475,13.4425,13.145,13.145,383600,0.0,1.0
IDXX,2004-12-27 00:00:00+00:00,52.96,53.909,52.78,53.75,114200,13.24,13.47725,13.195,13.4375,456800,0.0,1.0
IDXX,2004-12-28 00:00:00+00:00,53.94,54.16,52.66,52.85,105700,13.485,13.54,13.165,13.2125,422800,0.0,1.0
IDXX,2004-12-29 00:00:00+00:00,54.48,54.54,52.99,53.79,204600,13.62,13.635,13.2475,13.4475,818400,0.0,1.0
IDXX,2004-12-30 00:00:00+00:00,54.7,54.86,54.12,54.3,89000,13.675,13.715,13.53,13.575,356000,0.0,1.0
IDXX,2004-12-31 00:00:00+00:00,54.59,55.02,54.43,54.43,120500,13.6475,13.755,13.6075,13.6075,482000,0.0,1.0
IDXX,2005-01-03 00:00:00+00:00,54.75,54.77,54.11,54.45,316500,13.6875,13.6925,13.5275,13.6125,1266000,0.0,1.0
IDXX,2005-01-04 00:00:00+00:00,54.7,55.31,54.11,55.04,514700,13.675,13.8275,13.5275,13.76,2058800,0.0,1.0
IDXX,2005-01-05 00:00:00+00:00,54.93,55.3,54.04,54.65,144800,13.7325,13.825,13.51,13.6625,579200,0.0,1.0
IDXX,2005-01-06 00:00:00+00:00,54.85,55.5,54.6,54.6,170700,13.7125,13.875,13.65,13.65,682800,0.0,1.0
IDXX,2005-01-07 00:00:00+00:00,55.06,57.8,55.06,56.45,351400,13.765,14.45,13.765,14.1125,1405600,0.0,1.0
IDXX,2005-01-10 00:00:00+00:00,56.58,57.43,55.1,55.1,255600,14.145,14.3575,13.775,13.775,1022400,0.0,1.0
IDXX,2005-01-11 00:00:00+00:00,55.0,56.73,54.94,56.42,231700,13.75,14.1825,13.735,14.105,926800,0.0,1.0
IDXX,2005-01-12 00:00:00+00:00,54.94,55.36,54.76,55.25,146900,13.735,13.84,13.69,13.8125,587600,0.0,1.0
IDXX,2005-01-13 00:00:00+00:00,55.53,55.85,54.56,55.23,117200,13.8825,13.9625,13.64,13.8075,468800,0.0,1.0
IDXX,2005-01-14 00:00:00+00:00,55.35,55.95,55.26,55.76,120700,13.8375,13.9875,13.815,13.94,482800,0.0,1.0
IDXX,2005-01-18 00:00:00+00:00,55.5,55.67,55.11,55.36,100500,13.875,13.9175,13.7775,13.84,402000,0.0,1.0
IDXX,2005-01-19 00:00:00+00:00,55.0,55.79,54.92,55.5,123500,13.75,13.9475,13.73,13.875,494000,0.0,1.0
IDXX,2005-01-20 00:00:00+00:00,55.38,55.61,54.7,55.22,168300,13.845,13.9025,13.675,13.805,673200,0.0,1.0
IDXX,2005-01-21 00:00:00+00:00,54.42,55.62,54.37,55.01,112000,13.605,13.905,13.5925,13.7525,448000,0.0,1.0
IDXX,2005-01-24 00:00:00+00:00,54.36,54.84,54.16,54.38,151900,13.59,13.71,13.54,13.595,607600,0.0,1.0
IDXX,2005-01-25 00:00:00+00:00,54.75,55.07,54.43,54.73,131300,13.6875,13.7675,13.6075,13.6825,525200,0.0,1.0
IDXX,2005-01-26 00:00:00+00:00,56.35,56.47,54.5,55.0,218200,14.0875,14.1175,13.625,13.75,872800,0.0,1.0
IDXX,2005-01-27 00:00:00+00:00,57.08,57.09,55.84,56.0,139100,14.27,14.2725,13.96,14.0,556400,0.0,1.0
IDXX,2005-01-28 00:00:00+00:00,55.93,56.87,54.14,56.72,457900,13.9825,14.2175,13.535,14.18,1831600,0.0,1.0
IDXX,2005-01-31 00:00:00+00:00,58.01,58.13,55.9,55.93,319300,14.5025,14.5325,13.975,13.9825,1277200,0.0,1.0
IDXX,2005-02-01 00:00:00+00:00,57.69,58.21,57.11,58.21,179200,14.4225,14.5525,14.2775,14.5525,716800,0.0,1.0
IDXX,2005-02-02 00:00:00+00:00,57.71,58.23,57.32,57.36,171000,14.4275,14.5575,14.33,14.34,684000,0.0,1.0
IDXX,2005-02-03 00:00:00+00:00,57.31,58.0,57.05,57.36,123000,14.3275,14.5,14.2625,14.34,492000,0.0,1.0
IDXX,2005-02-04 00:00:00+00:00,56.95,57.18,56.5,57.0,130600,14.2375,14.295,14.125,14.25,522400,0.0,1.0
IDXX,2005-02-07 00:00:00+00:00,57.0,57.18,56.44,56.44,117700,14.25,14.295,14.11,14.11,470800,0.0,1.0
IDXX,2005-02-08 00:00:00+00:00,57.57,57.94,56.36,57.27,270400,14.3925,14.485,14.09,14.3175,1081600,0.0,1.0
IDXX,2005-02-09 00:00:00+00:00,57.1,57.749,56.99,57.48,91100,14.275,14.43725,14.2475,14.37,364400,0.0,1.0
IDXX,2005-02-10 00:00:00+00:00,56.92,57.35,56.43,57.35,87700,14.23,14.3375,14.1075,14.3375,350800,0.0,1.0
IDXX,2005-02-11 00:00:00+00:00,57.6,57.86,56.55,56.7,102700,14.4,14.465,14.1375,14.175,410800,0.0,1.0
IDXX,2005-02-14 00:00:00+00:00,57.24,57.68,56.97,57.48,70600,14.31,14.42,14.2425,14.37,282400,0.0,1.0
IDXX,2005-02-15 00:00:00+00:00,57.29,57.45,57.0,57.2,170400,14.3225,14.3625,14.25,14.3,681600,0.0,1.0
IDXX,2005-02-16 00:00:00+00:00,56.93,58.0,56.47,57.0,240500,14.2325,14.5,14.1175,14.25,962000,0.0,1.0
IDXX,2005-02-17 00:00:00+00:00,55.98,56.97,55.92,56.5,248600,13.995,14.2425,13.98,14.125,994400,0.0,1.0
IDXX,2005-02-18 00:00:00+00:00,56.39,56.49,55.68,55.69,66800,14.0975,14.1225,13.92,13.9225,267200,0.0,1.0
IDXX,2005-02-22 00:00:00+00:00,56.04,56.389,55.84,56.13,150900,14.01,14.09725,13.96,14.0325,603600,0.0,1.0
IDXX,2005-02-23 00:00:00+00:00,55.71,56.5,55.4,55.79,139200,13.9275,14.125,13.85,13.9475,556800,0.0,1.0
IDXX,2005-02-24 00:00:00+00:00,57.24,57.68,55.58,55.8,265600,14.31,14.42,13.895,13.95,1062400,0.0,1.0
IDXX,2005-02-25 00:00:00+00:00,56.79,57.32,56.37,57.2,161500,14.1975,14.33,14.0925,14.3,646000,0.0,1.0
IDXX,2005-02-28 00:00:00+00:00,55.45,56.86,55.24,56.59,138900,13.8625,14.215,13.81,14.1475,555600,0.0,1.0
IDXX,2005-03-01 00:00:00+00:00,55.0,55.73,55.0,55.54,173600,13.75,13.9325,13.75,13.885,694400,0.0,1.0
IDXX,2005-03-02 00:00:00+00:00,55.69,56.22,55.001,55.01,134700,13.9225,14.055,13.75025,13.7525,538800,0.0,1.0
IDXX,2005-03-03 00:00:00+00:00,55.12,55.84,54.9,55.5,68100,13.78,13.96,13.725,13.875,272400,0.0,1.0
IDXX,2005-03-04 00:00:00+00:00,55.07,55.95,54.88,55.46,127700,13.7675,13.9875,13.72,13.865,510800,0.0,1.0
IDXX,2005-03-07 00:00:00+00:00,55.18,55.55,54.69,54.94,95400,13.795,13.8875,13.6725,13.735,381600,0.0,1.0
IDXX,2005-03-08 00:00:00+00:00,54.6,55.32,54.28,55.27,172100,13.65,13.83,13.57,13.8175,688400,0.0,1.0
IDXX,2005-03-09 00:00:00+00:00,54.62,54.73,54.38,54.46,85500,13.655,13.6825,13.595,13.615,342000,0.0,1.0
IDXX,2005-03-10 00:00:00+00:00,54.6,55.06,54.43,54.43,81800,13.65,13.765,13.6075,13.6075,327200,0.0,1.0
IDXX,2005-03-11 00:00:00+00:00,54.95,55.24,54.23,54.43,179000,13.7375,13.81,13.5575,13.6075,716000,0.0,1.0
IDXX,2005-03-14 00:00:00+00:00,55.54,55.89,55.15,55.25,206200,13.885,13.9725,13.7875,13.8125,824800,0.0,1.0
IDXX,2005-03-15 00:00:00+00:00,54.21,55.59,54.01,55.36,106700,13.5525,13.8975,13.5025,13.84,426800,0.0,1.0
IDXX,2005-03-16 00:00:00+00:00,52.9,54.2,52.18,54.2,396500,13.225,13.55,13.045,13.55,1586000,0.0,1.0
IDXX,2005-03-17 00:00:00+00:00,53.49,53.99,52.76,52.95,154000,13.3725,13.4975,13.19,13.2375,616000,0.0,1.0
IDXX,2005-03-18 00:00:00+00:00,53.74,53.9,53.05,53.5,152600,13.435,13.475,13.2625,13.375,610400,0.0,1.0
IDXX,2005-03-21 00:00:00+00:00,54.07,54.4,53.48,53.84,51900,13.5175,13.6,13.37,13.46,207600,0.0,1.0
IDXX,2005-03-22 00:00:00+00:00,53.92,54.37,53.8,53.95,60500,13.48,13.5925,13.45,13.4875,242000,0.0,1.0
IDXX,2005-03-23 00:00:00+00:00,53.68,54.36,53.55,53.97,80600,13.42,13.59,13.3875,13.4925,322400,0.0,1.0
IDXX,2005-03-24 00:00:00+00:00,53.85,53.98,53.75,53.89,75800,13.4625,13.495,13.4375,13.4725,303200,0.0,1.0
IDXX,2005-03-28 00:00:00+00:00,53.94,54.54,53.4,53.62,117000,13.485,13.635,13.35,13.405,468000,0.0,1.0
IDXX,2005-03-29 00:00:00+00:00,53.13,54.19,53.13,54.19,197500,13.2825,13.5475,13.2825,13.5475,790000,0.0,1.0
IDXX,2005-03-30 00:00:00+00:00,53.46,53.72,53.03,53.08,106600,13.365,13.43,13.2575,13.27,426400,0.0,1.0
IDXX,2005-03-31 00:00:00+00:00,54.16,54.16,53.34,53.38,143500,13.54,13.54,13.335,13.345,574000,0.0,1.0
IDXX,2005-04-01 00:00:00+00:00,54.37,54.72,53.74,54.06,138600,13.5925,13.68,13.435,13.515,554400,0.0,1.0
IDXX,2005-04-04 00:00:00+00:00,53.81,54.19,53.52,54.02,140000,13.4525,13.5475,13.38,13.505,560000,0.0,1.0
IDXX,2005-04-05 00:00:00+00:00,54.46,54.65,53.81,53.82,144900,13.615,13.6625,13.4525,13.455,579600,0.0,1.0
IDXX,2005-04-06 00:00:00+00:00,54.98,55.15,54.34,54.34,149500,13.745,13.7875,13.585,13.585,598000,0.0,1.0
IDXX,2005-04-07 00:00:00+00:00,55.2,55.59,55.0,55.11,53700,13.8,13.8975,13.75,13.7775,214800,0.0,1.0
IDXX,2005-04-08 00:00:00+00:00,55.02,55.36,54.75,55.36,90800,13.755,13.84,13.6875,13.84,363200,0.0,1.0
IDXX,2005-04-11 00:00:00+00:00,54.77,55.234,54.75,54.9,68400,13.6925,13.8085,13.6875,13.725,273600,0.0,1.0
IDXX,2005-04-12 00:00:00+00:00,55.04,55.1,54.58,54.74,115100,13.76,13.775,13.645,13.685,460400,0.0,1.0
IDXX,2005-04-13 00:00:00+00:00,54.76,54.9,54.21,54.8,70500,13.69,13.725,13.5525,13.7,282000,0.0,1.0
IDXX,2005-04-14 00:00:00+00:00,54.08,54.94,54.05,54.52,87500,13.52,13.735,13.5125,13.63,350000,0.0,1.0
IDXX,2005-04-15 00:00:00+00:00,54.04,54.61,53.5,54.04,149500,13.51,13.6525,13.375,13.51,598000,0.0,1.0
IDXX,2005-04-18 00:00:00+00:00,54.16,54.48,53.75,53.75,92300,13.54,13.62,13.4375,13.4375,369200,0.0,1.0
IDXX,2005-04-19 00:00:00+00:00,54.46,54.46,53.92,54.16,49500,13.615,13.615,13.48,13.54,198000,0.0,1.0
IDXX,2005-04-20 00:00:00+00:00,54.38,54.64,54.09,54.46,102300,13.595,13.66,13.5225,13.615,409200,0.0,1.0
IDXX,2005-04-21 00:00:00+00:00,54.95,55.03,54.27,54.43,58300,13.7375,13.7575,13.5675,13.6075,233200,0.0,1.0
IDXX,2005-04-22 00:00:00+00:00,54.91,55.63,54.6,54.9,65500,13.7275,13.9075,13.65,13.725,262000,0.0,1.0
IDXX,2005-04-25 00:00:00+00:00,55.46,55.46,54.7,54.73,46400,13.865,13.865,13.675,13.6825,185600,0.0,1.0
IDXX,2005-04-26 00:00:00+00:00,55.13,55.72,54.97,55.53,69100,13.7825,13.93,13.7425,13.8825,276400,0.0,1.0
IDXX,2005-04-27 00:00:00+00:00,55.85,55.97,54.91,54.93,133200,13.9625,13.9925,13.7275,13.7325,532800,0.0,1.0
IDXX,2005-04-28 00:00:00+00:00,53.5,55.51,53.33,55.42,181500,13.375,13.8775,13.3325,13.855,726000,0.0,1.0
IDXX,2005-04-29 00:00:00+00:00,56.74,58.44,52.94,54.09,628800,14.185,14.61,13.235,13.5225,2515200,0.0,1.0
IDXX,2005-05-02 00:00:00+00:00,57.9,58.46,56.9,57.45,196500,14.475,14.615,14.225,14.3625,786000,0.0,1.0
IDXX,2005-05-03 00:00:00+00:00,57.96,58.27,57.33,57.65,149900,14.49,14.5675,14.3325,14.4125,599600,0.0,1.0
IDXX,2005-05-04 00:00:00+00:00,57.63,58.0,57.15,57.96,117800,14.4075,14.5,14.2875,14.49,471200,0.0,1.0
IDXX,2005-05-05 00:00:00+00:00,57.51,57.99,56.98,57.93,84200,14.3775,14.4975,14.245,14.4825,336800,0.0,1.0
IDXX,2005-05-06 00:00:00+00:00,57.58,57.94,57.37,57.73,84200,14.395,14.485,14.3425,14.4325,336800,0.0,1.0
IDXX,2005-05-09 00:00:00+00:00,58.0,58.0,57.13,57.43,70100,14.5,14.5,14.2825,14.3575,280400,0.0,1.0
IDXX,2005-05-10 00:00:00+00:00,57.58,57.73,57.3,57.51,92400,14.395,14.4325,14.325,14.3775,369600,0.0,1.0
IDXX,2005-05-11 00:00:00+00:00,57.68,57.79,57.01,57.6,85600,14.42,14.4475,14.2525,14.4,342400,0.0,1.0
IDXX,2005-05-12 00:00:00+00:00,58.21,58.37,57.79,57.91,80600,14.5525,14.5925,14.4475,14.4775,322400,0.0,1.0
IDXX,2005-05-13 00:00:00+00:00,58.42,58.67,57.43,58.41,122800,14.605,14.6675,14.3575,14.6025,491200,0.0,1.0
IDXX,2005-05-16 00:00:00+00:00,58.45,58.78,58.12,58.27,79100,14.6125,14.695,14.53,14.5675,316400,0.0,1.0
IDXX,2005-05-17 00:00:00+00:00,58.32,58.47,58.06,58.11,75600,14.58,14.6175,14.515,14.5275,302400,0.0,1.0
IDXX,2005-05-18 00:00:00+00:00,58.54,58.84,58.07,58.23,81900,14.635,14.71,14.5175,14.5575,327600,0.0,1.0
IDXX,2005-05-19 00:00:00+00:00,58.49,59.02,58.31,58.95,160800,14.6225,14.755,14.5775,14.7375,643200,0.0,1.0
IDXX,2005-05-20 00:00:00+00:00,59.0,59.0,58.05,58.25,89600,14.75,14.75,14.5125,14.5625,358400,0.0,1.0
IDXX,2005-05-23 00:00:00+00:00,59.23,60.0,58.72,58.9,108000,14.8075,15.0,14.68,14.725,432000,0.0,1.0
IDXX,2005-05-24 00:00:00+00:00,58.89,59.04,58.5,59.04,50100,14.7225,14.76,14.625,14.76,200400,0.0,1.0
IDXX,2005-05-25 00:00:00+00:00,57.9,58.7,57.88,58.54,55300,14.475,14.675,14.47,14.635,221200,0.0,1.0
IDXX,2005-05-26 00:00:00+00:00,58.4,58.49,57.87,57.87,43400,14.6,14.6225,14.4675,14.4675,173600,0.0,1.0
IDXX,2005-05-27 00:00:00+00:00,58.33,58.433,57.99,58.17,36200,14.5825,14.60825,14.4975,14.5425,144800,0.0,1.0
IDXX,2005-05-31 00:00:00+00:00,57.73,58.44,57.39,57.84,171500,14.4325,14.61,14.3475,14.46,686000,0.0,1.0
IDXX,2005-06-01 00:00:00+00:00,57.87,57.99,57.38,57.97,78400,14.4675,14.4975,14.345,14.4925,313600,0.0,1.0
IDXX,2005-06-02 00:00:00+00:00,57.12,58.13,56.26,57.68,168300,14.28,14.5325,14.065,14.42,673200,0.0,1.0
IDXX,2005-06-03 00:00:00+00:00,56.8,57.12,56.23,57.12,144600,14.2,14.28,14.0575,14.28,578400,0.0,1.0
IDXX,2005-06-06 00:00:00+00:00,56.52,56.75,56.05,56.6,233500,14.13,14.1875,14.0125,14.15,934000,0.0,1.0
IDXX,2005-06-07 00:00:00+00:00,56.73,57.35,56.28,56.33,114700,14.1825,14.3375,14.07,14.0825,458800,0.0,1.0
IDXX,2005-06-08 00:00:00+00:00,56.24,56.85,55.7,56.64,103400,14.06,14.2125,13.925,14.16,413600,0.0,1.0
IDXX,2005-06-09 00:00:00+00:00,56.63,56.99,56.13,56.2,88300,14.1575,14.2475,14.0325,14.05,353200,0.0,1.0
IDXX,2005-06-10 00:00:00+00:00,56.47,56.77,56.381,56.4,52000,14.1175,14.1925,14.09525,14.1,208000,0.0,1.0
IDXX,2005-06-13 00:00:00+00:00,56.5,56.55,56.18,56.24,99000,14.125,14.1375,14.045,14.06,396000,0.0,1.0
IDXX,2005-06-14 00:00:00+00:00,56.0,56.55,55.61,56.55,124900,14.0,14.1375,13.9025,14.1375,499600,0.0,1.0
IDXX,2005-06-15 00:00:00+00:00,56.0,56.39,55.72,55.86,60500,14.0,14.0975,13.93,13.965,242000,0.0,1.0
IDXX,2005-06-16 00:00:00+00:00,56.67,56.67,55.76,55.81,127600,14.1675,14.1675,13.94,13.9525,510400,0.0,1.0
IDXX,2005-06-17 00:00:00+00:00,56.54,57.0,56.44,56.79,197800,14.135,14.25,14.11,14.1975,791200,0.0,1.0
IDXX,2005-06-20 00:00:00+00:00,56.83,57.23,56.32,56.47,88600,14.2075,14.3075,14.08,14.1175,354400,0.0,1.0
IDXX,2005-06-21 00:00:00+00:00,57.16,57.79,56.61,56.61,62100,14.29,14.4475,14.1525,14.1525,248400,0.0,1.0
IDXX,2005-06-22 00:00:00+00:00,57.89,57.99,56.98,57.65,104100,14.4725,14.4975,14.245,14.4125,416400,0.0,1.0
IDXX,2005-06-23 00:00:00+00:00,57.73,58.22,57.52,57.75,71500,14.4325,14.555,14.38,14.4375,286000,0.0,1.0
IDXX,2005-06-24 00:00:00+00:00,57.56,57.96,57.21,57.76,89400,14.39,14.49,14.3025,14.44,357600,0.0,1.0
IDXX,2005-06-27 00:00:00+00:00,57.71,57.74,57.38,57.51,53100,14.4275,14.435,14.345,14.3775,212400,0.0,1.0
IDXX,2005-06-28 00:00:00+00:00,58.48,58.76,57.731,57.89,83700,14.62,14.69,14.43275,14.4725,334800,0.0,1.0
IDXX,2005-06-29 00:00:00+00:00,58.59,59.01,58.29,58.42,102400,14.6475,14.7525,14.5725,14.605,409600,0.0,1.0
IDXX,2005-06-30 00:00:00+00:00,62.33,63.0,58.76,58.76,674500,15.5825,15.75,14.69,14.69,2698000,0.0,1.0
IDXX,2005-07-01 00:00:00+00:00,62.04,62.69,61.15,62.69,155300,15.51,15.6725,15.2875,15.6725,621200,0.0,1.0
IDXX,2005-07-05 00:00:00+00:00,63.25,63.65,62.0,62.04,159900,15.8125,15.9125,15.5,15.51,639600,0.0,1.0
IDXX,2005-07-06 00:00:00+00:00,62.31,63.8,62.31,63.2,160200,15.5775,15.95,15.5775,15.8,640800,0.0,1.0
IDXX,2005-07-07 00:00:00+00:00,61.63,62.54,61.1,62.54,86400,15.4075,15.635,15.275,15.635,345600,0.0,1.0
IDXX,2005-07-08 00:00:00+00:00,63.14,63.25,61.0,62.08,114200,15.785,15.8125,15.25,15.52,456800,0.0,1.0
IDXX,2005-07-11 00:00:00+00:00,63.42,64.69,61.8,62.86,116100,15.855,16.1725,15.45,15.715,464400,0.0,1.0
IDXX,2005-07-12 00:00:00+00:00,63.6,63.98,63.25,63.35,92500,15.9,15.995,15.8125,15.8375,370000,0.0,1.0
IDXX,2005-07-13 00:00:00+00:00,63.61,63.8,63.2,63.63,107800,15.9025,15.95,15.8,15.9075,431200,0.0,1.0
IDXX,2005-07-14 00:00:00+00:00,64.15,64.27,63.51,63.73,78800,16.0375,16.0675,15.8775,15.9325,315200,0.0,1.0
IDXX,2005-07-15 00:00:00+00:00,64.55,64.67,64.04,64.07,74200,16.1375,16.1675,16.01,16.0175,296800,0.0,1.0
IDXX,2005-07-18 00:00:00+00:00,64.5,64.67,64.2,64.67,69800,16.125,16.1675,16.05,16.1675,279200,0.0,1.0
IDXX,2005-07-19 00:00:00+00:00,64.91,65.0,64.38,64.45,56000,16.2275,16.25,16.095,16.1125,224000,0.0,1.0
IDXX,2005-07-20 00:00:00+00:00,65.42,65.72,64.7,64.71,142600,16.355,16.43,16.175,16.1775,570400,0.0,1.0
IDXX,2005-07-21 00:00:00+00:00,64.64,65.71,64.23,64.89,68700,16.16,16.4275,16.0575,16.2225,274800,0.0,1.0
IDXX,2005-07-22 00:00:00+00:00,63.95,64.93,63.1,64.87,158600,15.9875,16.2325,15.775,16.2175,634400,0.0,1.0
IDXX,2005-07-25 00:00:00+00:00,63.74,64.12,63.36,63.96,80000,15.935,16.03,15.84,15.99,320000,0.0,1.0
IDXX,2005-07-26 00:00:00+00:00,63.91,64.93,63.78,63.78,122100,15.9775,16.2325,15.945,15.945,488400,0.0,1.0
IDXX,2005-07-27 00:00:00+00:00,64.51,64.64,63.58,64.0,79000,16.1275,16.16,15.895,16.0,316000,0.0,1.0
IDXX,2005-07-28 00:00:00+00:00,65.29,65.65,64.33,64.33,91800,16.3225,16.4125,16.0825,16.0825,367200,0.0,1.0
IDXX,2005-07-29 00:00:00+00:00,63.46,64.55,60.16,61.05,858700,15.865,16.1375,15.04,15.2625,3434800,0.0,1.0
IDXX,2005-08-01 00:00:00+00:00,63.7,64.5,63.25,63.62,233600,15.925,16.125,15.8125,15.905,934400,0.0,1.0
IDXX,2005-08-02 00:00:00+00:00,63.7,65.13,63.19,63.19,254400,15.925,16.2825,15.7975,15.7975,1017600,0.0,1.0
IDXX,2005-08-03 00:00:00+00:00,63.05,63.57,62.9,63.57,171400,15.7625,15.8925,15.725,15.8925,685600,0.0,1.0
IDXX,2005-08-04 00:00:00+00:00,62.63,63.95,62.63,63.95,259200,15.6575,15.9875,15.6575,15.9875,1036800,0.0,1.0
IDXX,2005-08-05 00:00:00+00:00,62.9,63.33,62.6,62.6,116700,15.725,15.8325,15.65,15.65,466800,0.0,1.0
IDXX,2005-08-08 00:00:00+00:00,62.15,63.11,61.99,62.75,108500,15.5375,15.7775,15.4975,15.6875,434000,0.0,1.0
IDXX,2005-08-09 00:00:00+00:00,61.91,62.32,61.23,62.1,218800,15.4775,15.58,15.3075,15.525,875200,0.0,1.0
IDXX,2005-08-10 00:00:00+00:00,62.15,62.64,61.62,61.62,170000,15.5375,15.66,15.405,15.405,680000,0.0,1.0
IDXX,2005-08-11 00:00:00+00:00,62.21,62.94,62.01,62.04,115900,15.5525,15.735,15.5025,15.51,463600,0.0,1.0
IDXX,2005-08-12 00:00:00+00:00,62.25,62.47,62.0,62.2,95200,15.5625,15.6175,15.5,15.55,380800,0.0,1.0
IDXX,2005-08-15 00:00:00+00:00,62.35,62.69,61.84,61.9,84800,15.5875,15.6725,15.46,15.475,339200,0.0,1.0
IDXX,2005-08-16 00:00:00+00:00,62.2,62.58,61.83,62.06,133900,15.55,15.645,15.4575,15.515,535600,0.0,1.0
IDXX,2005-08-17 00:00:00+00:00,62.53,63.21,61.98,61.98,172400,15.6325,15.8025,15.495,15.495,689600,0.0,1.0
IDXX,2005-08-18 00:00:00+00:00,62.39,62.85,62.0,62.37,124100,15.5975,15.7125,15.5,15.5925,496400,0.0,1.0
IDXX,2005-08-19 00:00:00+00:00,62.55,62.91,62.15,62.15,110800,15.6375,15.7275,15.5375,15.5375,443200,0.0,1.0
IDXX,2005-08-22 00:00:00+00:00,63.32,63.5,62.35,62.39,128800,15.83,15.875,15.5875,15.5975,515200,0.0,1.0
IDXX,2005-08-23 00:00:00+00:00,63.88,63.97,62.82,63.2,87900,15.97,15.9925,15.705,15.8,351600,0.0,1.0
IDXX,2005-08-24 00:00:00+00:00,63.87,64.5,63.53,63.68,128600,15.9675,16.125,15.8825,15.92,514400,0.0,1.0
IDXX,2005-08-25 00:00:00+00:00,64.26,64.42,63.82,63.82,84500,16.065,16.105,15.955,15.955,338000,0.0,1.0
IDXX,2005-08-26 00:00:00+00:00,63.83,64.5,63.57,64.25,103500,15.9575,16.125,15.8925,16.0625,414000,0.0,1.0
IDXX,2005-08-29 00:00:00+00:00,63.65,63.8,63.07,63.69,105600,15.9125,15.95,15.7675,15.9225,422400,0.0,1.0
IDXX,2005-08-30 00:00:00+00:00,63.0,63.63,62.78,63.42,101400,15.75,15.9075,15.695,15.855,405600,0.0,1.0
IDXX,2005-08-31 00:00:00+00:00,64.04,64.04,62.0001,63.15,307600,16.01,16.01,15.500025,15.7875,1230400,0.0,1.0
IDXX,2005-09-01 00:00:00+00:00,64.75,65.0,63.85,63.91,142000,16.1875,16.25,15.9625,15.9775,568000,0.0,1.0
IDXX,2005-09-02 00:00:00+00:00,65.12,65.2,64.57,64.57,134000,16.28,16.3,16.1425,16.1425,536000,0.0,1.0
IDXX,2005-09-06 00:00:00+00:00,66.02,66.24,64.74,65.04,142900,16.505,16.56,16.185,16.26,571600,0.0,1.0
IDXX,2005-09-07 00:00:00+00:00,65.98,66.408,65.39,65.95,175400,16.495,16.602,16.3475,16.4875,701600,0.0,1.0
IDXX,2005-09-08 00:00:00+00:00,66.87,66.87,65.53,65.76,187600,16.7175,16.7175,16.3825,16.44,750400,0.0,1.0
IDXX,2005-09-09 00:00:00+00:00,67.22,67.3,66.48,66.48,142400,16.805,16.825,16.62,16.62,569600,0.0,1.0
IDXX,2005-09-12 00:00:00+00:00,67.71,67.95,66.8,66.96,133900,16.9275,16.9875,16.7,16.74,535600,0.0,1.0
IDXX,2005-09-13 00:00:00+00:00,66.68,67.82,66.46,67.27,179400,16.67,16.955,16.615,16.8175,717600,0.0,1.0
IDXX,2005-09-14 00:00:00+00:00,66.6,66.86,65.94,66.66,97500,16.65,16.715,16.485,16.665,390000,0.0,1.0
IDXX,2005-09-15 00:00:00+00:00,67.18,67.18,66.36,66.58,78800,16.795,16.795,16.59,16.645,315200,0.0,1.0
IDXX,2005-09-16 00:00:00+00:00,67.49,67.56,66.83,67.16,105500,16.8725,16.89,16.7075,16.79,422000,0.0,1.0
IDXX,2005-09-19 00:00:00+00:00,66.67,67.59,66.08,67.18,77400,16.6675,16.8975,16.52,16.795,309600,0.0,1.0
IDXX,2005-09-20 00:00:00+00:00,66.43,66.79,66.0,66.51,102300,16.6075,16.6975,16.5,16.6275,409200,0.0,1.0
IDXX,2005-09-21 00:00:00+00:00,66.22,66.55,65.51,65.51,112300,16.555,16.6375,16.3775,16.3775,449200,0.0,1.0
IDXX,2005-09-22 00:00:00+00:00,65.73,66.111,64.37,66.0,102700,16.4325,16.52775,16.0925,16.5,410800,0.0,1.0
IDXX,2005-09-23 00:00:00+00:00,66.0,66.23,65.5,65.67,48800,16.5,16.5575,16.375,16.4175,195200,0.0,1.0
IDXX,2005-09-26 00:00:00+00:00,66.35,67.35,65.81,65.81,130200,16.5875,16.8375,16.4525,16.4525,520800,0.0,1.0
IDXX,2005-09-27 00:00:00+00:00,65.56,66.369,65.1,66.2,184300,16.39,16.59225,16.275,16.55,737200,0.0,1.0
IDXX,2005-09-28 00:00:00+00:00,65.8,66.24,65.4,65.4,85000,16.45,16.56,16.35,16.35,340000,0.0,1.0
IDXX,2005-09-29 00:00:00+00:00,66.04,66.17,65.56,65.73,86500,16.51,16.5425,16.39,16.4325,346000,0.0,1.0
IDXX,2005-09-30 00:00:00+00:00,66.88,67.25,65.75,65.75,106900,16.72,16.8125,16.4375,16.4375,427600,0.0,1.0
IDXX,2005-10-03 00:00:00+00:00,67.11,67.89,66.48,66.78,139500,16.7775,16.9725,16.62,16.695,558000,0.0,1.0
IDXX,2005-10-04 00:00:00+00:00,67.48,67.71,66.7,66.73,75800,16.87,16.9275,16.675,16.6825,303200,0.0,1.0
IDXX,2005-10-05 00:00:00+00:00,64.75,67.19,64.7,67.19,149500,16.1875,16.7975,16.175,16.7975,598000,0.0,1.0
IDXX,2005-10-06 00:00:00+00:00,63.54,65.01,63.3,64.7,166100,15.885,16.2525,15.825,16.175,664400,0.0,1.0
IDXX,2005-10-07 00:00:00+00:00,63.31,63.97,62.55,63.73,163200,15.8275,15.9925,15.6375,15.9325,652800,0.0,1.0
IDXX,2005-10-10 00:00:00+00:00,62.98,63.3,62.63,62.9,95400,15.745,15.825,15.6575,15.725,381600,0.0,1.0
IDXX,2005-10-11 00:00:00+00:00,62.54,63.49,62.25,63.0,167800,15.635,15.8725,15.5625,15.75,671200,0.0,1.0
IDXX,2005-10-12 00:00:00+00:00,62.78,62.879,61.11,62.27,200200,15.695,15.71975,15.2775,15.5675,800800,0.0,1.0
IDXX,2005-10-13 00:00:00+00:00,63.29,64.46,62.621,63.08,202800,15.8225,16.115,15.65525,15.77,811200,0.0,1.0
IDXX,2005-10-14 00:00:00+00:00,63.62,64.24,63.36,63.75,199300,15.905,16.06,15.84,15.9375,797200,0.0,1.0
IDXX,2005-10-17 00:00:00+00:00,64.71,64.71,63.54,63.54,154100,16.1775,16.1775,15.885,15.885,616400,0.0,1.0
IDXX,2005-10-18 00:00:00+00:00,64.47,64.68,63.25,64.58,173000,16.1175,16.17,15.8125,16.145,692000,0.0,1.0
IDXX,2005-10-19 00:00:00+00:00,64.865,65.16,64.1,64.1,220800,16.21625,16.29,16.025,16.025,883200,0.0,1.0
IDXX,2005-10-20 00:00:00+00:00,65.04,65.5,64.55,64.7,168100,16.26,16.375,16.1375,16.175,672400,0.0,1.0
IDXX,2005-10-21 00:00:00+00:00,65.13,65.86,64.75,65.12,130200,16.2825,16.465,16.1875,16.28,520800,0.0,1.0
IDXX,2005-10-24 00:00:00+00:00,66.47,66.54,65.3545,65.53,138700,16.6175,16.635,16.338625,16.3825,554800,0.0,1.0
IDXX,2005-10-25 00:00:00+00:00,66.75,66.75,65.69,66.54,115800,16.6875,16.6875,16.4225,16.635,463200,0.0,1.0
IDXX,2005-10-26 00:00:00+00:00,65.46,67.07,65.28,66.8,139600,16.365,16.7675,16.32,16.7,558400,0.0,1.0
IDXX,2005-10-27 00:00:00+00:00,65.44,66.2,65.17,65.17,74500,16.36,16.55,16.2925,16.2925,298000,0.0,1.0
IDXX,2005-10-28 00:00:00+00:00,68.51,68.91,65.51,66.0,350100,17.1275,17.2275,16.3775,16.5,1400400,0.0,1.0
IDXX,2005-10-31 00:00:00+00:00,70.13,72.2,68.98,68.99,487500,17.5325,18.05,17.245,17.2475,1950000,0.0,1.0
IDXX,2005-11-01 00:00:00+00:00,69.48,70.91,69.25,70.0,335000,17.37,17.7275,17.3125,17.5,1340000,0.0,1.0
IDXX,2005-11-02 00:00:00+00:00,69.14,69.942,68.97,69.5,218200,17.285,17.4855,17.2425,17.375,872800,0.0,1.0
IDXX,2005-11-03 00:00:00+00:00,68.1,69.39,67.131,69.0,313400,17.025,17.3475,16.78275,17.25,1253600,0.0,1.0
IDXX,2005-11-04 00:00:00+00:00,68.0,68.2,67.28,68.14,134100,17.0,17.05,16.82,17.035,536400,0.0,1.0
IDXX,2005-11-07 00:00:00+00:00,68.74,68.96,67.0,67.0,140300,17.185,17.24,16.75,16.75,561200,0.0,1.0
IDXX,2005-11-08 00:00:00+00:00,68.27,69.0,68.02,68.72,71400,17.0675,17.25,17.005,17.18,285600,0.0,1.0
IDXX,2005-11-09 00:00:00+00:00,69.2,69.2,68.06,68.15,112800,17.3,17.3,17.015,17.0375,451200,0.0,1.0
IDXX,2005-11-10 00:00:00+00:00,70.32,70.32,68.97,69.061,136800,17.58,17.58,17.2425,17.26525,547200,0.0,1.0
IDXX,2005-11-11 00:00:00+00:00,70.43,70.77,69.95,69.95,68800,17.6075,17.6925,17.4875,17.4875,275200,0.0,1.0
IDXX,2005-11-14 00:00:00+00:00,70.24,70.88,70.01,70.32,94300,17.56,17.72,17.5025,17.58,377200,0.0,1.0
IDXX,2005-11-15 00:00:00+00:00,70.58,70.97,69.88,70.0,119300,17.645,17.7425,17.47,17.5,477200,0.0,1.0
IDXX,2005-11-16 00:00:00+00:00,71.0,72.0,70.32,70.32,177900,17.75,18.0,17.58,17.58,711600,0.0,1.0
IDXX,2005-11-17 00:00:00+00:00,71.79,71.82,70.83,71.27,86200,17.9475,17.955,17.7075,17.8175,344800,0.0,1.0
IDXX,2005-11-18 00:00:00+00:00,71.95,72.14,71.17,72.0,142000,17.9875,18.035,17.7925,18.0,568000,0.0,1.0
IDXX,2005-11-21 00:00:00+00:00,72.88,73.01,71.42,71.55,146300,18.22,18.2525,17.855,17.8875,585200,0.0,1.0
IDXX,2005-11-22 00:00:00+00:00,73.92,73.93,72.03,72.5,147300,18.48,18.4825,18.0075,18.125,589200,0.0,1.0
IDXX,2005-11-23 00:00:00+00:00,73.15,73.97,73.15,73.73,83400,18.2875,18.4925,18.2875,18.4325,333600,0.0,1.0
IDXX,2005-11-25 00:00:00+00:00,73.25,73.5,72.85,73.2,27500,18.3125,18.375,18.2125,18.3,110000,0.0,1.0
IDXX,2005-11-28 00:00:00+00:00,72.21,73.179,72.05,72.86,118700,18.0525,18.29475,18.0125,18.215,474800,0.0,1.0
IDXX,2005-11-29 00:00:00+00:00,71.75,72.5,71.72,72.0,114400,17.9375,18.125,17.93,18.0,457600,0.0,1.0
IDXX,2005-11-30 00:00:00+00:00,71.55,72.02,71.55,71.79,78500,17.8875,18.005,17.8875,17.9475,314000,0.0,1.0
IDXX,2005-12-01 00:00:00+00:00,71.94,72.4,71.59,71.591,100400,17.985,18.1,17.8975,17.89775,401600,0.0,1.0
IDXX,2005-12-02 00:00:00+00:00,72.84,72.84,71.49,71.49,155700,18.21,18.21,17.8725,17.8725,622800,0.0,1.0
IDXX,2005-12-05 00:00:00+00:00,72.4,72.841,71.71,72.841,134900,18.1,18.21025,17.9275,18.21025,539600,0.0,1.0
IDXX,2005-12-06 00:00:00+00:00,72.77,73.27,72.44,72.74,88800,18.1925,18.3175,18.11,18.185,355200,0.0,1.0
IDXX,2005-12-07 00:00:00+00:00,72.83,73.25,71.99,72.43,88500,18.2075,18.3125,17.9975,18.1075,354000,0.0,1.0
IDXX,2005-12-08 00:00:00+00:00,73.63,73.63,72.21,72.55,258200,18.4075,18.4075,18.0525,18.1375,1032800,0.0,1.0
IDXX,2005-12-09 00:00:00+00:00,74.15,75.14,73.63,73.63,141200,18.5375,18.785,18.4075,18.4075,564800,0.0,1.0
IDXX,2005-12-12 00:00:00+00:00,74.16,74.24,73.61,73.97,77900,18.54,18.56,18.4025,18.4925,311600,0.0,1.0
IDXX,2005-12-13 00:00:00+00:00,73.85,74.13,73.48,74.12,80500,18.4625,18.5325,18.37,18.53,322000,0.0,1.0
IDXX,2005-12-14 00:00:00+00:00,73.69,74.23,73.58,73.92,98500,18.4225,18.5575,18.395,18.48,394000,0.0,1.0
IDXX,2005-12-15 00:00:00+00:00,74.13,74.16,72.88,73.37,96400,18.5325,18.54,18.22,18.3425,385600,0.0,1.0
IDXX,2005-12-16 00:00:00+00:00,73.54,74.73,73.54,74.62,122600,18.385,18.6825,18.385,18.655,490400,0.0,1.0
IDXX,2005-12-19 00:00:00+00:00,73.06,73.87,72.75,73.75,127700,18.265,18.4675,18.1875,18.4375,510800,0.0,1.0
IDXX,2005-12-20 00:00:00+00:00,72.14,73.08,72.0,73.08,146200,18.035,18.27,18.0,18.27,584800,0.0,1.0
IDXX,2005-12-21 00:00:00+00:00,72.46,72.89,71.91,71.94,96300,18.115,18.2225,17.9775,17.985,385200,0.0,1.0
IDXX,2005-12-22 00:00:00+00:00,72.06,72.77,71.88,72.499,96800,18.015,18.1925,17.97,18.12475,387200,0.0,1.0
IDXX,2005-12-23 00:00:00+00:00,72.28,72.41,72.0801,72.12,64800,18.07,18.1025,18.020025,18.03,259200,0.0,1.0
IDXX,2005-12-27 00:00:00+00:00,71.85,72.75,71.44,72.15,73800,17.9625,18.1875,17.86,18.0375,295200,0.0,1.0
IDXX,2005-12-28 00:00:00+00:00,71.91,72.12,71.45,71.67,69500,17.9775,18.03,17.8625,17.9175,278000,0.0,1.0
IDXX,2005-12-29 00:00:00+00:00,71.61,72.42,71.55,71.95,36500,17.9025,18.105,17.8875,17.9875,146000,0.0,1.0
IDXX,2005-12-30 00:00:00+00:00,71.98,72.78,71.46,71.61,76100,17.995,18.195,17.865,17.9025,304400,0.0,1.0
IDXX,2006-01-03 00:00:00+00:00,72.37,72.53,71.36,71.77,127100,18.0925,18.1325,17.84,17.9425,508400,0.0,1.0
IDXX,2006-01-04 00:00:00+00:00,72.89,73.0,72.01,72.09,81200,18.2225,18.25,18.0025,18.0225,324800,0.0,1.0
IDXX,2006-01-05 00:00:00+00:00,73.78,73.94,72.67,72.67,99500,18.445,18.485,18.1675,18.1675,398000,0.0,1.0
IDXX,2006-01-06 00:00:00+00:00,73.97,74.1,73.58,73.75,89700,18.4925,18.525,18.395,18.4375,358800,0.0,1.0
IDXX,2006-01-09 00:00:00+00:00,75.24,75.62,74.0,74.0,134800,18.81,18.905,18.5,18.5,539200,0.0,1.0
IDXX,2006-01-10 00:00:00+00:00,75.39,75.47,73.98,74.9,107300,18.8475,18.8675,18.495,18.725,429200,0.0,1.0
IDXX,2006-01-11 00:00:00+00:00,74.81,75.77,74.61,75.08,57800,18.7025,18.9425,18.6525,18.77,231200,0.0,1.0
IDXX,2006-01-12 00:00:00+00:00,74.71,75.23,74.47,75.17,53400,18.6775,18.8075,18.6175,18.7925,213600,0.0,1.0
IDXX,2006-01-13 00:00:00+00:00,72.5,74.94,72.12,74.94,265200,18.125,18.735,18.03,18.735,1060800,0.0,1.0
IDXX,2006-01-17 00:00:00+00:00,71.75,73.13,71.51,72.34,256100,17.9375,18.2825,17.8775,18.085,1024400,0.0,1.0
IDXX,2006-01-18 00:00:00+00:00,71.0,72.05,70.58,71.28,262100,17.75,18.0125,17.645,17.82,1048400,0.0,1.0
IDXX,2006-01-19 00:00:00+00:00,71.99,72.43,71.01,71.01,115500,17.9975,18.1075,17.7525,17.7525,462000,0.0,1.0
IDXX,2006-01-20 00:00:00+00:00,71.46,72.66,71.32,72.21,89400,17.865,18.165,17.83,18.0525,357600,0.0,1.0
IDXX,2006-01-23 00:00:00+00:00,72.05,72.15,71.25,71.25,86600,18.0125,18.0375,17.8125,17.8125,346400,0.0,1.0
IDXX,2006-01-24 00:00:00+00:00,72.35,72.66,71.84,71.84,60600,18.0875,18.165,17.96,17.96,242400,0.0,1.0
IDXX,2006-01-25 00:00:00+00:00,73.2,73.58,71.9,72.25,169300,18.3,18.395,17.975,18.0625,677200,0.0,1.0
IDXX,2006-01-26 00:00:00+00:00,74.92,75.0,73.19,73.19,104700,18.73,18.75,18.2975,18.2975,418800,0.0,1.0
IDXX,2006-01-27 00:00:00+00:00,76.58,78.32,75.8,76.0,251600,19.145,19.58,18.95,19.0,1006400,0.0,1.0
IDXX,2006-01-30 00:00:00+00:00,77.21,77.81,76.23,76.23,97600,19.3025,19.4525,19.0575,19.0575,390400,0.0,1.0
IDXX,2006-01-31 00:00:00+00:00,76.82,77.1,76.55,76.7,164000,19.205,19.275,19.1375,19.175,656000,0.0,1.0
IDXX,2006-02-01 00:00:00+00:00,76.95,77.51,76.53,76.95,106000,19.2375,19.3775,19.1325,19.2375,424000,0.0,1.0
IDXX,2006-02-02 00:00:00+00:00,76.71,77.17,76.13,77.0,119200,19.1775,19.2925,19.0325,19.25,476800,0.0,1.0
IDXX,2006-02-03 00:00:00+00:00,76.82,77.42,76.32,76.32,77700,19.205,19.355,19.08,19.08,310800,0.0,1.0
IDXX,2006-02-06 00:00:00+00:00,76.49,76.73,74.77,76.45,133700,19.1225,19.1825,18.6925,19.1125,534800,0.0,1.0
IDXX,2006-02-07 00:00:00+00:00,76.64,77.1,75.23,76.3,171900,19.16,19.275,18.8075,19.075,687600,0.0,1.0
IDXX,2006-02-08 00:00:00+00:00,76.99,77.04,76.31,76.52,79700,19.2475,19.26,19.0775,19.13,318800,0.0,1.0
IDXX,2006-02-09 00:00:00+00:00,76.73,77.39,76.13,76.84,91500,19.1825,19.3475,19.0325,19.21,366000,0.0,1.0
IDXX,2006-02-10 00:00:00+00:00,77.33,77.35,75.9,76.45,162400,19.3325,19.3375,18.975,19.1125,649600,0.0,1.0
IDXX,2006-02-13 00:00:00+00:00,75.78,76.99,75.32,76.99,164000,18.945,19.2475,18.83,19.2475,656000,0.0,1.0
IDXX,2006-02-14 00:00:00+00:00,76.67,76.76,75.61,75.61,90000,19.1675,19.19,18.9025,18.9025,360000,0.0,1.0
IDXX,2006-02-15 00:00:00+00:00,77.51,77.75,76.38,76.75,122200,19.3775,19.4375,19.095,19.1875,488800,0.0,1.0
IDXX,2006-02-16 00:00:00+00:00,78.14,78.39,77.48,77.82,128300,19.535,19.5975,19.37,19.455,513200,0.0,1.0
IDXX,2006-02-17 00:00:00+00:00,77.85,78.52,77.6,78.0,77600,19.4625,19.63,19.4,19.5,310400,0.0,1.0
IDXX,2006-02-21 00:00:00+00:00,77.3,78.15,76.71,77.59,123100,19.325,19.5375,19.1775,19.3975,492400,0.0,1.0
IDXX,2006-02-22 00:00:00+00:00,77.88,77.99,76.85,77.14,126200,19.47,19.4975,19.2125,19.285,504800,0.0,1.0
IDXX,2006-02-23 00:00:00+00:00,77.84,77.95,77.27,77.62,69000,19.46,19.4875,19.3175,19.405,276000,0.0,1.0
IDXX,2006-02-24 00:00:00+00:00,78.47,78.56,77.47,77.64,76800,19.6175,19.64,19.3675,19.41,307200,0.0,1.0
IDXX,2006-02-27 00:00:00+00:00,78.87,79.16,77.94,78.3,107600,19.7175,19.79,19.485,19.575,430400,0.0,1.0
IDXX,2006-02-28 00:00:00+00:00,78.58,79.31,78.31,78.61,115900,19.645,19.8275,19.5775,19.6525,463600,0.0,1.0
IDXX,2006-03-01 00:00:00+00:00,79.95,79.95,78.56,78.56,104500,19.9875,19.9875,19.64,19.64,418000,0.0,1.0
IDXX,2006-03-02 00:00:00+00:00,80.08,80.2,79.49,79.99,86900,20.02,20.05,19.8725,19.9975,347600,0.0,1.0
IDXX,2006-03-03 00:00:00+00:00,79.87,80.22,79.37,79.37,72700,19.9675,20.055,19.8425,19.8425,290800,0.0,1.0
IDXX,2006-03-06 00:00:00+00:00,80.0,80.5,79.4,80.14,73900,20.0,20.125,19.85,20.035,295600,0.0,1.0
IDXX,2006-03-07 00:00:00+00:00,79.88,80.26,79.28,80.02,81300,19.97,20.065,19.82,20.005,325200,0.0,1.0
IDXX,2006-03-08 00:00:00+00:00,80.71,80.8,79.22,79.31,107300,20.1775,20.2,19.805,19.8275,429200,0.0,1.0
IDXX,2006-03-09 00:00:00+00:00,80.93,81.17,80.53,80.53,65100,20.2325,20.2925,20.1325,20.1325,260400,0.0,1.0
IDXX,2006-03-10 00:00:00+00:00,80.76,81.45,80.34,80.74,184300,20.19,20.3625,20.085,20.185,737200,0.0,1.0
IDXX,2006-03-13 00:00:00+00:00,81.27,81.55,80.53,81.48,91300,20.3175,20.3875,20.1325,20.37,365200,0.0,1.0
IDXX,2006-03-14 00:00:00+00:00,81.75,82.13,81.44,81.46,147400,20.4375,20.5325,20.36,20.365,589600,0.0,1.0
IDXX,2006-03-15 00:00:00+00:00,82.69,82.88,81.49,81.49,156300,20.6725,20.72,20.3725,20.3725,625200,0.0,1.0
IDXX,2006-03-16 00:00:00+00:00,83.11,83.26,82.18,82.36,189400,20.7775,20.815,20.545,20.59,757600,0.0,1.0
IDXX,2006-03-17 00:00:00+00:00,83.6,84.379,82.99,82.99,148700,20.9,21.09475,20.7475,20.7475,594800,0.0,1.0
IDXX,2006-03-20 00:00:00+00:00,84.14,84.37,83.16,83.31,64500,21.035,21.0925,20.79,20.8275,258000,0.0,1.0
IDXX,2006-03-21 00:00:00+00:00,83.35,84.36,83.33,84.0,71800,20.8375,21.09,20.8325,21.0,287200,0.0,1.0
IDXX,2006-03-22 00:00:00+00:00,85.35,85.56,83.28,83.34,211400,21.3375,21.39,20.82,20.835,845600,0.0,1.0
IDXX,2006-03-23 00:00:00+00:00,85.28,85.76,84.9,84.96,93300,21.32,21.44,21.225,21.24,373200,0.0,1.0
IDXX,2006-03-24 00:00:00+00:00,84.9,85.78,84.89,85.38,141000,21.225,21.445,21.2225,21.345,564000,0.0,1.0
IDXX,2006-03-27 00:00:00+00:00,85.37,85.66,84.41,85.2,125200,21.3425,21.415,21.1025,21.3,500800,0.0,1.0
IDXX,2006-03-28 00:00:00+00:00,85.97,86.0,85.29,85.32,82100,21.4925,21.5,21.3225,21.33,328400,0.0,1.0
IDXX,2006-03-29 00:00:00+00:00,86.2,86.51,85.75,86.22,109400,21.55,21.6275,21.4375,21.555,437600,0.0,1.0
IDXX,2006-03-30 00:00:00+00:00,85.46,86.49,85.21,86.1,94900,21.365,21.6225,21.3025,21.525,379600,0.0,1.0
IDXX,2006-03-31 00:00:00+00:00,86.36,86.74,85.44,85.52,95800,21.59,21.685,21.36,21.38,383200,0.0,1.0
IDXX,2006-04-03 00:00:00+00:00,85.22,86.69,84.39,86.46,131800,21.305,21.6725,21.0975,21.615,527200,0.0,1.0
IDXX,2006-04-04 00:00:00+00:00,82.2,82.99,80.55,81.92,388500,20.55,20.7475,20.1375,20.48,1554000,0.0,1.0
IDXX,2006-04-05 00:00:00+00:00,82.07,82.69,81.5,81.94,148500,20.5175,20.6725,20.375,20.485,594000,0.0,1.0
IDXX,2006-04-06 00:00:00+00:00,81.84,82.2,81.71,82.2,102700,20.46,20.55,20.4275,20.55,410800,0.0,1.0
IDXX,2006-04-07 00:00:00+00:00,81.17,82.67,80.99,81.72,152800,20.2925,20.6675,20.2475,20.43,611200,0.0,1.0
IDXX,2006-04-10 00:00:00+00:00,81.07,81.39,80.41,80.89,154200,20.2675,20.3475,20.1025,20.2225,616800,0.0,1.0
IDXX,2006-04-11 00:00:00+00:00,80.78,81.14,80.07,80.94,104900,20.195,20.285,20.0175,20.235,419600,0.0,1.0
IDXX,2006-04-12 00:00:00+00:00,80.89,81.16,80.45,80.48,98600,20.2225,20.29,20.1125,20.12,394400,0.0,1.0
IDXX,2006-04-13 00:00:00+00:00,82.1,82.28,80.67,81.11,114700,20.525,20.57,20.1675,20.2775,458800,0.0,1.0
IDXX,2006-04-17 00:00:00+00:00,82.38,82.39,81.75,81.84,54800,20.595,20.5975,20.4375,20.46,219200,0.0,1.0
IDXX,2006-04-18 00:00:00+00:00,83.6,84.12,82.29,82.29,81400,20.9,21.03,20.5725,20.5725,325600,0.0,1.0
IDXX,2006-04-19 00:00:00+00:00,84.49,84.57,83.6,83.6,100000,21.1225,21.1425,20.9,20.9,400000,0.0,1.0
IDXX,2006-04-20 00:00:00+00:00,85.05,85.05,83.9,84.36,63300,21.2625,21.2625,20.975,21.09,253200,0.0,1.0
IDXX,2006-04-21 00:00:00+00:00,85.12,85.36,84.72,85.05,77100,21.28,21.34,21.18,21.2625,308400,0.0,1.0
IDXX,2006-04-24 00:00:00+00:00,85.5,85.89,84.81,85.34,92600,21.375,21.4725,21.2025,21.335,370400,0.0,1.0
IDXX,2006-04-25 00:00:00+00:00,84.12,85.4,83.96,85.4,94400,21.03,21.35,20.99,21.35,377600,0.0,1.0
IDXX,2006-04-26 00:00:00+00:00,82.52,84.33,82.41,83.94,135700,20.63,21.0825,20.6025,20.985,542800,0.0,1.0
IDXX,2006-04-27 00:00:00+00:00,83.38,83.5,81.6,82.56,124300,20.845,20.875,20.4,20.64,497200,0.0,1.0
IDXX,2006-04-28 00:00:00+00:00,83.21,83.21,80.01,80.31,205600,20.8025,20.8025,20.0025,20.0775,822400,0.0,1.0
IDXX,2006-05-01 00:00:00+00:00,81.59,83.16,81.59,82.71,163600,20.3975,20.79,20.3975,20.6775,654400,0.0,1.0
IDXX,2006-05-02 00:00:00+00:00,80.36,81.96,80.3,81.96,153500,20.09,20.49,20.075,20.49,614000,0.0,1.0
IDXX,2006-05-03 00:00:00+00:00,79.0,80.57,79.0,80.15,353300,19.75,20.1425,19.75,20.0375,1413200,0.0,1.0
IDXX,2006-05-04 00:00:00+00:00,78.58,79.32,78.49,79.1,224300,19.645,19.83,19.6225,19.775,897200,0.0,1.0
IDXX,2006-05-05 00:00:00+00:00,79.0,79.05,78.6,78.75,137400,19.75,19.7625,19.65,19.6875,549600,0.0,1.0
IDXX,2006-05-08 00:00:00+00:00,78.96,79.1,78.5,78.87,105800,19.74,19.775,19.625,19.7175,423200,0.0,1.0
IDXX,2006-05-09 00:00:00+00:00,78.89,79.19,78.18,79.0,194100,19.7225,19.7975,19.545,19.75,776400,0.0,1.0
IDXX,2006-05-10 00:00:00+00:00,79.1,79.49,78.42,78.89,95100,19.775,19.8725,19.605,19.7225,380400,0.0,1.0
IDXX,2006-05-11 00:00:00+00:00,77.93,79.62,77.93,78.98,197100,19.4825,19.905,19.4825,19.745,788400,0.0,1.0
IDXX,2006-05-12 00:00:00+00:00,77.03,77.66,76.58,77.66,157500,19.2575,19.415,19.145,19.415,630000,0.0,1.0
IDXX,2006-05-15 00:00:00+00:00,76.44,76.93,74.37,76.53,207400,19.11,19.2325,18.5925,19.1325,829600,0.0,1.0
IDXX,2006-05-16 00:00:00+00:00,77.82,77.94,76.25,76.5,167700,19.455,19.485,19.0625,19.125,670800,0.0,1.0
IDXX,2006-05-17 00:00:00+00:00,77.15,77.64,76.64,77.59,165800,19.2875,19.41,19.16,19.3975,663200,0.0,1.0
IDXX,2006-05-18 00:00:00+00:00,76.82,77.58,76.64,77.14,100800,19.205,19.395,19.16,19.285,403200,0.0,1.0
IDXX,2006-05-19 00:00:00+00:00,76.61,77.667,76.2,76.68,116800,19.1525,19.41675,19.05,19.17,467200,0.0,1.0
IDXX,2006-05-22 00:00:00+00:00,76.05,76.48,75.29,76.47,146800,19.0125,19.12,18.8225,19.1175,587200,0.0,1.0
IDXX,2006-05-23 00:00:00+00:00,76.38,76.78,75.86,76.0,285000,19.095,19.195,18.965,19.0,1140000,0.0,1.0
IDXX,2006-05-24 00:00:00+00:00,76.33,76.8,75.48,76.37,210100,19.0825,19.2,18.87,19.0925,840400,0.0,1.0
IDXX,2006-05-25 00:00:00+00:00,75.97,76.29,75.75,76.16,214900,18.9925,19.0725,18.9375,19.04,859600,0.0,1.0
IDXX,2006-05-26 00:00:00+00:00,76.51,76.59,75.8,75.81,154100,19.1275,19.1475,18.95,18.9525,616400,0.0,1.0
IDXX,2006-05-30 00:00:00+00:00,75.5,76.23,75.49,76.21,84300,18.875,19.0575,18.8725,19.0525,337200,0.0,1.0
IDXX,2006-05-31 00:00:00+00:00,76.43,76.7,75.41,75.41,84500,19.1075,19.175,18.8525,18.8525,338000,0.0,1.0
IDXX,2006-06-01 00:00:00+00:00,78.55,78.55,76.29,76.29,143100,19.6375,19.6375,19.0725,19.0725,572400,0.0,1.0
IDXX,2006-06-02 00:00:00+00:00,79.63,79.82,78.36,78.56,190500,19.9075,19.955,19.59,19.64,762000,0.0,1.0
IDXX,2006-06-05 00:00:00+00:00,78.75,79.98,78.65,79.31,143900,19.6875,19.995,19.6625,19.8275,575600,0.0,1.0
IDXX,2006-06-06 00:00:00+00:00,79.03,79.24,78.45,78.66,214000,19.7575,19.81,19.6125,19.665,856000,0.0,1.0
IDXX,2006-06-07 00:00:00+00:00,79.69,79.99,78.68,78.75,113600,19.9225,19.9975,19.67,19.6875,454400,0.0,1.0
IDXX,2006-06-08 00:00:00+00:00,79.25,79.8,78.51,79.36,133300,19.8125,19.95,19.6275,19.84,533200,0.0,1.0
IDXX,2006-06-09 00:00:00+00:00,78.56,79.54,78.4,79.02,90600,19.64,19.885,19.6,19.755,362400,0.0,1.0
IDXX,2006-06-12 00:00:00+00:00,77.31,78.49,77.22,77.77,80100,19.3275,19.6225,19.305,19.4425,320400,0.0,1.0
IDXX,2006-06-13 00:00:00+00:00,76.39,77.06,75.93,77.06,135900,19.0975,19.265,18.9825,19.265,543600,0.0,1.0
IDXX,2006-06-14 00:00:00+00:00,77.27,77.45,76.15,76.18,98400,19.3175,19.3625,19.0375,19.045,393600,0.0,1.0
IDXX,2006-06-15 00:00:00+00:00,77.61,77.84,76.85,77.27,152000,19.4025,19.46,19.2125,19.3175,608000,0.0,1.0
IDXX,2006-06-16 00:00:00+00:00,77.49,78.06,77.43,77.78,68900,19.3725,19.515,19.3575,19.445,275600,0.0,1.0
IDXX,2006-06-19 00:00:00+00:00,76.63,77.74,76.47,77.35,60300,19.1575,19.435,19.1175,19.3375,241200,0.0,1.0
IDXX,2006-06-20 00:00:00+00:00,75.74,76.6,75.39,76.58,93500,18.935,19.15,18.8475,19.145,374000,0.0,1.0
IDXX,2006-06-21 00:00:00+00:00,75.63,77.03,75.33,75.7,177000,18.9075,19.2575,18.8325,18.925,708000,0.0,1.0
IDXX,2006-06-22 00:00:00+00:00,74.14,75.63,72.91,75.63,281600,18.535,18.9075,18.2275,18.9075,1126400,0.0,1.0
IDXX,2006-06-23 00:00:00+00:00,75.12,75.33,74.05,74.32,133900,18.78,18.8325,18.5125,18.58,535600,0.0,1.0
IDXX,2006-06-26 00:00:00+00:00,75.39,75.81,74.91,75.26,83400,18.8475,18.9525,18.7275,18.815,333600,0.0,1.0
IDXX,2006-06-27 00:00:00+00:00,74.31,75.61,74.24,75.61,51000,18.5775,18.9025,18.56,18.9025,204000,0.0,1.0
IDXX,2006-06-28 00:00:00+00:00,74.25,74.52,74.06,74.46,154300,18.5625,18.63,18.515,18.615,617200,0.0,1.0
IDXX,2006-06-29 00:00:00+00:00,75.17,75.34,74.2,74.2,156200,18.7925,18.835,18.55,18.55,624800,0.0,1.0
IDXX,2006-06-30 00:00:00+00:00,75.13,75.47,74.96,75.47,226100,18.7825,18.8675,18.74,18.8675,904400,0.0,1.0
IDXX,2006-07-03 00:00:00+00:00,75.55,76.18,75.23,75.3,80800,18.8875,19.045,18.8075,18.825,323200,0.0,1.0
IDXX,2006-07-05 00:00:00+00:00,75.31,76.44,75.05,75.2,120100,18.8275,19.11,18.7625,18.8,480400,0.0,1.0
IDXX,2006-07-06 00:00:00+00:00,74.97,75.45,74.3,75.17,85600,18.7425,18.8625,18.575,18.7925,342400,0.0,1.0
IDXX,2006-07-07 00:00:00+00:00,74.7,75.19,74.54,74.71,55900,18.675,18.7975,18.635,18.6775,223600,0.0,1.0
IDXX,2006-07-10 00:00:00+00:00,73.85,75.03,73.61,75.03,121400,18.4625,18.7575,18.4025,18.7575,485600,0.0,1.0
IDXX,2006-07-11 00:00:00+00:00,73.87,74.01,73.63,73.97,151700,18.4675,18.5025,18.4075,18.4925,606800,0.0,1.0
IDXX,2006-07-12 00:00:00+00:00,73.14,74.05,72.86,73.6,145800,18.285,18.5125,18.215,18.4,583200,0.0,1.0
IDXX,2006-07-13 00:00:00+00:00,72.69,73.41,72.55,73.08,224200,18.1725,18.3525,18.1375,18.27,896800,0.0,1.0
IDXX,2006-07-14 00:00:00+00:00,72.82,73.63,72.45,72.45,153500,18.205,18.4075,18.1125,18.1125,614000,0.0,1.0
IDXX,2006-07-17 00:00:00+00:00,73.06,73.51,72.75,73.0,67000,18.265,18.3775,18.1875,18.25,268000,0.0,1.0
IDXX,2006-07-18 00:00:00+00:00,73.61,74.05,72.92,73.25,122500,18.4025,18.5125,18.23,18.3125,490000,0.0,1.0
IDXX,2006-07-19 00:00:00+00:00,74.91,75.19,73.55,73.59,85400,18.7275,18.7975,18.3875,18.3975,341600,0.0,1.0
IDXX,2006-07-20 00:00:00+00:00,74.85,75.16,74.37,74.74,64900,18.7125,18.79,18.5925,18.685,259600,0.0,1.0
IDXX,2006-07-21 00:00:00+00:00,74.24,75.07,74.06,75.07,116000,18.56,18.7675,18.515,18.7675,464000,0.0,1.0
IDXX,2006-07-24 00:00:00+00:00,74.31,74.59,73.77,74.05,53300,18.5775,18.6475,18.4425,18.5125,213200,0.0,1.0
IDXX,2006-07-25 00:00:00+00:00,75.21,75.45,74.31,74.39,96900,18.8025,18.8625,18.5775,18.5975,387600,0.0,1.0
IDXX,2006-07-26 00:00:00+00:00,75.55,75.89,74.75,75.41,82100,18.8875,18.9725,18.6875,18.8525,328400,0.0,1.0
IDXX,2006-07-27 00:00:00+00:00,75.1,75.49,74.91,75.35,91300,18.775,18.8725,18.7275,18.8375,365200,0.0,1.0
IDXX,2006-07-28 00:00:00+00:00,86.81,87.84,81.07,81.67,719800,21.7025,21.96,20.2675,20.4175,2879200,0.0,1.0
IDXX,2006-07-31 00:00:00+00:00,88.5,90.6,86.57,87.0,452600,22.125,22.65,21.6425,21.75,1810400,0.0,1.0
IDXX,2006-08-01 00:00:00+00:00,87.85,89.36,87.85,88.18,281000,21.9625,22.34,21.9625,22.045,1124000,0.0,1.0
IDXX,2006-08-02 00:00:00+00:00,88.49,88.81,87.5,87.5,209000,22.1225,22.2025,21.875,21.875,836000,0.0,1.0
IDXX,2006-08-03 00:00:00+00:00,89.67,89.97,87.83,87.91,189500,22.4175,22.4925,21.9575,21.9775,758000,0.0,1.0
IDXX,2006-08-04 00:00:00+00:00,88.71,91.91,88.19,89.71,245200,22.1775,22.9775,22.0475,22.4275,980800,0.0,1.0
IDXX,2006-08-07 00:00:00+00:00,89.21,89.79,88.21,88.43,163600,22.3025,22.4475,22.0525,22.1075,654400,0.0,1.0
IDXX,2006-08-08 00:00:00+00:00,88.4,89.52,87.07,88.84,161800,22.1,22.38,21.7675,22.21,647200,0.0,1.0
IDXX,2006-08-09 00:00:00+00:00,88.04,89.68,87.9,88.4,116200,22.01,22.42,21.975,22.1,464800,0.0,1.0
IDXX,2006-08-10 00:00:00+00:00,88.47,89.19,87.41,87.71,84400,22.1175,22.2975,21.8525,21.9275,337600,0.0,1.0
IDXX,2006-08-11 00:00:00+00:00,87.75,88.5,87.0,87.71,129200,21.9375,22.125,21.75,21.9275,516800,0.0,1.0
IDXX,2006-08-14 00:00:00+00:00,88.24,88.76,87.76,88.31,298200,22.06,22.19,21.94,22.0775,1192800,0.0,1.0
IDXX,2006-08-15 00:00:00+00:00,88.81,89.75,88.51,88.51,162000,22.2025,22.4375,22.1275,22.1275,648000,0.0,1.0
IDXX,2006-08-16 00:00:00+00:00,89.14,89.72,88.83,88.83,142900,22.285,22.43,22.2075,22.2075,571600,0.0,1.0
IDXX,2006-08-17 00:00:00+00:00,90.18,90.79,88.81,88.81,137100,22.545,22.6975,22.2025,22.2025,548400,0.0,1.0
IDXX,2006-08-18 00:00:00+00:00,89.51,90.5,88.95,89.76,106700,22.3775,22.625,22.2375,22.44,426800,0.0,1.0
IDXX,2006-08-21 00:00:00+00:00,88.83,89.39,88.64,88.94,107300,22.2075,22.3475,22.16,22.235,429200,0.0,1.0
IDXX,2006-08-22 00:00:00+00:00,89.27,89.6,88.69,89.0,115500,22.3175,22.4,22.1725,22.25,462000,0.0,1.0
IDXX,2006-08-23 00:00:00+00:00,88.97,89.76,87.45,89.75,140400,22.2425,22.44,21.8625,22.4375,561600,0.0,1.0
IDXX,2006-08-24 00:00:00+00:00,88.76,88.97,87.62,88.86,136000,22.19,22.2425,21.905,22.215,544000,0.0,1.0
IDXX,2006-08-25 00:00:00+00:00,89.69,90.07,88.52,88.88,378700,22.4225,22.5175,22.13,22.22,1514800,0.0,1.0
IDXX,2006-08-28 00:00:00+00:00,91.67,91.83,89.33,89.33,254500,22.9175,22.9575,22.3325,22.3325,1018000,0.0,1.0
IDXX,2006-08-29 00:00:00+00:00,91.4,92.4,91.35,91.75,354600,22.85,23.1,22.8375,22.9375,1418400,0.0,1.0
IDXX,2006-08-30 00:00:00+00:00,91.59,92.42,90.81,91.26,139600,22.8975,23.105,22.7025,22.815,558400,0.0,1.0
IDXX,2006-08-31 00:00:00+00:00,92.01,92.39,90.78,90.92,162300,23.0025,23.0975,22.695,22.73,649200,0.0,1.0
IDXX,2006-09-01 00:00:00+00:00,92.34,93.49,91.69,92.46,180600,23.085,23.3725,22.9225,23.115,722400,0.0,1.0
IDXX,2006-09-05 00:00:00+00:00,93.79,93.99,92.4,92.7,182600,23.4475,23.4975,23.1,23.175,730400,0.0,1.0
IDXX,2006-09-06 00:00:00+00:00,93.25,93.89,93.06,93.44,190000,23.3125,23.4725,23.265,23.36,760000,0.0,1.0
IDXX,2006-09-07 00:00:00+00:00,93.13,93.59,92.52,93.03,127200,23.2825,23.3975,23.13,23.2575,508800,0.0,1.0
IDXX,2006-09-08 00:00:00+00:00,93.7,93.8,92.79,92.79,94200,23.425,23.45,23.1975,23.1975,376800,0.0,1.0
IDXX,2006-09-11 00:00:00+00:00,94.31,94.48,93.13,93.13,137100,23.5775,23.62,23.2825,23.2825,548400,0.0,1.0
IDXX,2006-09-12 00:00:00+00:00,94.36,94.98,94.1,94.56,116600,23.59,23.745,23.525,23.64,466400,0.0,1.0
IDXX,2006-09-13 00:00:00+00:00,94.3,94.49,93.78,94.08,189600,23.575,23.6225,23.445,23.52,758400,0.0,1.0
IDXX,2006-09-14 00:00:00+00:00,93.47,94.44,93.27,94.44,98400,23.3675,23.61,23.3175,23.61,393600,0.0,1.0
IDXX,2006-09-15 00:00:00+00:00,92.91,94.15,92.46,94.0,230600,23.2275,23.5375,23.115,23.5,922400,0.0,1.0
IDXX,2006-09-18 00:00:00+00:00,92.38,93.39,91.93,92.41,118300,23.095,23.3475,22.9825,23.1025,473200,0.0,1.0
IDXX,2006-09-19 00:00:00+00:00,92.47,92.89,91.97,91.97,162700,23.1175,23.2225,22.9925,22.9925,650800,0.0,1.0
IDXX,2006-09-20 00:00:00+00:00,93.87,94.82,92.12,92.44,220700,23.4675,23.705,23.03,23.11,882800,0.0,1.0
IDXX,2006-09-21 00:00:00+00:00,93.53,94.4,93.22,93.9,130400,23.3825,23.6,23.305,23.475,521600,0.0,1.0
IDXX,2006-09-22 00:00:00+00:00,92.66,93.73,92.3,93.22,51600,23.165,23.4325,23.075,23.305,206400,0.0,1.0
IDXX,2006-09-25 00:00:00+00:00,92.6,93.17,92.28,92.72,192100,23.15,23.2925,23.07,23.18,768400,0.0,1.0
IDXX,2006-09-26 00:00:00+00:00,92.66,93.42,92.36,92.36,153600,23.165,23.355,23.09,23.09,614400,0.0,1.0
IDXX,2006-09-27 00:00:00+00:00,91.96,92.7,91.76,92.32,205100,22.99,23.175,22.94,23.08,820400,0.0,1.0
IDXX,2006-09-28 00:00:00+00:00,91.02,92.25,90.82,91.81,396900,22.755,23.0625,22.705,22.9525,1587600,0.0,1.0
IDXX,2006-09-29 00:00:00+00:00,91.14,91.7,90.08,90.79,276100,22.785,22.925,22.52,22.6975,1104400,0.0,1.0
IDXX,2006-10-02 00:00:00+00:00,91.38,92.01,90.43,90.87,127400,22.845,23.0025,22.6075,22.7175,509600,0.0,1.0
IDXX,2006-10-03 00:00:00+00:00,91.38,91.51,90.82,91.02,161700,22.845,22.8775,22.705,22.755,646800,0.0,1.0
IDXX,2006-10-04 00:00:00+00:00,93.3,93.63,90.921,90.94,150700,23.325,23.4075,22.73025,22.735,602800,0.0,1.0
IDXX,2006-10-05 00:00:00+00:00,93.75,94.856,93.3,93.3,216800,23.4375,23.714,23.325,23.325,867200,0.0,1.0
IDXX,2006-10-06 00:00:00+00:00,93.73,94.24,93.33,93.46,113600,23.4325,23.56,23.3325,23.365,454400,0.0,1.0
IDXX,2006-10-09 00:00:00+00:00,93.7,93.95,93.57,93.75,127100,23.425,23.4875,23.3925,23.4375,508400,0.0,1.0
IDXX,2006-10-10 00:00:00+00:00,94.17,94.2,93.19,93.53,161500,23.5425,23.55,23.2975,23.3825,646000,0.0,1.0
IDXX,2006-10-11 00:00:00+00:00,94.27,94.55,93.95,93.95,97200,23.5675,23.6375,23.4875,23.4875,388800,0.0,1.0
IDXX,2006-10-12 00:00:00+00:00,94.66,94.89,93.97,93.97,106700,23.665,23.7225,23.4925,23.4925,426800,0.0,1.0
IDXX,2006-10-13 00:00:00+00:00,94.37,94.61,93.82,93.94,129300,23.5925,23.6525,23.455,23.485,517200,0.0,1.0
IDXX,2006-10-16 00:00:00+00:00,95.17,95.48,94.25,94.92,197200,23.7925,23.87,23.5625,23.73,788800,0.0,1.0
IDXX,2006-10-17 00:00:00+00:00,95.02,95.44,94.02,94.14,139900,23.755,23.86,23.505,23.535,559600,0.0,1.0
IDXX,2006-10-18 00:00:00+00:00,95.0,95.5,94.41,95.07,319900,23.75,23.875,23.6025,23.7675,1279600,0.0,1.0
IDXX,2006-10-19 00:00:00+00:00,94.59,95.0,94.37,94.62,133400,23.6475,23.75,23.5925,23.655,533600,0.0,1.0
IDXX,2006-10-20 00:00:00+00:00,94.45,94.95,94.45,94.54,113000,23.6125,23.7375,23.6125,23.635,452000,0.0,1.0
IDXX,2006-10-23 00:00:00+00:00,94.39,94.91,94.0,94.35,221300,23.5975,23.7275,23.5,23.5875,885200,0.0,1.0
IDXX,2006-10-24 00:00:00+00:00,94.0,94.6,93.75,94.47,165600,23.5,23.65,23.4375,23.6175,662400,0.0,1.0
IDXX,2006-10-25 00:00:00+00:00,93.46,94.14,93.19,94.14,111300,23.365,23.535,23.2975,23.535,445200,0.0,1.0
IDXX,2006-10-26 00:00:00+00:00,95.1,95.53,93.25,93.34,191400,23.775,23.8825,23.3125,23.335,765600,0.0,1.0
IDXX,2006-10-27 00:00:00+00:00,88.47,93.0,86.1,91.25,577100,22.1175,23.25,21.525,22.8125,2308400,0.0,1.0
IDXX,2006-10-30 00:00:00+00:00,85.49,88.5,85.28,88.43,422800,21.3725,22.125,21.32,22.1075,1691200,0.0,1.0
IDXX,2006-10-31 00:00:00+00:00,83.21,85.49,82.77,85.08,427300,20.8025,21.3725,20.6925,21.27,1709200,0.0,1.0
IDXX,2006-11-01 00:00:00+00:00,83.29,84.3,83.21,83.5,188500,20.8225,21.075,20.8025,20.875,754000,0.0,1.0
IDXX,2006-11-02 00:00:00+00:00,82.47,83.67,81.94,83.03,261100,20.6175,20.9175,20.485,20.7575,1044400,0.0,1.0
IDXX,2006-11-03 00:00:00+00:00,82.39,83.17,82.03,82.78,257500,20.5975,20.7925,20.5075,20.695,1030000,0.0,1.0
IDXX,2006-11-06 00:00:00+00:00,83.0,83.39,82.04,82.36,160800,20.75,20.8475,20.51,20.59,643200,0.0,1.0
IDXX,2006-11-07 00:00:00+00:00,83.32,83.68,82.79,83.37,185800,20.83,20.92,20.6975,20.8425,743200,0.0,1.0
IDXX,2006-11-08 00:00:00+00:00,84.89,85.2,83.51,83.54,220100,21.2225,21.3,20.8775,20.885,880400,0.0,1.0
IDXX,2006-11-09 00:00:00+00:00,84.4,85.08,84.31,85.01,260700,21.1,21.27,21.0775,21.2525,1042800,0.0,1.0
IDXX,2006-11-10 00:00:00+00:00,84.31,84.73,83.79,84.64,113700,21.0775,21.1825,20.9475,21.16,454800,0.0,1.0
IDXX,2006-11-13 00:00:00+00:00,81.73,84.43,81.31,84.43,393100,20.4325,21.1075,20.3275,21.1075,1572400,0.0,1.0
IDXX,2006-11-14 00:00:00+00:00,83.08,83.19,80.83,82.21,237600,20.77,20.7975,20.2075,20.5525,950400,0.0,1.0
IDXX,2006-11-15 00:00:00+00:00,84.22,84.46,82.94,83.02,150300,21.055,21.115,20.735,20.755,601200,0.0,1.0
IDXX,2006-11-16 00:00:00+00:00,84.78,85.27,84.16,84.18,132000,21.195,21.3175,21.04,21.045,528000,0.0,1.0
IDXX,2006-11-17 00:00:00+00:00,84.44,84.76,84.04,84.76,74700,21.11,21.19,21.01,21.19,298800,0.0,1.0
IDXX,2006-11-20 00:00:00+00:00,84.18,84.72,83.95,84.6,164600,21.045,21.18,20.9875,21.15,658400,0.0,1.0
IDXX,2006-11-21 00:00:00+00:00,84.72,85.02,83.61,84.1,178000,21.18,21.255,20.9025,21.025,712000,0.0,1.0
IDXX,2006-11-22 00:00:00+00:00,84.73,84.83,84.21,84.59,157800,21.1825,21.2075,21.0525,21.1475,631200,0.0,1.0
IDXX,2006-11-24 00:00:00+00:00,84.67,84.8,84.29,84.42,106300,21.1675,21.2,21.0725,21.105,425200,0.0,1.0
IDXX,2006-11-27 00:00:00+00:00,84.51,84.98,84.27,84.28,278700,21.1275,21.245,21.0675,21.07,1114800,0.0,1.0
IDXX,2006-11-28 00:00:00+00:00,85.13,85.15,83.82,84.17,215200,21.2825,21.2875,20.955,21.0425,860800,0.0,1.0
IDXX,2006-11-29 00:00:00+00:00,84.93,85.51,84.88,84.97,136600,21.2325,21.3775,21.22,21.2425,546400,0.0,1.0
IDXX,2006-11-30 00:00:00+00:00,84.65,85.25,84.21,85.25,133800,21.1625,21.3125,21.0525,21.3125,535200,0.0,1.0
IDXX,2006-12-01 00:00:00+00:00,84.26,84.73,84.0,84.73,328400,21.065,21.1825,21.0,21.1825,1313600,0.0,1.0
IDXX,2006-12-04 00:00:00+00:00,84.62,84.96,83.69,84.5,280400,21.155,21.24,20.9225,21.125,1121600,0.0,1.0
IDXX,2006-12-05 00:00:00+00:00,84.09,84.97,83.95,84.45,267600,21.0225,21.2425,20.9875,21.1125,1070400,0.0,1.0
IDXX,2006-12-06 00:00:00+00:00,83.83,84.05,83.61,83.82,219200,20.9575,21.0125,20.9025,20.955,876800,0.0,1.0
IDXX,2006-12-07 00:00:00+00:00,83.91,84.49,83.68,83.7,104100,20.9775,21.1225,20.92,20.925,416400,0.0,1.0
IDXX,2006-12-08 00:00:00+00:00,83.68,84.37,83.25,84.34,154800,20.92,21.0925,20.8125,21.085,619200,0.0,1.0
IDXX,2006-12-11 00:00:00+00:00,82.93,83.649,82.72,83.649,174700,20.7325,20.91225,20.68,20.91225,698800,0.0,1.0
IDXX,2006-12-12 00:00:00+00:00,82.77,83.2,82.67,82.7,75600,20.6925,20.8,20.6675,20.675,302400,0.0,1.0
IDXX,2006-12-13 00:00:00+00:00,82.82,83.2,82.64,82.64,93800,20.705,20.8,20.66,20.66,375200,0.0,1.0
IDXX,2006-12-14 00:00:00+00:00,82.75,83.06,82.6,82.66,77100,20.6875,20.765,20.65,20.665,308400,0.0,1.0
IDXX,2006-12-15 00:00:00+00:00,81.8,82.96,81.78,82.96,110400,20.45,20.74,20.445,20.74,441600,0.0,1.0
IDXX,2006-12-18 00:00:00+00:00,81.29,82.32,80.82,82.21,156200,20.3225,20.58,20.205,20.5525,624800,0.0,1.0
IDXX,2006-12-19 00:00:00+00:00,80.52,80.92,80.41,80.92,184800,20.13,20.23,20.1025,20.23,739200,0.0,1.0
IDXX,2006-12-20 00:00:00+00:00,80.18,80.52,80.16,80.52,125000,20.045,20.13,20.04,20.13,500000,0.0,1.0
IDXX,2006-12-21 00:00:00+00:00,79.84,80.75,79.57,80.16,102800,19.96,20.1875,19.8925,20.04,411200,0.0,1.0
IDXX,2006-12-22 00:00:00+00:00,79.61,80.05,79.5,79.8,86500,19.9025,20.0125,19.875,19.95,346000,0.0,1.0
IDXX,2006-12-26 00:00:00+00:00,79.85,79.99,79.28,79.55,137800,19.9625,19.9975,19.82,19.8875,551200,0.0,1.0
IDXX,2006-12-27 00:00:00+00:00,79.19,80.24,78.16,79.8,244800,19.7975,20.06,19.54,19.95,979200,0.0,1.0
IDXX,2006-12-28 00:00:00+00:00,79.28,80.06,78.94,79.11,302300,19.82,20.015,19.735,19.7775,1209200,0.0,1.0
IDXX,2006-12-29 00:00:00+00:00,79.3,80.3,78.66,79.18,102700,19.825,20.075,19.665,19.795,410800,0.0,1.0
IDXX,2007-01-03 00:00:00+00:00,78.21,80.31,77.7,79.56,397600,19.5525,20.0775,19.425,19.89,1590400,0.0,1.0
IDXX,2007-01-04 00:00:00+00:00,79.38,79.48,78.12,78.39,205900,19.845,19.87,19.53,19.5975,823600,0.0,1.0
IDXX,2007-01-05 00:00:00+00:00,80.99,82.24,79.38,79.48,457000,20.2475,20.56,19.845,19.87,1828000,0.0,1.0
IDXX,2007-01-08 00:00:00+00:00,81.74,81.75,80.73,80.81,230400,20.435,20.4375,20.1825,20.2025,921600,0.0,1.0
IDXX,2007-01-09 00:00:00+00:00,81.64,82.13,81.31,81.94,326700,20.41,20.5325,20.3275,20.485,1306800,0.0,1.0
IDXX,2007-01-10 00:00:00+00:00,81.13,81.59,80.6,81.59,141800,20.2825,20.3975,20.15,20.3975,567200,0.0,1.0
IDXX,2007-01-11 00:00:00+00:00,83.11,83.18,80.76,81.0,179900,20.7775,20.795,20.19,20.25,719600,0.0,1.0
IDXX,2007-01-12 00:00:00+00:00,83.28,83.32,82.76,83.23,145200,20.82,20.83,20.69,20.8075,580800,0.0,1.0
IDXX,2007-01-16 00:00:00+00:00,83.68,84.01,83.12,83.28,144100,20.92,21.0025,20.78,20.82,576400,0.0,1.0
IDXX,2007-01-17 00:00:00+00:00,83.63,83.71,83.32,83.47,266500,20.9075,20.9275,20.83,20.8675,1066000,0.0,1.0
IDXX,2007-01-18 00:00:00+00:00,83.65,83.68,83.18,83.33,144400,20.9125,20.92,20.795,20.8325,577600,0.0,1.0
IDXX,2007-01-19 00:00:00+00:00,84.06,84.47,83.53,83.85,152200,21.015,21.1175,20.8825,20.9625,608800,0.0,1.0
IDXX,2007-01-22 00:00:00+00:00,84.55,84.6,84.09,84.23,152400,21.1375,21.15,21.0225,21.0575,609600,0.0,1.0
IDXX,2007-01-23 00:00:00+00:00,84.85,85.16,84.12,84.42,133500,21.2125,21.29,21.03,21.105,534000,0.0,1.0
IDXX,2007-01-24 00:00:00+00:00,85.39,85.44,84.78,85.03,86100,21.3475,21.36,21.195,21.2575,344400,0.0,1.0
IDXX,2007-01-25 00:00:00+00:00,84.83,85.41,84.28,85.39,143000,21.2075,21.3525,21.07,21.3475,572000,0.0,1.0
IDXX,2007-01-26 00:00:00+00:00,88.16,89.5,85.5,87.6,375200,22.04,22.375,21.375,21.9,1500800,0.0,1.0
IDXX,2007-01-29 00:00:00+00:00,83.45,88.65,82.35,88.09,529000,20.8625,22.1625,20.5875,22.0225,2116000,0.0,1.0
IDXX,2007-01-30 00:00:00+00:00,84.15,84.25,82.36,83.34,275300,21.0375,21.0625,20.59,20.835,1101200,0.0,1.0
IDXX,2007-01-31 00:00:00+00:00,85.81,85.93,83.52,83.52,186100,21.4525,21.4825,20.88,20.88,744400,0.0,1.0
IDXX,2007-02-01 00:00:00+00:00,86.79,86.81,85.26,85.63,235100,21.6975,21.7025,21.315,21.4075,940400,0.0,1.0
IDXX,2007-02-02 00:00:00+00:00,86.4,86.99,85.96,86.89,119000,21.6,21.7475,21.49,21.7225,476000,0.0,1.0
IDXX,2007-02-05 00:00:00+00:00,85.23,86.11,85.06,86.1,134300,21.3075,21.5275,21.265,21.525,537200,0.0,1.0
IDXX,2007-02-06 00:00:00+00:00,84.85,85.07,84.34,85.06,121700,21.2125,21.2675,21.085,21.265,486800,0.0,1.0
IDXX,2007-02-07 00:00:00+00:00,84.94,85.08,84.44,85.08,160400,21.235,21.27,21.11,21.27,641600,0.0,1.0
IDXX,2007-02-08 00:00:00+00:00,84.7,84.909,84.42,84.57,66000,21.175,21.22725,21.105,21.1425,264000,0.0,1.0
IDXX,2007-02-09 00:00:00+00:00,84.48,84.67,84.26,84.44,74900,21.12,21.1675,21.065,21.11,299600,0.0,1.0
IDXX,2007-02-12 00:00:00+00:00,83.61,84.66,83.3,84.42,183100,20.9025,21.165,20.825,21.105,732400,0.0,1.0
IDXX,2007-02-13 00:00:00+00:00,83.55,83.78,83.0,83.44,256300,20.8875,20.945,20.75,20.86,1025200,0.0,1.0
IDXX,2007-02-14 00:00:00+00:00,83.87,83.98,83.27,83.7,156100,20.9675,20.995,20.8175,20.925,624400,0.0,1.0
IDXX,2007-02-15 00:00:00+00:00,84.26,84.71,83.41,83.54,170200,21.065,21.1775,20.8525,20.885,680800,0.0,1.0
IDXX,2007-02-16 00:00:00+00:00,85.61,85.65,83.92,83.92,302100,21.4025,21.4125,20.98,20.98,1208400,0.0,1.0
IDXX,2007-02-20 00:00:00+00:00,85.81,85.96,85.27,85.74,213500,21.4525,21.49,21.3175,21.435,854000,0.0,1.0
IDXX,2007-02-21 00:00:00+00:00,86.62,86.62,85.41,85.41,131300,21.655,21.655,21.3525,21.3525,525200,0.0,1.0
IDXX,2007-02-22 00:00:00+00:00,87.41,87.48,86.68,86.9,190200,21.8525,21.87,21.67,21.725,760800,0.0,1.0
IDXX,2007-02-23 00:00:00+00:00,87.1,87.32,86.79,87.1,120100,21.775,21.83,21.6975,21.775,480400,0.0,1.0
IDXX,2007-02-26 00:00:00+00:00,87.1,87.23,86.75,87.1,213000,21.775,21.8075,21.6875,21.775,852000,0.0,1.0
IDXX,2007-02-27 00:00:00+00:00,85.2,86.95,85.0,86.74,293700,21.3,21.7375,21.25,21.685,1174800,0.0,1.0
IDXX,2007-02-28 00:00:00+00:00,86.18,86.23,84.9,85.02,210100,21.545,21.5575,21.225,21.255,840400,0.0,1.0
IDXX,2007-03-01 00:00:00+00:00,85.96,86.52,84.81,85.43,156900,21.49,21.63,21.2025,21.3575,627600,0.0,1.0
IDXX,2007-03-02 00:00:00+00:00,85.14,86.13,84.9,85.78,106300,21.285,21.5325,21.225,21.445,425200,0.0,1.0
IDXX,2007-03-05 00:00:00+00:00,84.98,86.05,84.95,85.42,132000,21.245,21.5125,21.2375,21.355,528000,0.0,1.0
IDXX,2007-03-06 00:00:00+00:00,84.85,85.22,83.87,85.16,327500,21.2125,21.305,20.9675,21.29,1310000,0.0,1.0
IDXX,2007-03-07 00:00:00+00:00,85.15,85.65,84.37,84.52,186000,21.2875,21.4125,21.0925,21.13,744000,0.0,1.0
IDXX,2007-03-08 00:00:00+00:00,86.14,86.57,85.5,85.5,133700,21.535,21.6425,21.375,21.375,534800,0.0,1.0
IDXX,2007-03-09 00:00:00+00:00,86.53,87.18,85.81,85.99,167200,21.6325,21.795,21.4525,21.4975,668800,0.0,1.0
IDXX,2007-03-12 00:00:00+00:00,86.32,86.96,86.1,86.21,206400,21.58,21.74,21.525,21.5525,825600,0.0,1.0
IDXX,2007-03-13 00:00:00+00:00,85.08,86.45,85.0,86.18,166800,21.27,21.6125,21.25,21.545,667200,0.0,1.0
IDXX,2007-03-14 00:00:00+00:00,85.24,85.34,84.42,85.02,139600,21.31,21.335,21.105,21.255,558400,0.0,1.0
IDXX,2007-03-15 00:00:00+00:00,85.75,85.96,85.05,85.45,103900,21.4375,21.49,21.2625,21.3625,415600,0.0,1.0
IDXX,2007-03-16 00:00:00+00:00,85.98,86.0499,85.43,85.79,99700,21.495,21.512475,21.3575,21.4475,398800,0.0,1.0
IDXX,2007-03-19 00:00:00+00:00,86.81,86.81,85.72,86.06,57300,21.7025,21.7025,21.43,21.515,229200,0.0,1.0
IDXX,2007-03-20 00:00:00+00:00,85.98,86.86,85.45,86.86,93200,21.495,21.715,21.3625,21.715,372800,0.0,1.0
IDXX,2007-03-21 00:00:00+00:00,86.0,86.25,85.19,86.24,147800,21.5,21.5625,21.2975,21.56,591200,0.0,1.0
IDXX,2007-03-22 00:00:00+00:00,86.52,86.52,85.88,85.98,108500,21.63,21.63,21.47,21.495,434000,0.0,1.0
IDXX,2007-03-23 00:00:00+00:00,87.33,87.41,86.55,86.55,131000,21.8325,21.8525,21.6375,21.6375,524000,0.0,1.0
IDXX,2007-03-26 00:00:00+00:00,87.0,87.3,86.51,86.94,86000,21.75,21.825,21.6275,21.735,344000,0.0,1.0
IDXX,2007-03-27 00:00:00+00:00,86.63,87.23,86.11,87.0,61000,21.6575,21.8075,21.5275,21.75,244000,0.0,1.0
IDXX,2007-03-28 00:00:00+00:00,86.2,86.6,85.9,86.6,137300,21.55,21.65,21.475,21.65,549200,0.0,1.0
IDXX,2007-03-29 00:00:00+00:00,86.5,86.7,85.87,86.38,122800,21.625,21.675,21.4675,21.595,491200,0.0,1.0
IDXX,2007-03-30 00:00:00+00:00,87.63,87.65,86.17,86.17,215400,21.9075,21.9125,21.5425,21.5425,861600,0.0,1.0
IDXX,2007-04-02 00:00:00+00:00,87.85,88.09,86.97,87.5,195500,21.9625,22.0225,21.7425,21.875,782000,0.0,1.0
IDXX,2007-04-03 00:00:00+00:00,88.05,88.38,87.57,87.57,126300,22.0125,22.095,21.8925,21.8925,505200,0.0,1.0
IDXX,2007-04-04 00:00:00+00:00,87.85,88.18,87.39,88.09,88700,21.9625,22.045,21.8475,22.0225,354800,0.0,1.0
IDXX,2007-04-05 00:00:00+00:00,88.02,88.24,87.4,87.5,93700,22.005,22.06,21.85,21.875,374800,0.0,1.0
IDXX,2007-04-09 00:00:00+00:00,87.91,88.34,87.74,87.8,54000,21.9775,22.085,21.935,21.95,216000,0.0,1.0
IDXX,2007-04-10 00:00:00+00:00,87.86,88.68,87.62,88.19,75100,21.965,22.17,21.905,22.0475,300400,0.0,1.0
IDXX,2007-04-11 00:00:00+00:00,86.98,87.92,86.74,87.6,75800,21.745,21.98,21.685,21.9,303200,0.0,1.0
IDXX,2007-04-12 00:00:00+00:00,87.49,87.55,86.52,86.67,75500,21.8725,21.8875,21.63,21.6675,302000,0.0,1.0
IDXX,2007-04-13 00:00:00+00:00,87.6,87.6,86.7,87.26,81300,21.9,21.9,21.675,21.815,325200,0.0,1.0
IDXX,2007-04-16 00:00:00+00:00,87.7,88.22,87.59,87.67,107900,21.925,22.055,21.8975,21.9175,431600,0.0,1.0
IDXX,2007-04-17 00:00:00+00:00,87.65,88.27,87.5,87.5,98200,21.9125,22.0675,21.875,21.875,392800,0.0,1.0
IDXX,2007-04-18 00:00:00+00:00,86.94,87.65,86.41,87.65,81500,21.735,21.9125,21.6025,21.9125,326000,0.0,1.0
IDXX,2007-04-19 00:00:00+00:00,87.0,87.27,86.31,86.59,65300,21.75,21.8175,21.5775,21.6475,261200,0.0,1.0
IDXX,2007-04-20 00:00:00+00:00,87.25,87.54,86.76,87.41,114700,21.8125,21.885,21.69,21.8525,458800,0.0,1.0
IDXX,2007-04-23 00:00:00+00:00,88.12,88.89,87.25,87.25,201100,22.03,22.2225,21.8125,21.8125,804400,0.0,1.0
IDXX,2007-04-24 00:00:00+00:00,88.12,88.47,87.39,87.97,249100,22.03,22.1175,21.8475,21.9925,996400,0.0,1.0
IDXX,2007-04-25 00:00:00+00:00,88.92,89.36,87.65,88.41,148100,22.23,22.34,21.9125,22.1025,592400,0.0,1.0
IDXX,2007-04-26 00:00:00+00:00,89.0,90.17,88.72,89.28,244700,22.25,22.5425,22.18,22.32,978800,0.0,1.0
IDXX,2007-04-27 00:00:00+00:00,91.67,96.9,91.67,94.0,541600,22.9175,24.225,22.9175,23.5,2166400,0.0,1.0
IDXX,2007-04-30 00:00:00+00:00,90.17,92.7,90.09,92.04,300700,22.5425,23.175,22.5225,23.01,1202800,0.0,1.0
IDXX,2007-05-01 00:00:00+00:00,89.7,90.47,89.36,90.01,218400,22.425,22.6175,22.34,22.5025,873600,0.0,1.0
IDXX,2007-05-02 00:00:00+00:00,90.61,90.91,89.76,89.85,211800,22.6525,22.7275,22.44,22.4625,847200,0.0,1.0
IDXX,2007-05-03 00:00:00+00:00,89.68,90.91,89.57,90.06,141900,22.42,22.7275,22.3925,22.515,567600,0.0,1.0
IDXX,2007-05-04 00:00:00+00:00,89.61,90.01,88.97,90.01,128600,22.4025,22.5025,22.2425,22.5025,514400,0.0,1.0
IDXX,2007-05-07 00:00:00+00:00,89.36,90.01,88.93,89.61,138300,22.34,22.5025,22.2325,22.4025,553200,0.0,1.0
IDXX,2007-05-08 00:00:00+00:00,89.07,89.56,88.58,89.28,122400,22.2675,22.39,22.145,22.32,489600,0.0,1.0
IDXX,2007-05-09 00:00:00+00:00,89.09,89.38,88.6,88.95,94800,22.2725,22.345,22.15,22.2375,379200,0.0,1.0
IDXX,2007-05-10 00:00:00+00:00,87.96,89.319,87.81,89.2,111900,21.99,22.32975,21.9525,22.3,447600,0.0,1.0
IDXX,2007-05-11 00:00:00+00:00,88.84,88.94,87.72,88.87,111400,22.21,22.235,21.93,22.2175,445600,0.0,1.0
IDXX,2007-05-14 00:00:00+00:00,88.45,89.33,87.99,89.04,72600,22.1125,22.3325,21.9975,22.26,290400,0.0,1.0
IDXX,2007-05-15 00:00:00+00:00,87.29,88.85,87.08,88.2,123200,21.8225,22.2125,21.77,22.05,492800,0.0,1.0
IDXX,2007-05-16 00:00:00+00:00,88.01,88.13,86.81,87.14,98100,22.0025,22.0325,21.7025,21.785,392400,0.0,1.0
IDXX,2007-05-17 00:00:00+00:00,86.89,88.15,85.73,88.15,205600,21.7225,22.0375,21.4325,22.0375,822400,0.0,1.0
IDXX,2007-05-18 00:00:00+00:00,87.65,87.69,86.06,86.81,119700,21.9125,21.9225,21.515,21.7025,478800,0.0,1.0
IDXX,2007-05-21 00:00:00+00:00,87.98,88.04,87.14,87.3,120700,21.995,22.01,21.785,21.825,482800,0.0,1.0
IDXX,2007-05-22 00:00:00+00:00,88.92,88.94,87.7,87.78,126500,22.23,22.235,21.925,21.945,506000,0.0,1.0
IDXX,2007-05-23 00:00:00+00:00,88.95,89.62,88.78,88.89,139300,22.2375,22.405,22.195,22.2225,557200,0.0,1.0
IDXX,2007-05-24 00:00:00+00:00,87.61,89.03,87.31,88.7,118500,21.9025,22.2575,21.8275,22.175,474000,0.0,1.0
IDXX,2007-05-25 00:00:00+00:00,87.74,88.34,87.35,87.53,94400,21.935,22.085,21.8375,21.8825,377600,0.0,1.0
IDXX,2007-05-29 00:00:00+00:00,88.3,88.5,87.53,87.58,77800,22.075,22.125,21.8825,21.895,311200,0.0,1.0
IDXX,2007-05-30 00:00:00+00:00,88.15,88.52,87.56,88.47,141200,22.0375,22.13,21.89,22.1175,564800,0.0,1.0
IDXX,2007-05-31 00:00:00+00:00,88.29,88.51,87.97,88.3,130200,22.0725,22.1275,21.9925,22.075,520800,0.0,1.0
IDXX,2007-06-01 00:00:00+00:00,88.92,89.13,88.25,88.28,97900,22.23,22.2825,22.0625,22.07,391600,0.0,1.0
IDXX,2007-06-04 00:00:00+00:00,90.0,90.0,88.34,89.0,167300,22.5,22.5,22.085,22.25,669200,0.0,1.0
IDXX,2007-06-05 00:00:00+00:00,89.07,90.5,88.7,89.64,143400,22.2675,22.625,22.175,22.41,573600,0.0,1.0
IDXX,2007-06-06 00:00:00+00:00,88.6,89.08,88.25,88.81,142300,22.15,22.27,22.0625,22.2025,569200,0.0,1.0
IDXX,2007-06-07 00:00:00+00:00,87.0,88.65,86.5,88.65,232600,21.75,22.1625,21.625,22.1625,930400,0.0,1.0
IDXX,2007-06-08 00:00:00+00:00,87.01,87.62,86.56,86.73,150200,21.7525,21.905,21.64,21.6825,600800,0.0,1.0
IDXX,2007-06-11 00:00:00+00:00,86.55,87.28,86.05,87.13,148500,21.6375,21.82,21.5125,21.7825,594000,0.0,1.0
IDXX,2007-06-12 00:00:00+00:00,85.91,86.59,85.65,86.08,143600,21.4775,21.6475,21.4125,21.52,574400,0.0,1.0
IDXX,2007-06-13 00:00:00+00:00,86.74,87.06,85.71,86.0,120300,21.685,21.765,21.4275,21.5,481200,0.0,1.0
IDXX,2007-06-14 00:00:00+00:00,87.81,88.06,86.8,86.99,129600,21.9525,22.015,21.7,21.7475,518400,0.0,1.0
IDXX,2007-06-15 00:00:00+00:00,88.39,88.914,87.87,87.91,152100,22.0975,22.2285,21.9675,21.9775,608400,0.0,1.0
IDXX,2007-06-18 00:00:00+00:00,87.81,88.26,87.45,88.08,104400,21.9525,22.065,21.8625,22.02,417600,0.0,1.0
IDXX,2007-06-19 00:00:00+00:00,88.71,88.75,86.8,87.68,181600,22.1775,22.1875,21.7,21.92,726400,0.0,1.0
IDXX,2007-06-20 00:00:00+00:00,90.61,91.0,88.7,88.77,335500,22.6525,22.75,22.175,22.1925,1342000,0.0,1.0
IDXX,2007-06-21 00:00:00+00:00,91.15,91.29,90.55,90.55,186600,22.7875,22.8225,22.6375,22.6375,746400,0.0,1.0
IDXX,2007-06-22 00:00:00+00:00,90.86,91.14,90.64,90.81,256200,22.715,22.785,22.66,22.7025,1024800,0.0,1.0
IDXX,2007-06-25 00:00:00+00:00,90.78,91.28,90.39,90.93,241500,22.695,22.82,22.5975,22.7325,966000,0.0,1.0
IDXX,2007-06-26 00:00:00+00:00,90.8,91.96,90.32,90.97,294100,22.7,22.99,22.58,22.7425,1176400,0.0,1.0
IDXX,2007-06-27 00:00:00+00:00,94.6,94.73,90.96,91.0,299300,23.65,23.6825,22.74,22.75,1197200,0.0,1.0
IDXX,2007-06-28 00:00:00+00:00,95.95,96.47,94.0601,94.74,389800,23.9875,24.1175,23.515025,23.685,1559200,0.0,1.0
IDXX,2007-06-29 00:00:00+00:00,94.63,96.08,94.12,96.0,287100,23.6575,24.02,23.53,24.0,1148400,0.0,1.0
IDXX,2007-07-02 00:00:00+00:00,94.77,94.94,93.91,94.86,160700,23.6925,23.735,23.4775,23.715,642800,0.0,1.0
IDXX,2007-07-03 00:00:00+00:00,94.97,95.36,94.6,94.6,65300,23.7425,23.84,23.65,23.65,261200,0.0,1.0
IDXX,2007-07-05 00:00:00+00:00,95.08,95.93,94.76,95.35,160800,23.77,23.9825,23.69,23.8375,643200,0.0,1.0
IDXX,2007-07-06 00:00:00+00:00,95.21,96.0,94.88,95.39,117400,23.8025,24.0,23.72,23.8475,469600,0.0,1.0
IDXX,2007-07-09 00:00:00+00:00,95.66,95.72,94.9,94.9,164400,23.915,23.93,23.725,23.725,657600,0.0,1.0
IDXX,2007-07-10 00:00:00+00:00,95.31,95.77,94.96,95.59,140500,23.8275,23.9425,23.74,23.8975,562000,0.0,1.0
IDXX,2007-07-11 00:00:00+00:00,96.18,96.3,94.51,95.63,127300,24.045,24.075,23.6275,23.9075,509200,0.0,1.0
IDXX,2007-07-12 00:00:00+00:00,96.07,96.63,95.65,96.12,116900,24.0175,24.1575,23.9125,24.03,467600,0.0,1.0
IDXX,2007-07-13 00:00:00+00:00,96.44,96.56,95.5032,96.0,57200,24.11,24.14,23.8758,24.0,228800,0.0,1.0
IDXX,2007-07-16 00:00:00+00:00,95.39,96.34,95.25,96.13,76700,23.8475,24.085,23.8125,24.0325,306800,0.0,1.0
IDXX,2007-07-17 00:00:00+00:00,95.43,96.47,95.08,95.13,102700,23.8575,24.1175,23.77,23.7825,410800,0.0,1.0
IDXX,2007-07-18 00:00:00+00:00,96.52,96.89,95.34,95.44,152100,24.13,24.2225,23.835,23.86,608400,0.0,1.0
IDXX,2007-07-19 00:00:00+00:00,97.08,97.35,95.9,96.51,139300,24.27,24.3375,23.975,24.1275,557200,0.0,1.0
IDXX,2007-07-20 00:00:00+00:00,97.7,98.5,96.03,96.61,217600,24.425,24.625,24.0075,24.1525,870400,0.0,1.0
IDXX,2007-07-23 00:00:00+00:00,97.45,97.95,96.52,97.52,107800,24.3625,24.4875,24.13,24.38,431200,0.0,1.0
IDXX,2007-07-24 00:00:00+00:00,98.0,98.25,97.015,97.015,163100,24.5,24.5625,24.25375,24.25375,652400,0.0,1.0
IDXX,2007-07-25 00:00:00+00:00,98.34,98.58,97.23,98.0,127400,24.585,24.645,24.3075,24.5,509600,0.0,1.0
IDXX,2007-07-26 00:00:00+00:00,97.74,98.43,96.4901,97.38,138700,24.435,24.6075,24.122525,24.345,554800,0.0,1.0
IDXX,2007-07-27 00:00:00+00:00,98.98,100.09,96.4701,99.0,330500,24.745,25.0225,24.117525,24.75,1322000,0.0,1.0
IDXX,2007-07-30 00:00:00+00:00,99.46,100.7,98.02,99.71,201400,24.865,25.175,24.505,24.9275,805600,0.0,1.0
IDXX,2007-07-31 00:00:00+00:00,100.26,101.47,99.6,100.0,317400,25.065,25.3675,24.9,25.0,1269600,0.0,1.0
IDXX,2007-08-01 00:00:00+00:00,101.39,101.85,98.25,99.89,234300,25.3475,25.4625,24.5625,24.9725,937200,0.0,1.0
IDXX,2007-08-02 00:00:00+00:00,102.14,104.97,101.79,101.98,381400,25.535,26.2425,25.4475,25.495,1525600,0.0,1.0
IDXX,2007-08-03 00:00:00+00:00,106.62,108.0,101.89,101.89,475800,26.655,27.0,25.4725,25.4725,1903200,0.0,1.0
IDXX,2007-08-06 00:00:00+00:00,108.57,108.77,104.95,105.92,349600,27.1425,27.1925,26.2375,26.48,1398400,0.0,1.0
IDXX,2007-08-07 00:00:00+00:00,108.98,109.49,107.87,108.56,395300,27.245,27.3725,26.9675,27.14,1581200,0.0,1.0
IDXX,2007-08-08 00:00:00+00:00,110.19,115.44,107.05,109.0,534900,27.5475,28.86,26.7625,27.25,2139600,0.0,1.0
IDXX,2007-08-09 00:00:00+00:00,109.16,112.89,107.9,108.65,519300,27.29,28.2225,26.975,27.1625,2077200,0.0,1.0
IDXX,2007-08-10 00:00:00+00:00,107.84,111.17,106.51,108.15,283000,26.96,27.7925,26.6275,27.0375,1132000,0.0,1.0
IDXX,2007-08-13 00:00:00+00:00,105.52,108.01,104.68,108.01,273900,26.38,27.0025,26.17,27.0025,1095600,0.0,1.0
IDXX,2007-08-14 00:00:00+00:00,106.62,107.28,105.37,105.97,142300,26.655,26.82,26.3425,26.4925,569200,0.0,1.0
IDXX,2007-08-15 00:00:00+00:00,106.0,107.91,105.16,106.14,189200,26.5,26.9775,26.29,26.535,756800,0.0,1.0
IDXX,2007-08-16 00:00:00+00:00,105.03,106.0,103.67,105.33,254900,26.2575,26.5,25.9175,26.3325,1019600,0.0,1.0
IDXX,2007-08-17 00:00:00+00:00,105.22,107.01,104.55,105.46,177900,26.305,26.7525,26.1375,26.365,711600,0.0,1.0
IDXX,2007-08-20 00:00:00+00:00,108.97,109.5,105.46,105.78,206100,27.2425,27.375,26.365,26.445,824400,0.0,1.0
IDXX,2007-08-21 00:00:00+00:00,107.59,108.97,106.65,108.97,173900,26.8975,27.2425,26.6625,27.2425,695600,0.0,1.0
IDXX,2007-08-22 00:00:00+00:00,107.23,108.08,106.24,107.96,159600,26.8075,27.02,26.56,26.99,638400,0.0,1.0
IDXX,2007-08-23 00:00:00+00:00,107.5,108.86,106.42,107.25,128600,26.875,27.215,26.605,26.8125,514400,0.0,1.0
IDXX,2007-08-24 00:00:00+00:00,108.0,108.31,106.97,107.9,108300,27.0,27.0775,26.7425,26.975,433200,0.0,1.0
IDXX,2007-08-27 00:00:00+00:00,109.1,109.46,108.08,108.27,203000,27.275,27.365,27.02,27.0675,812000,0.0,1.0
IDXX,2007-08-28 00:00:00+00:00,111.01,112.81,108.8201,108.96,226300,27.7525,28.2025,27.205025,27.24,905200,0.0,1.0
IDXX,2007-08-29 00:00:00+00:00,111.57,111.82,110.35,111.25,163900,27.8925,27.955,27.5875,27.8125,655600,0.0,1.0
IDXX,2007-08-30 00:00:00+00:00,110.55,111.95,110.02,111.18,128300,27.6375,27.9875,27.505,27.795,513200,0.0,1.0
IDXX,2007-08-31 00:00:00+00:00,111.75,112.22,110.0,111.16,116400,27.9375,28.055,27.5,27.79,465600,0.0,1.0
IDXX,2007-09-04 00:00:00+00:00,112.49,115.0,111.91,112.49,192900,28.1225,28.75,27.9775,28.1225,771600,0.0,1.0
IDXX,2007-09-05 00:00:00+00:00,113.25,113.5,111.8,112.33,121000,28.3125,28.375,27.95,28.0825,484000,0.0,1.0
IDXX,2007-09-06 00:00:00+00:00,112.57,113.41,112.16,112.74,137400,28.1425,28.3525,28.04,28.185,549600,0.0,1.0
IDXX,2007-09-07 00:00:00+00:00,114.61,115.34,112.05,112.05,166300,28.6525,28.835,28.0125,28.0125,665200,0.0,1.0
IDXX,2007-09-10 00:00:00+00:00,113.34,114.49,112.68,114.33,116000,28.335,28.6225,28.17,28.5825,464000,0.0,1.0
IDXX,2007-09-11 00:00:00+00:00,115.2,115.5899,113.0701,113.55,103900,28.8,28.897475,28.267525,28.3875,415600,0.0,1.0
IDXX,2007-09-12 00:00:00+00:00,114.76,115.56,113.93,115.56,102800,28.69,28.89,28.4825,28.89,411200,0.0,1.0
IDXX,2007-09-13 00:00:00+00:00,114.56,115.33,113.55,115.0,88100,28.64,28.8325,28.3875,28.75,352400,0.0,1.0
IDXX,2007-09-14 00:00:00+00:00,114.73,114.99,113.41,114.5,89500,28.6825,28.7475,28.3525,28.625,358000,0.0,1.0
IDXX,2007-09-17 00:00:00+00:00,113.87,115.26,113.2,114.84,60500,28.4675,28.815,28.3,28.71,242000,0.0,1.0
IDXX,2007-09-18 00:00:00+00:00,114.68,115.75,113.1,114.03,137300,28.67,28.9375,28.275,28.5075,549200,0.0,1.0
IDXX,2007-09-19 00:00:00+00:00,115.02,115.94,114.48,115.5,177600,28.755,28.985,28.62,28.875,710400,0.0,1.0
IDXX,2007-09-20 00:00:00+00:00,115.89,118.49,114.44,115.01,149500,28.9725,29.6225,28.61,28.7525,598000,0.0,1.0
IDXX,2007-09-21 00:00:00+00:00,115.49,116.31,115.32,115.95,69700,28.8725,29.0775,28.83,28.9875,278800,0.0,1.0
IDXX,2007-09-24 00:00:00+00:00,115.41,115.9,115.0,115.46,58200,28.8525,28.975,28.75,28.865,232800,0.0,1.0
IDXX,2007-09-25 00:00:00+00:00,114.62,115.47,114.0,115.41,73500,28.655,28.8675,28.5,28.8525,294000,0.0,1.0
IDXX,2007-09-26 00:00:00+00:00,112.58,115.11,111.6301,114.59,219900,28.145,28.7775,27.907525,28.6475,879600,0.0,1.0
IDXX,2007-09-27 00:00:00+00:00,110.9,113.65,109.5,112.55,572900,27.725,28.4125,27.375,28.1375,2291600,0.0,1.0
IDXX,2007-09-28 00:00:00+00:00,109.59,113.18,109.59,111.2,526300,27.3975,28.295,27.3975,27.8,2105200,0.0,1.0
IDXX,2007-10-01 00:00:00+00:00,107.42,113.44,107.42,109.57,588100,26.855,28.36,26.855,27.3925,2352400,0.0,1.0
IDXX,2007-10-02 00:00:00+00:00,109.38,111.3,107.16,107.16,281600,27.345,27.825,26.79,26.79,1126400,0.0,1.0
IDXX,2007-10-03 00:00:00+00:00,110.4,110.58,108.9,108.9,166800,27.6,27.645,27.225,27.225,667200,0.0,1.0
IDXX,2007-10-04 00:00:00+00:00,112.46,112.94,110.05,110.05,144900,28.115,28.235,27.5125,27.5125,579600,0.0,1.0
IDXX,2007-10-05 00:00:00+00:00,112.4,113.54,111.7,112.68,96300,28.1,28.385,27.925,28.17,385200,0.0,1.0
IDXX,2007-10-08 00:00:00+00:00,112.97,113.9092,111.5,112.05,163300,28.2425,28.4773,27.875,28.0125,653200,0.0,1.0
IDXX,2007-10-09 00:00:00+00:00,113.91,115.27,112.18,112.79,287600,28.4775,28.8175,28.045,28.1975,1150400,0.0,1.0
IDXX,2007-10-10 00:00:00+00:00,114.13,115.14,112.78,113.96,133600,28.5325,28.785,28.195,28.49,534400,0.0,1.0
IDXX,2007-10-11 00:00:00+00:00,113.25,115.23,113.08,114.11,50500,28.3125,28.8075,28.27,28.5275,202000,0.0,1.0
IDXX,2007-10-12 00:00:00+00:00,114.78,116.23,113.27,114.47,130500,28.695,29.0575,28.3175,28.6175,522000,0.0,1.0
IDXX,2007-10-15 00:00:00+00:00,116.0,116.25,114.45,114.45,163100,29.0,29.0625,28.6125,28.6125,652400,0.0,1.0
IDXX,2007-10-16 00:00:00+00:00,116.3,116.4,115.35,115.62,112500,29.075,29.1,28.8375,28.905,450000,0.0,1.0
IDXX,2007-10-17 00:00:00+00:00,117.06,119.16,116.37,116.46,136000,29.265,29.79,29.0925,29.115,544000,0.0,1.0
IDXX,2007-10-18 00:00:00+00:00,117.0,117.76,116.07,117.06,96800,29.25,29.44,29.0175,29.265,387200,0.0,1.0
IDXX,2007-10-19 00:00:00+00:00,115.65,118.49,115.57,117.0,92100,28.9125,29.6225,28.8925,29.25,368400,0.0,1.0
IDXX,2007-10-22 00:00:00+00:00,112.41,115.74,112.03,115.27,168300,28.1025,28.935,28.0075,28.8175,673200,0.0,1.0
IDXX,2007-10-23 00:00:00+00:00,114.69,115.22,111.53,111.74,116300,28.6725,28.805,27.8825,27.935,465200,0.0,1.0
IDXX,2007-10-24 00:00:00+00:00,116.05,116.19,114.05,114.12,93200,29.0125,29.0475,28.5125,28.53,372800,0.0,1.0
IDXX,2007-10-25 00:00:00+00:00,114.25,116.07,113.5,116.07,137300,28.5625,29.0175,28.375,29.0175,549200,0.0,1.0
IDXX,2007-10-26 00:00:00+00:00,120.1,125.69,116.0,116.46,433300,30.025,31.4225,29.0,29.115,1733200,0.0,1.0
IDXX,2007-10-29 00:00:00+00:00,116.46,121.45,115.65,121.45,254200,29.115,30.3625,28.9125,30.3625,1016800,0.0,1.0
IDXX,2007-10-30 00:00:00+00:00,117.84,119.19,116.0,116.0,204800,29.46,29.7975,29.0,29.0,819200,0.0,1.0
IDXX,2007-10-31 00:00:00+00:00,121.78,121.99,118.45,118.67,195000,30.445,30.4975,29.6125,29.6675,780000,0.0,1.0
IDXX,2007-11-01 00:00:00+00:00,121.05,124.35,119.666,120.66,149800,30.2625,31.0875,29.9165,30.165,599200,0.0,1.0
IDXX,2007-11-02 00:00:00+00:00,122.6,125.0,120.79,120.79,157100,30.65,31.25,30.1975,30.1975,628400,0.0,1.0
IDXX,2007-11-05 00:00:00+00:00,119.67,121.48,119.3,120.16,202700,29.9175,30.37,29.825,30.04,810800,0.0,1.0
IDXX,2007-11-06 00:00:00+00:00,124.6,124.79,120.07,120.07,294800,31.15,31.1975,30.0175,30.0175,1179200,0.0,1.0
IDXX,2007-11-07 00:00:00+00:00,125.06,126.72,123.67,124.6,211900,31.265,31.68,30.9175,31.15,847600,0.0,1.0
IDXX,2007-11-08 00:00:00+00:00,128.27,128.5,124.547,124.92,322200,32.0675,32.125,31.13675,31.23,1288800,0.0,1.0
IDXX,2007-11-09 00:00:00+00:00,126.64,128.27,125.57,128.27,193800,31.66,32.0675,31.3925,32.0675,775200,0.0,1.0
IDXX,2007-11-12 00:00:00+00:00,124.94,128.51,124.13,128.51,275700,31.235,32.1275,31.0325,32.1275,1102800,0.0,1.0
IDXX,2007-11-13 00:00:00+00:00,125.87,126.79,124.156,126.79,120100,31.4675,31.6975,31.039,31.6975,480400,0.0,1.0
IDXX,2007-11-14 00:00:00+00:00,126.68,128.16,125.05,126.6,87900,31.67,32.04,31.2625,31.65,351600,0.0,1.0
IDXX,2007-11-15 00:00:00+00:00,128.45,128.92,126.0,126.29,162700,32.1125,32.23,31.5,31.5725,650800,0.0,1.0
IDXX,2007-11-16 00:00:00+00:00,127.52,129.35,126.87,128.07,215400,31.88,32.3375,31.7175,32.0175,861600,0.0,1.0
IDXX,2007-11-19 00:00:00+00:00,126.15,127.99,125.29,126.12,125500,31.5375,31.9975,31.3225,31.53,502000,0.0,1.0
IDXX,2007-11-20 00:00:00+00:00,125.66,126.68,123.5201,125.9,117400,31.415,31.67,30.880025,31.475,469600,0.0,1.0
IDXX,2007-11-21 00:00:00+00:00,119.89,125.81,119.3,125.3,266000,29.9725,31.4525,29.825,31.325,1064000,0.0,1.0
IDXX,2007-11-23 00:00:00+00:00,120.67,121.13,120.28,120.28,77100,30.1675,30.2825,30.07,30.07,308400,0.0,1.0
IDXX,2007-11-26 00:00:00+00:00,120.86,121.59,119.83,119.83,217000,30.215,30.3975,29.9575,29.9575,868000,0.0,1.0
IDXX,2007-11-27 00:00:00+00:00,59.63,61.15,58.48,60.98,193250,29.815,30.575,29.24,30.49,386500,0.0,2.0
IDXX,2007-11-28 00:00:00+00:00,60.91,61.05,59.35,59.85,374700,30.455,30.525,29.675,29.925,749400,0.0,1.0
IDXX,2007-11-29 00:00:00+00:00,60.3,61.0,59.97,61.0,182600,30.15,30.5,29.985,30.5,365200,0.0,1.0
IDXX,2007-11-30 00:00:00+00:00,60.5,60.75,59.886,60.47,305600,30.25,30.375,29.943,30.235,611200,0.0,1.0
IDXX,2007-12-03 00:00:00+00:00,59.75,60.55,59.57,60.5,221500,29.875,30.275,29.785,30.25,443000,0.0,1.0
IDXX,2007-12-04 00:00:00+00:00,59.95,60.2,59.1,59.55,272300,29.975,30.1,29.55,29.775,544600,0.0,1.0
IDXX,2007-12-05 00:00:00+00:00,59.57,60.35,59.13,60.3,274700,29.785,30.175,29.565,30.15,549400,0.0,1.0
IDXX,2007-12-06 00:00:00+00:00,59.5,59.85,58.99,59.03,214800,29.75,29.925,29.495,29.515,429600,0.0,1.0
IDXX,2007-12-07 00:00:00+00:00,59.2,59.7,58.94,59.59,170500,29.6,29.85,29.47,29.795,341000,0.0,1.0
IDXX,2007-12-10 00:00:00+00:00,59.8,60.07,58.1,59.2,313400,29.9,30.035,29.05,29.6,626800,0.0,1.0
IDXX,2007-12-11 00:00:00+00:00,59.97,60.75,59.81,60.1,255300,29.985,30.375,29.905,30.05,510600,0.0,1.0
IDXX,2007-12-12 00:00:00+00:00,60.39,60.59,59.94,60.42,172500,30.195,30.295,29.97,30.21,345000,0.0,1.0
IDXX,2007-12-13 00:00:00+00:00,61.03,61.06,59.81,59.81,221800,30.515,30.53,29.905,29.905,443600,0.0,1.0
IDXX,2007-12-14 00:00:00+00:00,60.97,62.06,60.67,61.93,266000,30.485,31.03,30.335,30.965,532000,0.0,1.0
IDXX,2007-12-17 00:00:00+00:00,59.01,60.78,59.0,60.43,208900,29.505,30.39,29.5,30.215,417800,0.0,1.0
IDXX,2007-12-18 00:00:00+00:00,56.7,59.18,55.76,59.13,469200,28.35,29.59,27.88,29.565,938400,0.0,1.0
IDXX,2007-12-19 00:00:00+00:00,58.63,59.65,56.06,56.06,389400,29.315,29.825,28.03,28.03,778800,0.0,1.0
IDXX,2007-12-20 00:00:00+00:00,58.02,59.75,57.83,58.59,270300,29.01,29.875,28.915,29.295,540600,0.0,1.0
IDXX,2007-12-21 00:00:00+00:00,58.67,59.48,57.8,58.14,522800,29.335,29.74,28.9,29.07,1045600,0.0,1.0
IDXX,2007-12-24 00:00:00+00:00,59.48,59.63,58.56,58.9,64900,29.74,29.815,29.28,29.45,129800,0.0,1.0
IDXX,2007-12-26 00:00:00+00:00,59.28,59.91,58.56,59.77,128900,29.64,29.955,29.28,29.885,257800,0.0,1.0
IDXX,2007-12-27 00:00:00+00:00,59.52,59.73,58.16,59.27,204100,29.76,29.865,29.08,29.635,408200,0.0,1.0
IDXX,2007-12-28 00:00:00+00:00,58.44,59.5,57.98,59.5,179300,29.22,29.75,28.99,29.75,358600,0.0,1.0
IDXX,2007-12-31 00:00:00+00:00,58.63,59.2,57.86,57.86,164500,29.315,29.6,28.93,28.93,329000,0.0,1.0
IDXX,2008-01-02 00:00:00+00:00,58.18,59.1,57.5,58.22,257800,29.09,29.55,28.75,29.11,515600,0.0,1.0
IDXX,2008-01-03 00:00:00+00:00,59.0,59.04,58.37,58.53,203100,29.5,29.52,29.185,29.265,406200,0.0,1.0
IDXX,2008-01-04 00:00:00+00:00,57.36,59.99,57.25,59.0,326800,28.68,29.995,28.625,29.5,653600,0.0,1.0
IDXX,2008-01-07 00:00:00+00:00,58.89,59.04,57.45,57.45,247900,29.445,29.52,28.725,28.725,495800,0.0,1.0
IDXX,2008-01-08 00:00:00+00:00,59.5,60.75,58.62,58.62,401600,29.75,30.375,29.31,29.31,803200,0.0,1.0
IDXX,2008-01-09 00:00:00+00:00,59.65,60.38,59.25,59.59,426600,29.825,30.19,29.625,29.795,853200,0.0,1.0
IDXX,2008-01-10 00:00:00+00:00,60.39,61.0,58.82,58.9,318300,30.195,30.5,29.41,29.45,636600,0.0,1.0
IDXX,2008-01-11 00:00:00+00:00,59.82,60.48,58.97,60.14,434000,29.91,30.24,29.485,30.07,868000,0.0,1.0
IDXX,2008-01-14 00:00:00+00:00,60.45,60.68,59.4,59.82,290500,30.225,30.34,29.7,29.91,581000,0.0,1.0
IDXX,2008-01-15 00:00:00+00:00,61.39,61.65,59.35,60.33,340200,30.695,30.825,29.675,30.165,680400,0.0,1.0
IDXX,2008-01-16 00:00:00+00:00,60.17,61.86,59.88,61.51,509700,30.085,30.93,29.94,30.755,1019400,0.0,1.0
IDXX,2008-01-17 00:00:00+00:00,58.54,60.91,58.1,60.91,261400,29.27,30.455,29.05,30.455,522800,0.0,1.0
IDXX,2008-01-18 00:00:00+00:00,57.43,58.88,56.89,58.54,401200,28.715,29.44,28.445,29.27,802400,0.0,1.0
IDXX,2008-01-22 00:00:00+00:00,54.26,56.74,52.25,54.65,608000,27.13,28.37,26.125,27.325,1216000,0.0,1.0
IDXX,2008-01-23 00:00:00+00:00,53.89,55.02,51.36,53.12,472500,26.945,27.51,25.68,26.56,945000,0.0,1.0
IDXX,2008-01-24 00:00:00+00:00,55.6,57.09,53.66,54.27,558800,27.8,28.545,26.83,27.135,1117600,0.0,1.0
IDXX,2008-01-25 00:00:00+00:00,53.35,55.28,51.3,55.28,935300,26.675,27.64,25.65,27.64,1870600,0.0,1.0
IDXX,2008-01-28 00:00:00+00:00,53.75,53.92,51.88,53.03,428000,26.875,26.96,25.94,26.515,856000,0.0,1.0
IDXX,2008-01-29 00:00:00+00:00,55.75,56.31,53.25,53.75,772100,27.875,28.155,26.625,26.875,1544200,0.0,1.0
IDXX,2008-01-30 00:00:00+00:00,55.62,56.43,55.375,56.0,320600,27.81,28.215,27.6875,28.0,641200,0.0,1.0
IDXX,2008-01-31 00:00:00+00:00,56.37,56.7,54.77,55.13,338500,28.185,28.35,27.385,27.565,677000,0.0,1.0
IDXX,2008-02-01 00:00:00+00:00,57.8,58.0,56.03,56.37,341700,28.9,29.0,28.015,28.185,683400,0.0,1.0
IDXX,2008-02-04 00:00:00+00:00,56.95,57.95,56.69,57.4,230400,28.475,28.975,28.345,28.7,460800,0.0,1.0
IDXX,2008-02-05 00:00:00+00:00,54.83,55.64,53.85,55.64,550700,27.415,27.82,26.925,27.82,1101400,0.0,1.0
IDXX,2008-02-06 00:00:00+00:00,55.11,55.8,54.5,55.0,266800,27.555,27.9,27.25,27.5,533600,0.0,1.0
IDXX,2008-02-07 00:00:00+00:00,56.18,56.3,54.55,55.23,315200,28.09,28.15,27.275,27.615,630400,0.0,1.0
IDXX,2008-02-08 00:00:00+00:00,55.18,56.23,54.68,55.66,309100,27.59,28.115,27.34,27.83,618200,0.0,1.0
IDXX,2008-02-11 00:00:00+00:00,56.73,56.95,54.55,55.56,308500,28.365,28.475,27.275,27.78,617000,0.0,1.0
IDXX,2008-02-12 00:00:00+00:00,56.94,57.23,56.09,56.3,184600,28.47,28.615,28.045,28.15,369200,0.0,1.0
IDXX,2008-02-13 00:00:00+00:00,57.11,57.75,56.81,57.6,192700,28.555,28.875,28.405,28.8,385400,0.0,1.0
IDXX,2008-02-14 00:00:00+00:00,56.95,57.5,56.92,57.4,170400,28.475,28.75,28.46,28.7,340800,0.0,1.0
IDXX,2008-02-15 00:00:00+00:00,55.83,57.1,55.51,56.52,219100,27.915,28.55,27.755,28.26,438200,0.0,1.0
IDXX,2008-02-19 00:00:00+00:00,56.75,57.88,56.0,56.14,245100,28.375,28.94,28.0,28.07,490200,0.0,1.0
IDXX,2008-02-20 00:00:00+00:00,55.34,56.37,55.01,56.17,341200,27.67,28.185,27.505,28.085,682400,0.0,1.0
IDXX,2008-02-21 00:00:00+00:00,55.52,56.18,55.12,55.62,283500,27.76,28.09,27.56,27.81,567000,0.0,1.0
IDXX,2008-02-22 00:00:00+00:00,55.05,55.57,54.31,55.23,215400,27.525,27.785,27.155,27.615,430800,0.0,1.0
IDXX,2008-02-25 00:00:00+00:00,55.75,56.55,55.09,55.37,274600,27.875,28.275,27.545,27.685,549200,0.0,1.0
IDXX,2008-02-26 00:00:00+00:00,56.1,56.22,54.93,55.69,251300,28.05,28.11,27.465,27.845,502600,0.0,1.0
IDXX,2008-02-27 00:00:00+00:00,55.89,56.35,55.25,56.35,146500,27.945,28.175,27.625,28.175,293000,0.0,1.0
IDXX,2008-02-28 00:00:00+00:00,57.21,57.34,55.23,55.67,393400,28.605,28.67,27.615,27.835,786800,0.0,1.0
IDXX,2008-02-29 00:00:00+00:00,55.47,56.61,55.25,56.03,288000,27.735,28.305,27.625,28.015,576000,0.0,1.0
IDXX,2008-03-03 00:00:00+00:00,54.17,55.15,53.76,55.13,331000,27.085,27.575,26.88,27.565,662000,0.0,1.0
IDXX,2008-03-04 00:00:00+00:00,53.64,54.66,52.94,53.74,474200,26.82,27.33,26.47,26.87,948400,0.0,1.0
IDXX,2008-03-05 00:00:00+00:00,53.04,54.04,52.77,53.26,238500,26.52,27.02,26.385,26.63,477000,0.0,1.0
IDXX,2008-03-06 00:00:00+00:00,52.36,53.35,52.21,52.64,200800,26.18,26.675,26.105,26.32,401600,0.0,1.0
IDXX,2008-03-07 00:00:00+00:00,52.42,52.56,51.82,52.36,192600,26.21,26.28,25.91,26.18,385200,0.0,1.0
IDXX,2008-03-10 00:00:00+00:00,49.72,52.13,48.51,51.9,991300,24.86,26.065,24.255,25.95,1982600,0.0,1.0
IDXX,2008-03-11 00:00:00+00:00,50.47,50.82,49.46,50.36,366400,25.235,25.41,24.73,25.18,732800,0.0,1.0
IDXX,2008-03-12 00:00:00+00:00,50.92,52.0,49.73,50.15,394000,25.46,26.0,24.865,25.075,788000,0.0,1.0
IDXX,2008-03-13 00:00:00+00:00,51.66,51.98,50.02,50.75,220700,25.83,25.99,25.01,25.375,441400,0.0,1.0
IDXX,2008-03-14 00:00:00+00:00,49.8,51.96,49.77,51.45,436200,24.9,25.98,24.885,25.725,872400,0.0,1.0
IDXX,2008-03-17 00:00:00+00:00,48.72,49.93,48.48,49.02,299300,24.36,24.965,24.24,24.51,598600,0.0,1.0
IDXX,2008-03-18 00:00:00+00:00,49.43,49.88,48.76,48.9,309600,24.715,24.94,24.38,24.45,619200,0.0,1.0
IDXX,2008-03-19 00:00:00+00:00,48.48,50.025,48.47,49.42,407500,24.24,25.0125,24.235,24.71,815000,0.0,1.0
IDXX,2008-03-20 00:00:00+00:00,48.25,48.86,47.45,48.14,427800,24.125,24.43,23.725,24.07,855600,0.0,1.0
IDXX,2008-03-24 00:00:00+00:00,51.05,51.47,48.25,48.3,383900,25.525,25.735,24.125,24.15,767800,0.0,1.0
IDXX,2008-03-25 00:00:00+00:00,50.47,51.31,50.35,51.29,277300,25.235,25.655,25.175,25.645,554600,0.0,1.0
IDXX,2008-03-26 00:00:00+00:00,50.2,50.96,50.01,50.51,245000,25.1,25.48,25.005,25.255,490000,0.0,1.0
IDXX,2008-03-27 00:00:00+00:00,50.93,51.38,50.2,50.2,253400,25.465,25.69,25.1,25.1,506800,0.0,1.0
IDXX,2008-03-28 00:00:00+00:00,50.49,51.88,50.33,51.13,383100,25.245,25.94,25.165,25.565,766200,0.0,1.0
IDXX,2008-03-31 00:00:00+00:00,49.26,50.48,49.24,50.17,396700,24.63,25.24,24.62,25.085,793400,0.0,1.0
IDXX,2008-04-01 00:00:00+00:00,49.25,49.89,49.1,49.61,585400,24.625,24.945,24.55,24.805,1170800,0.0,1.0
IDXX,2008-04-02 00:00:00+00:00,50.69,52.15,49.01,49.05,863200,25.345,26.075,24.505,24.525,1726400,0.0,1.0
IDXX,2008-04-03 00:00:00+00:00,49.84,50.11,48.67,49.85,335700,24.92,25.055,24.335,24.925,671400,0.0,1.0
IDXX,2008-04-04 00:00:00+00:00,49.81,50.43,49.75,50.0,217200,24.905,25.215,24.875,25.0,434400,0.0,1.0
IDXX,2008-04-07 00:00:00+00:00,49.49,51.15,49.39,50.55,243000,24.745,25.575,24.695,25.275,486000,0.0,1.0
IDXX,2008-04-08 00:00:00+00:00,49.9,50.11,49.16,49.29,240700,24.95,25.055,24.58,24.645,481400,0.0,1.0
IDXX,2008-04-09 00:00:00+00:00,50.48,50.48,49.48,49.55,432100,25.24,25.24,24.74,24.775,864200,0.0,1.0
IDXX,2008-04-10 00:00:00+00:00,50.61,50.84,50.14,50.25,240700,25.305,25.42,25.07,25.125,481400,0.0,1.0
IDXX,2008-04-11 00:00:00+00:00,49.32,50.45,49.29,50.02,303800,24.66,25.225,24.645,25.01,607600,0.0,1.0
IDXX,2008-04-14 00:00:00+00:00,48.53,49.69,48.47,49.59,184600,24.265,24.845,24.235,24.795,369200,0.0,1.0
IDXX,2008-04-15 00:00:00+00:00,47.47,48.55,47.45,48.55,296600,23.735,24.275,23.725,24.275,593200,0.0,1.0
IDXX,2008-04-16 00:00:00+00:00,48.48,48.8,47.7,47.7,409100,24.24,24.4,23.85,23.85,818200,0.0,1.0
IDXX,2008-04-17 00:00:00+00:00,48.0,48.46,47.56,48.3,439500,24.0,24.23,23.78,24.15,879000,0.0,1.0
IDXX,2008-04-18 00:00:00+00:00,48.43,48.8,48.05,48.25,370800,24.215,24.4,24.025,24.125,741600,0.0,1.0
IDXX,2008-04-21 00:00:00+00:00,47.53,48.16,47.53,48.02,511900,23.765,24.08,23.765,24.01,1023800,0.0,1.0
IDXX,2008-04-22 00:00:00+00:00,46.98,47.9,46.74,47.5,437300,23.49,23.95,23.37,23.75,874600,0.0,1.0
IDXX,2008-04-23 00:00:00+00:00,47.6,47.71,46.71,46.87,460300,23.8,23.855,23.355,23.435,920600,0.0,1.0
IDXX,2008-04-24 00:00:00+00:00,50.26,51.66,47.01,47.6,999500,25.13,25.83,23.505,23.8,1999000,0.0,1.0
IDXX,2008-04-25 00:00:00+00:00,54.19,55.87,53.0,53.0,1083600,27.095,27.935,26.5,26.5,2167200,0.0,1.0
IDXX,2008-04-28 00:00:00+00:00,53.11,54.63,52.53,53.79,402000,26.555,27.315,26.265,26.895,804000,0.0,1.0
IDXX,2008-04-29 00:00:00+00:00,52.63,53.9,52.42,52.85,589300,26.315,26.95,26.21,26.425,1178600,0.0,1.0
IDXX,2008-04-30 00:00:00+00:00,53.2,53.65,52.15,53.0,405700,26.6,26.825,26.075,26.5,811400,0.0,1.0
IDXX,2008-05-01 00:00:00+00:00,53.52,53.89,52.66,53.59,398200,26.76,26.945,26.33,26.795,796400,0.0,1.0
IDXX,2008-05-02 00:00:00+00:00,53.37,53.97,52.42,53.97,345500,26.685,26.985,26.21,26.985,691000,0.0,1.0
IDXX,2008-05-05 00:00:00+00:00,52.12,53.46,51.77,53.15,601200,26.06,26.73,25.885,26.575,1202400,0.0,1.0
IDXX,2008-05-06 00:00:00+00:00,52.58,53.11,51.15,52.0,525400,26.29,26.555,25.575,26.0,1050800,0.0,1.0
IDXX,2008-05-07 00:00:00+00:00,51.69,53.12,51.57,52.79,304500,25.845,26.56,25.785,26.395,609000,0.0,1.0
IDXX,2008-05-08 00:00:00+00:00,51.6,52.179,51.32,51.59,307200,25.8,26.0895,25.66,25.795,614400,0.0,1.0
IDXX,2008-05-09 00:00:00+00:00,51.07,51.54,50.35,51.54,297900,25.535,25.77,25.175,25.77,595800,0.0,1.0
IDXX,2008-05-12 00:00:00+00:00,51.53,52.08,50.43,51.01,363500,25.765,26.04,25.215,25.505,727000,0.0,1.0
IDXX,2008-05-13 00:00:00+00:00,51.72,51.9,50.68,51.65,398500,25.86,25.95,25.34,25.825,797000,0.0,1.0
IDXX,2008-05-14 00:00:00+00:00,51.53,52.12,50.74,51.72,380700,25.765,26.06,25.37,25.86,761400,0.0,1.0
IDXX,2008-05-15 00:00:00+00:00,51.89,52.14,50.68,51.39,339800,25.945,26.07,25.34,25.695,679600,0.0,1.0
IDXX,2008-05-16 00:00:00+00:00,52.57,52.59,51.5,52.14,307100,26.285,26.295,25.75,26.07,614200,0.0,1.0
IDXX,2008-05-19 00:00:00+00:00,52.09,52.29,51.54,52.29,369000,26.045,26.145,25.77,26.145,738000,0.0,1.0
IDXX,2008-05-20 00:00:00+00:00,51.84,52.29,51.47,52.29,307500,25.92,26.145,25.735,26.145,615000,0.0,1.0
IDXX,2008-05-21 00:00:00+00:00,50.18,51.83,50.18,51.47,419300,25.09,25.915,25.09,25.735,838600,0.0,1.0
IDXX,2008-05-22 00:00:00+00:00,50.18,50.33,49.59,50.12,326700,25.09,25.165,24.795,25.06,653400,0.0,1.0
IDXX,2008-05-23 00:00:00+00:00,49.79,50.14,49.32,49.99,185900,24.895,25.07,24.66,24.995,371800,0.0,1.0
IDXX,2008-05-27 00:00:00+00:00,50.3,50.44,49.56,49.99,418000,25.15,25.22,24.78,24.995,836000,0.0,1.0
IDXX,2008-05-28 00:00:00+00:00,50.44,50.79,50.07,50.55,296700,25.22,25.395,25.035,25.275,593400,0.0,1.0
IDXX,2008-05-29 00:00:00+00:00,50.91,51.15,50.5,50.68,190800,25.455,25.575,25.25,25.34,381600,0.0,1.0
IDXX,2008-05-30 00:00:00+00:00,50.5,50.88,49.98,50.88,412800,25.25,25.44,24.99,25.44,825600,0.0,1.0
IDXX,2008-06-02 00:00:00+00:00,49.93,50.51,49.51,50.05,292900,24.965,25.255,24.755,25.025,585800,0.0,1.0
IDXX,2008-06-03 00:00:00+00:00,49.98,50.51,49.73,50.0,185900,24.99,25.255,24.865,25.0,371800,0.0,1.0
IDXX,2008-06-04 00:00:00+00:00,50.45,50.7,49.7,49.86,177200,25.225,25.35,24.85,24.93,354400,0.0,1.0
IDXX,2008-06-05 00:00:00+00:00,51.16,51.23,50.39,50.47,264700,25.58,25.615,25.195,25.235,529400,0.0,1.0
IDXX,2008-06-06 00:00:00+00:00,50.58,51.59,50.58,50.8,274900,25.29,25.795,25.29,25.4,549800,0.0,1.0
IDXX,2008-06-09 00:00:00+00:00,50.24,50.95,49.6,50.59,166200,25.12,25.475,24.8,25.295,332400,0.0,1.0
IDXX,2008-06-10 00:00:00+00:00,50.3,50.48,49.86,50.23,166600,25.15,25.24,24.93,25.115,333200,0.0,1.0
IDXX,2008-06-11 00:00:00+00:00,49.99,50.45,49.7105,50.03,231500,24.995,25.225,24.85525,25.015,463000,0.0,1.0
IDXX,2008-06-12 00:00:00+00:00,49.7,50.25,49.48,49.6,213800,24.85,25.125,24.74,24.8,427600,0.0,1.0
IDXX,2008-06-13 00:00:00+00:00,49.78,50.42,49.6,50.0,150800,24.89,25.21,24.8,25.0,301600,0.0,1.0
IDXX,2008-06-16 00:00:00+00:00,51.3,51.4455,49.65,49.77,334600,25.65,25.72275,24.825,24.885,669200,0.0,1.0
IDXX,2008-06-17 00:00:00+00:00,53.99,54.6,51.16,51.3,692300,26.995,27.3,25.58,25.65,1384600,0.0,1.0
IDXX,2008-06-18 00:00:00+00:00,52.43,54.66,51.95,53.94,497400,26.215,27.33,25.975,26.97,994800,0.0,1.0
IDXX,2008-06-19 00:00:00+00:00,53.19,53.26,51.73,52.15,251100,26.595,26.63,25.865,26.075,502200,0.0,1.0
IDXX,2008-06-20 00:00:00+00:00,52.41,53.18,51.88,52.27,554200,26.205,26.59,25.94,26.135,1108400,0.0,1.0
IDXX,2008-06-23 00:00:00+00:00,51.89,52.91,51.78,52.26,329700,25.945,26.455,25.89,26.13,659400,0.0,1.0
IDXX,2008-06-24 00:00:00+00:00,51.42,51.72,50.35,51.36,473300,25.71,25.86,25.175,25.68,946600,0.0,1.0
IDXX,2008-06-25 00:00:00+00:00,51.51,52.2,50.97,51.56,371200,25.755,26.1,25.485,25.78,742400,0.0,1.0
IDXX,2008-06-26 00:00:00+00:00,51.17,51.63,50.13,50.13,325400,25.585,25.815,25.065,25.065,650800,0.0,1.0
IDXX,2008-06-27 00:00:00+00:00,50.28,51.29,50.2737,51.23,434700,25.14,25.645,25.13685,25.615,869400,0.0,1.0
IDXX,2008-06-30 00:00:00+00:00,48.74,51.24,48.74,50.0,721400,24.37,25.62,24.37,25.0,1442800,0.0,1.0
IDXX,2008-07-01 00:00:00+00:00,49.38,50.32,48.76,49.69,1132100,24.69,25.16,24.38,24.845,2264200,0.0,1.0
IDXX,2008-07-02 00:00:00+00:00,49.26,50.45,47.88,49.96,6521900,24.63,25.225,23.94,24.98,13043800,0.0,1.0
IDXX,2008-07-03 00:00:00+00:00,49.17,50.08,48.75,49.64,606100,24.585,25.04,24.375,24.82,1212200,0.0,1.0
IDXX,2008-07-07 00:00:00+00:00,49.6,49.89,48.53,48.63,685300,24.8,24.945,24.265,24.315,1370600,0.0,1.0
IDXX,2008-07-08 00:00:00+00:00,50.61,51.02,49.57,49.57,712100,25.305,25.51,24.785,24.785,1424200,0.0,1.0
IDXX,2008-07-09 00:00:00+00:00,50.3,51.35,50.14,50.82,694400,25.15,25.675,25.07,25.41,1388800,0.0,1.0
IDXX,2008-07-10 00:00:00+00:00,50.4,51.2,49.45,50.44,565700,25.2,25.6,24.725,25.22,1131400,0.0,1.0
IDXX,2008-07-11 00:00:00+00:00,50.06,50.44,48.76,49.52,1122400,25.03,25.22,24.38,24.76,2244800,0.0,1.0
IDXX,2008-07-14 00:00:00+00:00,49.31,50.07,48.38,49.52,709700,24.655,25.035,24.19,24.76,1419400,0.0,1.0
IDXX,2008-07-15 00:00:00+00:00,50.06,50.71,48.32,48.8,715300,25.03,25.355,24.16,24.4,1430600,0.0,1.0
IDXX,2008-07-16 00:00:00+00:00,51.59,51.94,49.65,50.01,517000,25.795,25.97,24.825,25.005,1034000,0.0,1.0
IDXX,2008-07-17 00:00:00+00:00,53.24,53.59,51.44,51.78,661500,26.62,26.795,25.72,25.89,1323000,0.0,1.0
IDXX,2008-07-18 00:00:00+00:00,53.18,53.87,52.91,53.5,289200,26.59,26.935,26.455,26.75,578400,0.0,1.0
IDXX,2008-07-21 00:00:00+00:00,51.87,53.7,51.67,53.16,450800,25.935,26.85,25.835,26.58,901600,0.0,1.0
IDXX,2008-07-22 00:00:00+00:00,52.18,52.36,51.37,51.64,635000,26.09,26.18,25.685,25.82,1270000,0.0,1.0
IDXX,2008-07-23 00:00:00+00:00,52.19,53.15,52.01,52.12,409000,26.095,26.575,26.005,26.06,818000,0.0,1.0
IDXX,2008-07-24 00:00:00+00:00,54.25,54.78,52.17,52.17,780100,27.125,27.39,26.085,26.085,1560200,0.0,1.0
IDXX,2008-07-25 00:00:00+00:00,50.4,53.55,49.65,50.12,1274300,25.2,26.775,24.825,25.06,2548600,0.0,1.0
IDXX,2008-07-28 00:00:00+00:00,51.92,52.22,50.12,50.74,705300,25.96,26.11,25.06,25.37,1410600,0.0,1.0
IDXX,2008-07-29 00:00:00+00:00,52.26,52.57,51.37,52.19,547600,26.13,26.285,25.685,26.095,1095200,0.0,1.0
IDXX,2008-07-30 00:00:00+00:00,52.21,53.28,51.8,51.87,404700,26.105,26.64,25.9,25.935,809400,0.0,1.0
IDXX,2008-07-31 00:00:00+00:00,53.5,53.84,52.028,52.24,471000,26.75,26.92,26.014,26.12,942000,0.0,1.0
IDXX,2008-08-01 00:00:00+00:00,54.02,54.4,52.97,53.71,594300,27.01,27.2,26.485,26.855,1188600,0.0,1.0
IDXX,2008-08-04 00:00:00+00:00,53.25,54.24,53.19,53.6,307300,26.625,27.12,26.595,26.8,614600,0.0,1.0
IDXX,2008-08-05 00:00:00+00:00,54.15,54.36,53.23,53.29,365900,27.075,27.18,26.615,26.645,731800,0.0,1.0
IDXX,2008-08-06 00:00:00+00:00,54.3,54.53,53.86,53.99,249300,27.15,27.265,26.93,26.995,498600,0.0,1.0
IDXX,2008-08-07 00:00:00+00:00,53.92,54.9,53.32,54.02,271300,26.96,27.45,26.66,27.01,542600,0.0,1.0
IDXX,2008-08-08 00:00:00+00:00,55.0,55.69,54.04,54.14,326800,27.5,27.845,27.02,27.07,653600,0.0,1.0
IDXX,2008-08-11 00:00:00+00:00,56.17,56.38,54.84,55.16,364500,28.085,28.19,27.42,27.58,729000,0.0,1.0
IDXX,2008-08-12 00:00:00+00:00,56.6,56.95,55.52,55.97,394300,28.3,28.475,27.76,27.985,788600,0.0,1.0
IDXX,2008-08-13 00:00:00+00:00,57.56,57.78,56.07,56.35,520900,28.78,28.89,28.035,28.175,1041800,0.0,1.0
IDXX,2008-08-14 00:00:00+00:00,56.99,57.7,56.63,57.3,285300,28.495,28.85,28.315,28.65,570600,0.0,1.0
IDXX,2008-08-15 00:00:00+00:00,57.63,57.7,56.2109,57.03,391400,28.815,28.85,28.10545,28.515,782800,0.0,1.0
IDXX,2008-08-18 00:00:00+00:00,57.62,58.41,57.2,57.74,411000,28.81,29.205,28.6,28.87,822000,0.0,1.0
IDXX,2008-08-19 00:00:00+00:00,57.26,58.2,57.05,57.59,326000,28.63,29.1,28.525,28.795,652000,0.0,1.0
IDXX,2008-08-20 00:00:00+00:00,56.86,57.58,56.75,57.14,263400,28.43,28.79,28.375,28.57,526800,0.0,1.0
IDXX,2008-08-21 00:00:00+00:00,56.44,57.13,55.89,56.8,345100,28.22,28.565,27.945,28.4,690200,0.0,1.0
IDXX,2008-08-22 00:00:00+00:00,57.59,57.9,56.67,56.67,359400,28.795,28.95,28.335,28.335,718800,0.0,1.0
IDXX,2008-08-25 00:00:00+00:00,57.43,58.0,56.64,57.91,371500,28.715,29.0,28.32,28.955,743000,0.0,1.0
IDXX,2008-08-26 00:00:00+00:00,56.7,57.94,56.22,57.12,399500,28.35,28.97,28.11,28.56,799000,0.0,1.0
IDXX,2008-08-27 00:00:00+00:00,56.7,57.18,56.09,56.94,181600,28.35,28.59,28.045,28.47,363200,0.0,1.0
IDXX,2008-08-28 00:00:00+00:00,57.37,57.4,56.34,57.04,179400,28.685,28.7,28.17,28.52,358800,0.0,1.0
IDXX,2008-08-29 00:00:00+00:00,56.3,57.432,55.7,57.13,276900,28.15,28.716,27.85,28.565,553800,0.0,1.0
IDXX,2008-09-02 00:00:00+00:00,56.27,58.09,56.12,56.85,326500,28.135,29.045,28.06,28.425,653000,0.0,1.0
IDXX,2008-09-03 00:00:00+00:00,56.54,56.76,55.54,56.0,356300,28.27,28.38,27.77,28.0,712600,0.0,1.0
IDXX,2008-09-04 00:00:00+00:00,54.75,56.99,54.75,56.23,237000,27.375,28.495,27.375,28.115,474000,0.0,1.0
IDXX,2008-09-05 00:00:00+00:00,54.96,55.18,53.51,54.72,254700,27.48,27.59,26.755,27.36,509400,0.0,1.0
IDXX,2008-09-08 00:00:00+00:00,55.99,56.73,55.25,55.53,220600,27.995,28.365,27.625,27.765,441200,0.0,1.0
IDXX,2008-09-09 00:00:00+00:00,56.31,57.145,55.515,55.99,339700,28.155,28.5725,27.7575,27.995,679400,0.0,1.0
IDXX,2008-09-10 00:00:00+00:00,55.19,56.45,54.56,56.23,420100,27.595,28.225,27.28,28.115,840200,0.0,1.0
IDXX,2008-09-11 00:00:00+00:00,55.6,55.6,54.49,54.87,202800,27.8,27.8,27.245,27.435,405600,0.0,1.0
IDXX,2008-09-12 00:00:00+00:00,56.36,56.36,54.77,55.44,441100,28.18,28.18,27.385,27.72,882200,0.0,1.0
IDXX,2008-09-15 00:00:00+00:00,55.83,56.88,54.45,54.5,297200,27.915,28.44,27.225,27.25,594400,0.0,1.0
IDXX,2008-09-16 00:00:00+00:00,57.36,57.87,55.26,55.27,546500,28.68,28.935,27.63,27.635,1093000,0.0,1.0
IDXX,2008-09-17 00:00:00+00:00,56.22,57.81,55.23,56.9,387800,28.11,28.905,27.615,28.45,775600,0.0,1.0
IDXX,2008-09-18 00:00:00+00:00,59.45,60.27,55.73,56.97,946400,29.725,30.135,27.865,28.485,1892800,0.0,1.0
IDXX,2008-09-19 00:00:00+00:00,60.59,63.58,60.0,61.48,1021500,30.295,31.79,30.0,30.74,2043000,0.0,1.0
IDXX,2008-09-22 00:00:00+00:00,59.5,61.17,59.14,60.3,259900,29.75,30.585,29.57,30.15,519800,0.0,1.0
IDXX,2008-09-23 00:00:00+00:00,59.12,61.0,58.83,59.38,646500,29.56,30.5,29.415,29.69,1293000,0.0,1.0
IDXX,2008-09-24 00:00:00+00:00,57.55,59.54,57.26,59.51,406300,28.775,29.77,28.63,29.755,812600,0.0,1.0
IDXX,2008-09-25 00:00:00+00:00,58.02,58.19,56.67,57.81,526200,29.01,29.095,28.335,28.905,1052400,0.0,1.0
IDXX,2008-09-26 00:00:00+00:00,57.32,58.01,56.7,57.46,344200,28.66,29.005,28.35,28.73,688400,0.0,1.0
IDXX,2008-09-29 00:00:00+00:00,54.03,56.9,53.53,56.25,319400,27.015,28.45,26.765,28.125,638800,0.0,1.0
IDXX,2008-09-30 00:00:00+00:00,54.8,55.67,52.91,55.41,569600,27.4,27.835,26.455,27.705,1139200,0.0,1.0
IDXX,2008-10-01 00:00:00+00:00,54.15,54.45,53.28,53.51,467300,27.075,27.225,26.64,26.755,934600,0.0,1.0
IDXX,2008-10-02 00:00:00+00:00,52.79,54.13,52.49,54.13,373600,26.395,27.065,26.245,27.065,747200,0.0,1.0
IDXX,2008-10-03 00:00:00+00:00,51.56,53.77,51.12,53.09,473900,25.78,26.885,25.56,26.545,947800,0.0,1.0
IDXX,2008-10-06 00:00:00+00:00,48.06,51.13,46.32,51.09,1022800,24.03,25.565,23.16,25.545,2045600,0.0,1.0
IDXX,2008-10-07 00:00:00+00:00,47.42,50.33,47.01,50.33,593100,23.71,25.165,23.505,25.165,1186200,0.0,1.0
IDXX,2008-10-08 00:00:00+00:00,46.58,48.09,44.13,46.11,1056700,23.29,24.045,22.065,23.055,2113400,0.0,1.0
IDXX,2008-10-09 00:00:00+00:00,44.21,49.71,44.21,47.01,782100,22.105,24.855,22.105,23.505,1564200,0.0,1.0
IDXX,2008-10-10 00:00:00+00:00,40.53,43.19,37.72,42.89,1608300,20.265,21.595,18.86,21.445,3216600,0.0,1.0
IDXX,2008-10-13 00:00:00+00:00,44.0,44.19,41.15,41.73,510100,22.0,22.095,20.575,20.865,1020200,0.0,1.0
IDXX,2008-10-14 00:00:00+00:00,43.33,45.585,42.94,44.04,738900,21.665,22.7925,21.47,22.02,1477800,0.0,1.0
IDXX,2008-10-15 00:00:00+00:00,39.87,44.48,39.75,42.91,633100,19.935,22.24,19.875,21.455,1266200,0.0,1.0
IDXX,2008-10-16 00:00:00+00:00,39.97,41.2,37.7,39.65,1120900,19.985,20.6,18.85,19.825,2241800,0.0,1.0
IDXX,2008-10-17 00:00:00+00:00,41.33,42.63,38.02,39.3,735200,20.665,21.315,19.01,19.65,1470400,0.0,1.0
IDXX,2008-10-20 00:00:00+00:00,42.93,43.1,41.4,42.0,331100,21.465,21.55,20.7,21.0,662200,0.0,1.0
IDXX,2008-10-21 00:00:00+00:00,40.95,42.79,40.71,42.5,732100,20.475,21.395,20.355,21.25,1464200,0.0,1.0
IDXX,2008-10-22 00:00:00+00:00,38.77,40.3,38.28,40.19,550300,19.385,20.15,19.14,20.095,1100600,0.0,1.0
IDXX,2008-10-23 00:00:00+00:00,37.23,39.5,35.44,38.15,1133800,18.615,19.75,17.72,19.075,2267600,0.0,1.0
IDXX,2008-10-24 00:00:00+00:00,31.82,35.21,24.11,28.0,3831400,15.91,17.605,12.055,14.0,7662800,0.0,1.0
IDXX,2008-10-27 00:00:00+00:00,29.66,31.6,29.41,31.5,1976300,14.83,15.8,14.705,15.75,3952600,0.0,1.0
IDXX,2008-10-28 00:00:00+00:00,33.77,33.89,29.9,30.18,2870000,16.885,16.945,14.95,15.09,5740000,0.0,1.0
IDXX,2008-10-29 00:00:00+00:00,35.12,35.96,32.95,33.66,1136200,17.56,17.98,16.475,16.83,2272400,0.0,1.0
IDXX,2008-10-30 00:00:00+00:00,35.16,35.99,34.68,35.99,916200,17.58,17.995,17.34,17.995,1832400,0.0,1.0
IDXX,2008-10-31 00:00:00+00:00,35.19,36.11,34.38,35.11,897400,17.595,18.055,17.19,17.555,1794800,0.0,1.0
IDXX,2008-11-03 00:00:00+00:00,36.12,36.5,34.45,34.76,500000,18.06,18.25,17.225,17.38,1000000,0.0,1.0
IDXX,2008-11-04 00:00:00+00:00,37.65,38.47,36.14,36.55,753400,18.825,19.235,18.07,18.275,1506800,0.0,1.0
IDXX,2008-11-05 00:00:00+00:00,36.24,38.18,36.14,37.2,585200,18.12,19.09,18.07,18.6,1170400,0.0,1.0
IDXX,2008-11-06 00:00:00+00:00,34.91,37.04,34.84,36.06,716400,17.455,18.52,17.42,18.03,1432800,0.0,1.0
IDXX,2008-11-07 00:00:00+00:00,36.0,36.078,34.72,35.23,376700,18.0,18.039,17.36,17.615,753400,0.0,1.0
IDXX,2008-11-10 00:00:00+00:00,34.76,36.81,34.46,36.03,421300,17.38,18.405,17.23,18.015,842600,0.0,1.0
IDXX,2008-11-11 00:00:00+00:00,33.19,34.4,32.58,34.4,542900,16.595,17.2,16.29,17.2,1085800,0.0,1.0
IDXX,2008-11-12 00:00:00+00:00,31.99,33.6,31.9,32.63,782800,15.995,16.8,15.95,16.315,1565600,0.0,1.0
IDXX,2008-11-13 00:00:00+00:00,34.54,34.55,31.75,32.04,1041100,17.27,17.275,15.875,16.02,2082200,0.0,1.0
IDXX,2008-11-14 00:00:00+00:00,32.93,35.25,32.25,34.08,909700,16.465,17.625,16.125,17.04,1819400,0.0,1.0
IDXX,2008-11-17 00:00:00+00:00,31.61,33.8,31.58,32.64,976700,15.805,16.9,15.79,16.32,1953400,0.0,1.0
IDXX,2008-11-18 00:00:00+00:00,31.85,32.07,30.98,31.64,799400,15.925,16.035,15.49,15.82,1598800,0.0,1.0
IDXX,2008-11-19 00:00:00+00:00,30.73,32.99,30.72,31.78,836500,15.365,16.495,15.36,15.89,1673000,0.0,1.0
IDXX,2008-11-20 00:00:00+00:00,27.44,30.81,27.17,30.5,1634700,13.72,15.405,13.585,15.25,3269400,0.0,1.0
IDXX,2008-11-21 00:00:00+00:00,28.54,28.85,26.82,28.03,1133800,14.27,14.425,13.41,14.015,2267600,0.0,1.0
IDXX,2008-11-24 00:00:00+00:00,29.92,30.25,28.82,28.82,631100,14.96,15.125,14.41,14.41,1262200,0.0,1.0
IDXX,2008-11-25 00:00:00+00:00,29.34,30.35,28.61,30.35,758600,14.67,15.175,14.305,15.175,1517200,0.0,1.0
IDXX,2008-11-26 00:00:00+00:00,30.46,30.55,28.56,28.88,656000,15.23,15.275,14.28,14.44,1312000,0.0,1.0
IDXX,2008-11-28 00:00:00+00:00,30.91,30.91,29.5,30.21,297400,15.455,15.455,14.75,15.105,594800,0.0,1.0
IDXX,2008-12-01 00:00:00+00:00,28.01,29.16,27.95,29.0,881700,14.005,14.58,13.975,14.5,1763400,0.0,1.0
IDXX,2008-12-02 00:00:00+00:00,29.36,29.42,27.95,28.36,887400,14.68,14.71,13.975,14.18,1774800,0.0,1.0
IDXX,2008-12-03 00:00:00+00:00,29.36,29.72,27.94,28.8,733900,14.68,14.86,13.97,14.4,1467800,0.0,1.0
IDXX,2008-12-04 00:00:00+00:00,27.62,29.51,27.1,28.8,865700,13.81,14.755,13.55,14.4,1731400,0.0,1.0
IDXX,2008-12-05 00:00:00+00:00,28.83,28.86,26.74,27.17,1059100,14.415,14.43,13.37,13.585,2118200,0.0,1.0
IDXX,2008-12-08 00:00:00+00:00,30.4,30.5,29.25,29.3,677700,15.2,15.25,14.625,14.65,1355400,0.0,1.0
IDXX,2008-12-09 00:00:00+00:00,30.33,31.42,29.912,30.44,973000,15.165,15.71,14.956,15.22,1946000,0.0,1.0
IDXX,2008-12-10 00:00:00+00:00,31.51,31.97,30.04,30.51,558100,15.755,15.985,15.02,15.255,1116200,0.0,1.0
IDXX,2008-12-11 00:00:00+00:00,31.22,32.17,30.8,31.02,776700,15.61,16.085,15.4,15.51,1553400,0.0,1.0
IDXX,2008-12-12 00:00:00+00:00,31.31,31.46,29.4,30.43,737900,15.655,15.73,14.7,15.215,1475800,0.0,1.0
IDXX,2008-12-15 00:00:00+00:00,30.92,31.68,30.5,31.35,650800,15.46,15.84,15.25,15.675,1301600,0.0,1.0
IDXX,2008-12-16 00:00:00+00:00,33.0,33.08,30.9,30.95,574700,16.5,16.54,15.45,15.475,1149400,0.0,1.0
IDXX,2008-12-17 00:00:00+00:00,34.71,34.86,32.09,32.9,957900,17.355,17.43,16.045,16.45,1915800,0.0,1.0
IDXX,2008-12-18 00:00:00+00:00,34.7,35.31,34.09,34.89,621900,17.35,17.655,17.045,17.445,1243800,0.0,1.0
IDXX,2008-12-19 00:00:00+00:00,34.34,35.83,34.1,35.0,618700,17.17,17.915,17.05,17.5,1237400,0.0,1.0
IDXX,2008-12-22 00:00:00+00:00,33.77,35.07,33.05,34.42,428000,16.885,17.535,16.525,17.21,856000,0.0,1.0
IDXX,2008-12-23 00:00:00+00:00,33.79,34.37,33.01,33.78,347300,16.895,17.185,16.505,16.89,694600,0.0,1.0
IDXX,2008-12-24 00:00:00+00:00,34.02,34.16,33.49,33.82,82700,17.01,17.08,16.745,16.91,165400,0.0,1.0
IDXX,2008-12-26 00:00:00+00:00,34.42,34.68,33.71,34.1,99000,17.21,17.34,16.855,17.05,198000,0.0,1.0
IDXX,2008-12-29 00:00:00+00:00,33.92,34.53,33.2,34.53,210800,16.96,17.265,16.6,17.265,421600,0.0,1.0
IDXX,2008-12-30 00:00:00+00:00,35.69,35.8,33.13,34.05,397500,17.845,17.9,16.565,17.025,795000,0.0,1.0
IDXX,2008-12-31 00:00:00+00:00,36.08,36.4588,34.78,35.67,532000,18.04,18.2294,17.39,17.835,1064000,0.0,1.0
IDXX,2009-01-02 00:00:00+00:00,36.59,36.76,35.24,36.24,385600,18.295,18.38,17.62,18.12,771200,0.0,1.0
IDXX,2009-01-05 00:00:00+00:00,34.79,36.67,34.58,36.5,620500,17.395,18.335,17.29,18.25,1241000,0.0,1.0
IDXX,2009-01-06 00:00:00+00:00,32.99,33.37,31.08,31.8,1432500,16.495,16.685,15.54,15.9,2865000,0.0,1.0
IDXX,2009-01-07 00:00:00+00:00,32.24,33.31,31.79,33.07,876400,16.12,16.655,15.895,16.535,1752800,0.0,1.0
IDXX,2009-01-08 00:00:00+00:00,31.5,32.86,31.1,32.5,791000,15.75,16.43,15.55,16.25,1582000,0.0,1.0
IDXX,2009-01-09 00:00:00+00:00,30.7,31.69,30.54,31.58,608400,15.35,15.845,15.27,15.79,1216800,0.0,1.0
IDXX,2009-01-12 00:00:00+00:00,30.05,30.92,29.66,30.49,846600,15.025,15.46,14.83,15.245,1693200,0.0,1.0
IDXX,2009-01-13 00:00:00+00:00,30.7,30.97,29.71,30.09,799000,15.35,15.485,14.855,15.045,1598000,0.0,1.0
IDXX,2009-01-14 00:00:00+00:00,29.96,30.34,29.61,30.23,875300,14.98,15.17,14.805,15.115,1750600,0.0,1.0
IDXX,2009-01-15 00:00:00+00:00,30.95,31.16,29.75,30.0,954400,15.475,15.58,14.875,15.0,1908800,0.0,1.0
IDXX,2009-01-16 00:00:00+00:00,31.49,31.72,30.45,31.0,714300,15.745,15.86,15.225,15.5,1428600,0.0,1.0
IDXX,2009-01-20 00:00:00+00:00,31.38,32.23,31.3075,31.36,1389000,15.69,16.115,15.65375,15.68,2778000,0.0,1.0
IDXX,2009-01-21 00:00:00+00:00,32.18,32.32,31.502,31.67,952600,16.09,16.16,15.751,15.835,1905200,0.0,1.0
IDXX,2009-01-22 00:00:00+00:00,31.53,32.09,31.1,31.915,670000,15.765,16.045,15.55,15.9575,1340000,0.0,1.0
IDXX,2009-01-23 00:00:00+00:00,31.2,31.52,30.5901,31.17,478000,15.6,15.76,15.29505,15.585,956000,0.0,1.0
IDXX,2009-01-26 00:00:00+00:00,31.25,32.53,31.1,31.19,753800,15.625,16.265,15.55,15.595,1507600,0.0,1.0
IDXX,2009-01-27 00:00:00+00:00,31.52,31.89,31.08,31.5,684600,15.76,15.945,15.54,15.75,1369200,0.0,1.0
IDXX,2009-01-28 00:00:00+00:00,32.12,32.45,31.87,32.09,624100,16.06,16.225,15.935,16.045,1248200,0.0,1.0
IDXX,2009-01-29 00:00:00+00:00,31.34,32.15,31.18,31.85,905000,15.67,16.075,15.59,15.925,1810000,0.0,1.0
IDXX,2009-01-30 00:00:00+00:00,32.8,33.5,31.4,31.89,2110400,16.4,16.75,15.7,15.945,4220800,0.0,1.0
IDXX,2009-02-02 00:00:00+00:00,32.57,32.69,32.15,32.48,969600,16.285,16.345,16.075,16.24,1939200,0.0,1.0
IDXX,2009-02-03 00:00:00+00:00,32.59,32.72,32.11,32.55,908700,16.295,16.36,16.055,16.275,1817400,0.0,1.0
IDXX,2009-02-04 00:00:00+00:00,32.81,33.25,32.27,32.55,616100,16.405,16.625,16.135,16.275,1232200,0.0,1.0
IDXX,2009-02-05 00:00:00+00:00,33.24,33.632,32.53,32.67,512100,16.62,16.816,16.265,16.335,1024200,0.0,1.0
IDXX,2009-02-06 00:00:00+00:00,34.7,34.96,33.34,33.42,1003900,17.35,17.48,16.67,16.71,2007800,0.0,1.0
IDXX,2009-02-09 00:00:00+00:00,34.59,35.06,34.47,34.47,651500,17.295,17.53,17.235,17.235,1303000,0.0,1.0
IDXX,2009-02-10 00:00:00+00:00,33.56,34.92,33.48,34.53,460600,16.78,17.46,16.74,17.265,921200,0.0,1.0
IDXX,2009-02-11 00:00:00+00:00,34.0,34.23,33.5,33.86,323600,17.0,17.115,16.75,16.93,647200,0.0,1.0
IDXX,2009-02-12 00:00:00+00:00,34.59,34.66,33.19,33.66,462600,17.295,17.33,16.595,16.83,925200,0.0,1.0
IDXX,2009-02-13 00:00:00+00:00,34.37,34.92,34.26,34.75,476800,17.185,17.46,17.13,17.375,953600,0.0,1.0
IDXX,2009-02-17 00:00:00+00:00,33.23,33.75,32.81,33.57,712100,16.615,16.875,16.405,16.785,1424200,0.0,1.0
IDXX,2009-02-18 00:00:00+00:00,33.0,33.75,32.85,33.57,457000,16.5,16.875,16.425,16.785,914000,0.0,1.0
IDXX,2009-02-19 00:00:00+00:00,32.57,33.43,32.52,33.24,419400,16.285,16.715,16.26,16.62,838800,0.0,1.0
IDXX,2009-02-20 00:00:00+00:00,32.36,32.78,32.0,32.46,673600,16.18,16.39,16.0,16.23,1347200,0.0,1.0
IDXX,2009-02-23 00:00:00+00:00,30.41,32.65,30.21,32.49,950100,15.205,16.325,15.105,16.245,1900200,0.0,1.0
IDXX,2009-02-24 00:00:00+00:00,31.85,32.14,30.72,30.75,560800,15.925,16.07,15.36,15.375,1121600,0.0,1.0
IDXX,2009-02-25 00:00:00+00:00,31.35,31.86,30.9,31.59,480700,15.675,15.93,15.45,15.795,961400,0.0,1.0
IDXX,2009-02-26 00:00:00+00:00,30.62,31.79,30.48,31.73,664200,15.31,15.895,15.24,15.865,1328400,0.0,1.0
IDXX,2009-02-27 00:00:00+00:00,30.1,30.84,29.69,30.29,702900,15.05,15.42,14.845,15.145,1405800,0.0,1.0
IDXX,2009-03-02 00:00:00+00:00,27.85,30.23,27.72,29.88,732500,13.925,15.115,13.86,14.94,1465000,0.0,1.0
IDXX,2009-03-03 00:00:00+00:00,28.72,28.975,27.68,27.94,1014900,14.36,14.4875,13.84,13.97,2029800,0.0,1.0
IDXX,2009-03-04 00:00:00+00:00,29.79,30.12,28.54,28.93,751000,14.895,15.06,14.27,14.465,1502000,0.0,1.0
IDXX,2009-03-05 00:00:00+00:00,29.08,29.84,28.75,29.25,536100,14.54,14.92,14.375,14.625,1072200,0.0,1.0
IDXX,2009-03-06 00:00:00+00:00,29.23,29.42,28.52,29.17,735700,14.615,14.71,14.26,14.585,1471400,0.0,1.0
IDXX,2009-03-09 00:00:00+00:00,28.59,29.71,28.3,28.89,590500,14.295,14.855,14.15,14.445,1181000,0.0,1.0
IDXX,2009-03-10 00:00:00+00:00,30.05,30.09,28.61,29.08,672600,15.025,15.045,14.305,14.54,1345200,0.0,1.0
IDXX,2009-03-11 00:00:00+00:00,29.66,30.64,29.45,30.04,417400,14.83,15.32,14.725,15.02,834800,0.0,1.0
IDXX,2009-03-12 00:00:00+00:00,31.37,31.57,29.27,29.74,472500,15.685,15.785,14.635,14.87,945000,0.0,1.0
IDXX,2009-03-13 00:00:00+00:00,31.7,31.85,31.12,31.37,313000,15.85,15.925,15.56,15.685,626000,0.0,1.0
IDXX,2009-03-16 00:00:00+00:00,31.76,32.66,31.67,31.92,335500,15.88,16.33,15.835,15.96,671000,0.0,1.0
IDXX,2009-03-17 00:00:00+00:00,33.09,33.09,31.57,31.84,365400,16.545,16.545,15.785,15.92,730800,0.0,1.0
IDXX,2009-03-18 00:00:00+00:00,33.96,34.41,32.77,32.9,309200,16.98,17.205,16.385,16.45,618400,0.0,1.0
IDXX,2009-03-19 00:00:00+00:00,33.45,34.35,32.81,34.07,344200,16.725,17.175,16.405,17.035,688400,0.0,1.0
IDXX,2009-03-20 00:00:00+00:00,32.56,34.05,32.23,33.54,457100,16.28,17.025,16.115,16.77,914200,0.0,1.0
IDXX,2009-03-23 00:00:00+00:00,34.25,34.38,32.62,32.66,347700,17.125,17.19,16.31,16.33,695400,0.0,1.0
IDXX,2009-03-24 00:00:00+00:00,35.07,35.51,33.31,33.7,530200,17.535,17.755,16.655,16.85,1060400,0.0,1.0
IDXX,2009-03-25 00:00:00+00:00,36.19,36.6,35.0,35.0,673600,18.095,18.3,17.5,17.5,1347200,0.0,1.0
IDXX,2009-03-26 00:00:00+00:00,36.04,36.89,35.43,35.81,880000,18.02,18.445,17.715,17.905,1760000,0.0,1.0
IDXX,2009-03-27 00:00:00+00:00,35.47,36.09,35.24,35.81,391600,17.735,18.045,17.62,17.905,783200,0.0,1.0
IDXX,2009-03-30 00:00:00+00:00,34.63,35.35,34.09,35.35,792200,17.315,17.675,17.045,17.675,1584400,0.0,1.0
IDXX,2009-03-31 00:00:00+00:00,34.58,36.61,34.46,35.07,704000,17.29,18.305,17.23,17.535,1408000,0.0,1.0
IDXX,2009-04-01 00:00:00+00:00,34.71,35.09,33.07,34.19,817600,17.355,17.545,16.535,17.095,1635200,0.0,1.0
IDXX,2009-04-02 00:00:00+00:00,35.16,35.54,34.97,34.97,1155400,17.58,17.77,17.485,17.485,2310800,0.0,1.0
IDXX,2009-04-03 00:00:00+00:00,36.24,36.25,34.48,35.26,600300,18.12,18.125,17.24,17.63,1200600,0.0,1.0
IDXX,2009-04-06 00:00:00+00:00,36.68,37.38,36.07,36.07,322100,18.34,18.69,18.035,18.035,644200,0.0,1.0
IDXX,2009-04-07 00:00:00+00:00,36.26,36.7,35.65,36.03,328300,18.13,18.35,17.825,18.015,656600,0.0,1.0
IDXX,2009-04-08 00:00:00+00:00,36.59,36.95,36.23,36.95,398900,18.295,18.475,18.115,18.475,797800,0.0,1.0
IDXX,2009-04-09 00:00:00+00:00,37.93,38.01,37.24,37.31,262800,18.965,19.005,18.62,18.655,525600,0.0,1.0
IDXX,2009-04-13 00:00:00+00:00,37.62,38.0,37.16,37.48,381800,18.81,19.0,18.58,18.74,763600,0.0,1.0
IDXX,2009-04-14 00:00:00+00:00,37.63,37.965,37.32,37.37,440300,18.815,18.9825,18.66,18.685,880600,0.0,1.0
IDXX,2009-04-15 00:00:00+00:00,37.29,37.89,36.66,37.69,641200,18.645,18.945,18.33,18.845,1282400,0.0,1.0
IDXX,2009-04-16 00:00:00+00:00,38.67,38.85,37.69,37.69,480400,19.335,19.425,18.845,18.845,960800,0.0,1.0
IDXX,2009-04-17 00:00:00+00:00,38.77,39.15,38.225,38.79,626800,19.385,19.575,19.1125,19.395,1253600,0.0,1.0
IDXX,2009-04-20 00:00:00+00:00,37.93,38.675,37.92,38.25,505400,18.965,19.3375,18.96,19.125,1010800,0.0,1.0
IDXX,2009-04-21 00:00:00+00:00,37.51,38.41,37.26,37.92,399100,18.755,19.205,18.63,18.96,798200,0.0,1.0
IDXX,2009-04-22 00:00:00+00:00,38.46,38.79,37.04,37.13,551900,19.23,19.395,18.52,18.565,1103800,0.0,1.0
IDXX,2009-04-23 00:00:00+00:00,38.25,38.79,37.18,38.75,693700,19.125,19.395,18.59,19.375,1387400,0.0,1.0
IDXX,2009-04-24 00:00:00+00:00,39.82,40.64,38.03,38.03,1586100,19.91,20.32,19.015,19.015,3172200,0.0,1.0
IDXX,2009-04-27 00:00:00+00:00,39.59,40.49,39.35,39.35,584300,19.795,20.245,19.675,19.675,1168600,0.0,1.0
IDXX,2009-04-28 00:00:00+00:00,39.49,40.29,39.23,39.25,627800,19.745,20.145,19.615,19.625,1255600,0.0,1.0
IDXX,2009-04-29 00:00:00+00:00,39.76,40.2,39.36,39.9,555600,19.88,20.1,19.68,19.95,1111200,0.0,1.0
IDXX,2009-04-30 00:00:00+00:00,39.3,40.47,39.29,40.1,594300,19.65,20.235,19.645,20.05,1188600,0.0,1.0
IDXX,2009-05-01 00:00:00+00:00,39.4,40.08,38.15,39.38,565900,19.7,20.04,19.075,19.69,1131800,0.0,1.0
IDXX,2009-05-04 00:00:00+00:00,39.87,39.87,39.11,39.35,425700,19.935,19.935,19.555,19.675,851400,0.0,1.0
IDXX,2009-05-05 00:00:00+00:00,40.94,41.0,39.49,39.5,447700,20.47,20.5,19.745,19.75,895400,0.0,1.0
IDXX,2009-05-06 00:00:00+00:00,41.33,41.53,40.3,41.2,523400,20.665,20.765,20.15,20.6,1046800,0.0,1.0
IDXX,2009-05-07 00:00:00+00:00,42.89,43.35,41.43,41.43,861100,21.445,21.675,20.715,20.715,1722200,0.0,1.0
IDXX,2009-05-08 00:00:00+00:00,43.78,44.11,43.26,43.49,535000,21.89,22.055,21.63,21.745,1070000,0.0,1.0
IDXX,2009-05-11 00:00:00+00:00,42.25,43.68,42.13,43.1,561800,21.125,21.84,21.065,21.55,1123600,0.0,1.0
IDXX,2009-05-12 00:00:00+00:00,42.74,43.47,42.38,43.47,382800,21.37,21.735,21.19,21.735,765600,0.0,1.0
IDXX,2009-05-13 00:00:00+00:00,40.85,42.38,40.67,42.37,539700,20.425,21.19,20.335,21.185,1079400,0.0,1.0
IDXX,2009-05-14 00:00:00+00:00,41.01,41.34,40.16,41.08,443200,20.505,20.67,20.08,20.54,886400,0.0,1.0
IDXX,2009-05-15 00:00:00+00:00,40.8,41.44,40.51,40.97,457700,20.4,20.72,20.255,20.485,915400,0.0,1.0
IDXX,2009-05-18 00:00:00+00:00,41.14,41.37,40.49,40.98,389100,20.57,20.685,20.245,20.49,778200,0.0,1.0
IDXX,2009-05-19 00:00:00+00:00,41.76,41.95,40.91,41.21,372100,20.88,20.975,20.455,20.605,744200,0.0,1.0
IDXX,2009-05-20 00:00:00+00:00,41.53,42.49,41.47,41.83,243000,20.765,21.245,20.735,20.915,486000,0.0,1.0
IDXX,2009-05-21 00:00:00+00:00,40.22,41.63,39.97,41.53,459700,20.11,20.815,19.985,20.765,919400,0.0,1.0
IDXX,2009-05-22 00:00:00+00:00,40.34,40.96,40.22,40.53,154500,20.17,20.48,20.11,20.265,309000,0.0,1.0
IDXX,2009-05-26 00:00:00+00:00,41.92,41.94,40.0,40.0,380800,20.96,20.97,20.0,20.0,761600,0.0,1.0
IDXX,2009-05-27 00:00:00+00:00,41.99,42.965,41.43,41.68,351500,20.995,21.4825,20.715,20.84,703000,0.0,1.0
IDXX,2009-05-28 00:00:00+00:00,42.3,42.95,42.07,42.22,435200,21.15,21.475,21.035,21.11,870400,0.0,1.0
IDXX,2009-05-29 00:00:00+00:00,42.0,42.23,41.53,42.11,1103600,21.0,21.115,20.765,21.055,2207200,0.0,1.0
IDXX,2009-06-01 00:00:00+00:00,43.81,44.14,42.34,42.34,483000,21.905,22.07,21.17,21.17,966000,0.0,1.0
IDXX,2009-06-02 00:00:00+00:00,46.06,46.5,43.36,43.36,692600,23.03,23.25,21.68,21.68,1385200,0.0,1.0
IDXX,2009-06-03 00:00:00+00:00,46.85,46.9,45.37,45.37,596900,23.425,23.45,22.685,22.685,1193800,0.0,1.0
IDXX,2009-06-04 00:00:00+00:00,45.25,46.82,44.94,46.48,495100,22.625,23.41,22.47,23.24,990200,0.0,1.0
IDXX,2009-06-05 00:00:00+00:00,45.07,46.19,44.58,45.52,315000,22.535,23.095,22.29,22.76,630000,0.0,1.0
IDXX,2009-06-08 00:00:00+00:00,44.46,45.11,44.185,44.59,413500,22.23,22.555,22.0925,22.295,827000,0.0,1.0
IDXX,2009-06-09 00:00:00+00:00,44.8,45.18,44.296,44.63,304200,22.4,22.59,22.148,22.315,608400,0.0,1.0
IDXX,2009-06-10 00:00:00+00:00,44.58,45.19,44.35,44.94,410200,22.29,22.595,22.175,22.47,820400,0.0,1.0
IDXX,2009-06-11 00:00:00+00:00,45.62,45.82,44.61,44.61,188400,22.81,22.91,22.305,22.305,376800,0.0,1.0
IDXX,2009-06-12 00:00:00+00:00,46.51,46.81,45.26,45.28,307500,23.255,23.405,22.63,22.64,615000,0.0,1.0
IDXX,2009-06-15 00:00:00+00:00,45.31,45.67,43.217,45.34,515700,22.655,22.835,21.6085,22.67,1031400,0.0,1.0
IDXX,2009-06-16 00:00:00+00:00,44.57,46.03,44.52,45.49,345600,22.285,23.015,22.26,22.745,691200,0.0,1.0
IDXX,2009-06-17 00:00:00+00:00,45.09,45.73,44.66,44.66,234600,22.545,22.865,22.33,22.33,469200,0.0,1.0
IDXX,2009-06-18 00:00:00+00:00,45.31,45.52,44.91,44.98,189900,22.655,22.76,22.455,22.49,379800,0.0,1.0
IDXX,2009-06-19 00:00:00+00:00,44.87,45.84,44.68,45.84,410800,22.435,22.92,22.34,22.92,821600,0.0,1.0
IDXX,2009-06-22 00:00:00+00:00,43.94,44.93,43.76,44.65,442300,21.97,22.465,21.88,22.325,884600,0.0,1.0
IDXX,2009-06-23 00:00:00+00:00,43.64,43.96,43.38,43.66,265700,21.82,21.98,21.69,21.83,531400,0.0,1.0
IDXX,2009-06-24 00:00:00+00:00,44.09,44.27,43.29,43.9,228700,22.045,22.135,21.645,21.95,457400,0.0,1.0
IDXX,2009-06-25 00:00:00+00:00,46.09,46.19,43.72,43.77,458400,23.045,23.095,21.86,21.885,916800,0.0,1.0
IDXX,2009-06-26 00:00:00+00:00,46.12,46.45,45.21,46.01,359400,23.06,23.225,22.605,23.005,718800,0.0,1.0
IDXX,2009-06-29 00:00:00+00:00,46.13,46.45,45.56,46.12,135900,23.065,23.225,22.78,23.06,271800,0.0,1.0
IDXX,2009-06-30 00:00:00+00:00,46.2,46.6085,45.87,46.3,363900,23.1,23.30425,22.935,23.15,727800,0.0,1.0
IDXX,2009-07-01 00:00:00+00:00,45.79,46.75,45.65,46.55,305500,22.895,23.375,22.825,23.275,611000,0.0,1.0
IDXX,2009-07-02 00:00:00+00:00,44.79,46.11,44.32,45.45,316300,22.395,23.055,22.16,22.725,632600,0.0,1.0
IDXX,2009-07-06 00:00:00+00:00,45.0,45.42,44.4,44.4,296400,22.5,22.71,22.2,22.2,592800,0.0,1.0
IDXX,2009-07-07 00:00:00+00:00,45.88,46.26,44.55,44.55,751900,22.94,23.13,22.275,22.275,1503800,0.0,1.0
IDXX,2009-07-08 00:00:00+00:00,45.98,47.29,45.52,46.04,655100,22.99,23.645,22.76,23.02,1310200,0.0,1.0
IDXX,2009-07-09 00:00:00+00:00,44.92,46.26,44.69,46.0,187100,22.46,23.13,22.345,23.0,374200,0.0,1.0
IDXX,2009-07-10 00:00:00+00:00,44.17,45.36,43.99,44.85,377700,22.085,22.68,21.995,22.425,755400,0.0,1.0
IDXX,2009-07-13 00:00:00+00:00,44.31,44.89,43.47,44.33,321000,22.155,22.445,21.735,22.165,642000,0.0,1.0
IDXX,2009-07-14 00:00:00+00:00,44.08,44.75,43.88,44.42,298300,22.04,22.375,21.94,22.21,596600,0.0,1.0
IDXX,2009-07-15 00:00:00+00:00,44.99,45.28,44.187,44.71,303600,22.495,22.64,22.0935,22.355,607200,0.0,1.0
IDXX,2009-07-16 00:00:00+00:00,45.94,46.07,44.74,44.74,287100,22.97,23.035,22.37,22.37,574200,0.0,1.0
IDXX,2009-07-17 00:00:00+00:00,45.91,46.36,45.18,45.93,434600,22.955,23.18,22.59,22.965,869200,0.0,1.0
IDXX,2009-07-20 00:00:00+00:00,46.05,46.2,45.41,45.92,250100,23.025,23.1,22.705,22.96,500200,0.0,1.0
IDXX,2009-07-21 00:00:00+00:00,46.36,46.65,46.07,46.16,437500,23.18,23.325,23.035,23.08,875000,0.0,1.0
IDXX,2009-07-22 00:00:00+00:00,45.44,46.96,45.22,46.06,457100,22.72,23.48,22.61,23.03,914200,0.0,1.0
IDXX,2009-07-23 00:00:00+00:00,47.99,48.0,45.52,45.54,739700,23.995,24.0,22.76,22.77,1479400,0.0,1.0
IDXX,2009-07-24 00:00:00+00:00,50.3,50.41,45.6,45.6,1085900,25.15,25.205,22.8,22.8,2171800,0.0,1.0
IDXX,2009-07-27 00:00:00+00:00,49.99,50.79,49.26,50.18,343700,24.995,25.395,24.63,25.09,687400,0.0,1.0
IDXX,2009-07-28 00:00:00+00:00,49.19,50.5,48.9301,49.37,323600,24.595,25.25,24.46505,24.685,647200,0.0,1.0
IDXX,2009-07-29 00:00:00+00:00,49.8,50.07,48.57,48.79,357000,24.9,25.035,24.285,24.395,714000,0.0,1.0
IDXX,2009-07-30 00:00:00+00:00,50.29,50.526,49.29,49.8,393600,25.145,25.263,24.645,24.9,787200,0.0,1.0
IDXX,2009-07-31 00:00:00+00:00,49.82,50.91,49.63,50.0,340100,24.91,25.455,24.815,25.0,680200,0.0,1.0
IDXX,2009-08-03 00:00:00+00:00,49.58,50.38,49.0,50.38,457000,24.79,25.19,24.5,25.19,914000,0.0,1.0
IDXX,2009-08-04 00:00:00+00:00,50.79,50.8,49.5,49.5,237100,25.395,25.4,24.75,24.75,474200,0.0,1.0
IDXX,2009-08-05 00:00:00+00:00,50.75,51.44,49.87,50.72,348200,25.375,25.72,24.935,25.36,696400,0.0,1.0
IDXX,2009-08-06 00:00:00+00:00,50.2,50.99,49.92,50.76,221800,25.1,25.495,24.96,25.38,443600,0.0,1.0
IDXX,2009-08-07 00:00:00+00:00,50.97,51.5,50.07,50.94,136700,25.485,25.75,25.035,25.47,273400,0.0,1.0
IDXX,2009-08-10 00:00:00+00:00,50.95,51.23,50.42,50.58,147800,25.475,25.615,25.21,25.29,295600,0.0,1.0
IDXX,2009-08-11 00:00:00+00:00,50.38,50.89,50.0,50.46,188200,25.19,25.445,25.0,25.23,376400,0.0,1.0
IDXX,2009-08-12 00:00:00+00:00,50.44,51.4,50.01,50.38,369200,25.22,25.7,25.005,25.19,738400,0.0,1.0
IDXX,2009-08-13 00:00:00+00:00,50.7,50.83,50.296,50.79,167200,25.35,25.415,25.148,25.395,334400,0.0,1.0
IDXX,2009-08-14 00:00:00+00:00,50.43,51.19,49.64,50.39,180700,25.215,25.595,24.82,25.195,361400,0.0,1.0
IDXX,2009-08-17 00:00:00+00:00,49.71,50.77,49.55,50.03,183800,24.855,25.385,24.775,25.015,367600,0.0,1.0
IDXX,2009-08-18 00:00:00+00:00,49.93,50.34,49.3,50.04,246900,24.965,25.17,24.65,25.02,493800,0.0,1.0
IDXX,2009-08-19 00:00:00+00:00,50.45,50.51,49.5,49.63,147300,25.225,25.255,24.75,24.815,294600,0.0,1.0
IDXX,2009-08-20 00:00:00+00:00,50.58,50.74,49.8,50.14,170500,25.29,25.37,24.9,25.07,341000,0.0,1.0
IDXX,2009-08-21 00:00:00+00:00,50.73,51.435,50.59,51.07,243600,25.365,25.7175,25.295,25.535,487200,0.0,1.0
IDXX,2009-08-24 00:00:00+00:00,50.85,50.98,50.56,50.72,255700,25.425,25.49,25.28,25.36,511400,0.0,1.0
IDXX,2009-08-25 00:00:00+00:00,51.16,52.0,50.6,50.93,399400,25.58,26.0,25.3,25.465,798800,0.0,1.0
IDXX,2009-08-26 00:00:00+00:00,51.06,52.0,50.92,51.26,245900,25.53,26.0,25.46,25.63,491800,0.0,1.0
IDXX,2009-08-27 00:00:00+00:00,51.44,51.94,50.51,50.79,175500,25.72,25.97,25.255,25.395,351000,0.0,1.0
IDXX,2009-08-28 00:00:00+00:00,51.0,51.98,50.52,51.89,166900,25.5,25.99,25.26,25.945,333800,0.0,1.0
IDXX,2009-08-31 00:00:00+00:00,50.76,51.3,50.18,50.94,211900,25.38,25.65,25.09,25.47,423800,0.0,1.0
IDXX,2009-09-01 00:00:00+00:00,49.41,51.51,49.34,50.38,390400,24.705,25.755,24.67,25.19,780800,0.0,1.0
IDXX,2009-09-02 00:00:00+00:00,49.35,50.02,49.21,49.21,202500,24.675,25.01,24.605,24.605,405000,0.0,1.0
IDXX,2009-09-03 00:00:00+00:00,49.42,49.65,48.69,49.42,187300,24.71,24.825,24.345,24.71,374600,0.0,1.0
IDXX,2009-09-04 00:00:00+00:00,50.09,50.29,49.1,49.42,76700,25.045,25.145,24.55,24.71,153400,0.0,1.0
IDXX,2009-09-08 00:00:00+00:00,50.12,50.36,49.37,50.04,114900,25.06,25.18,24.685,25.02,229800,0.0,1.0
IDXX,2009-09-09 00:00:00+00:00,51.31,51.99,49.96,49.96,142200,25.655,25.995,24.98,24.98,284400,0.0,1.0
IDXX,2009-09-10 00:00:00+00:00,51.8,51.83,50.91,51.44,111100,25.9,25.915,25.455,25.72,222200,0.0,1.0
IDXX,2009-09-11 00:00:00+00:00,52.16,52.47,51.59,51.73,120000,26.08,26.235,25.795,25.865,240000,0.0,1.0
IDXX,2009-09-14 00:00:00+00:00,52.87,52.99,51.52,51.58,148500,26.435,26.495,25.76,25.79,297000,0.0,1.0
IDXX,2009-09-15 00:00:00+00:00,53.0,53.16,52.45,52.71,115100,26.5,26.58,26.225,26.355,230200,0.0,1.0
IDXX,2009-09-16 00:00:00+00:00,54.05,54.05,52.99,53.01,138400,27.025,27.025,26.495,26.505,276800,0.0,1.0
IDXX,2009-09-17 00:00:00+00:00,53.85,54.34,53.19,53.83,141300,26.925,27.17,26.595,26.915,282600,0.0,1.0
IDXX,2009-09-18 00:00:00+00:00,53.8,54.21,53.69,53.95,379200,26.9,27.105,26.845,26.975,758400,0.0,1.0
IDXX,2009-09-21 00:00:00+00:00,54.95,55.12,53.3401,53.51,210600,27.475,27.56,26.67005,26.755,421200,0.0,1.0
IDXX,2009-09-22 00:00:00+00:00,53.41,54.9,53.27,54.9,239000,26.705,27.45,26.635,27.45,478000,0.0,1.0
IDXX,2009-09-23 00:00:00+00:00,51.77,53.67,51.77,53.67,240100,25.885,26.835,25.885,26.835,480200,0.0,1.0
IDXX,2009-09-24 00:00:00+00:00,50.5,52.04,50.22,51.85,269500,25.25,26.02,25.11,25.925,539000,0.0,1.0
IDXX,2009-09-25 00:00:00+00:00,50.04,50.49,49.87,50.35,144300,25.02,25.245,24.935,25.175,288600,0.0,1.0
IDXX,2009-09-28 00:00:00+00:00,51.6,51.78,50.26,50.34,178800,25.8,25.89,25.13,25.17,357600,0.0,1.0
IDXX,2009-09-29 00:00:00+00:00,51.4,51.95,50.8,51.81,235700,25.7,25.975,25.4,25.905,471400,0.0,1.0
IDXX,2009-09-30 00:00:00+00:00,50.0,51.42,49.68,51.19,336400,25.0,25.71,24.84,25.595,672800,0.0,1.0
IDXX,2009-10-01 00:00:00+00:00,48.32,49.98,48.13,49.67,342500,24.16,24.99,24.065,24.835,685000,0.0,1.0
IDXX,2009-10-02 00:00:00+00:00,48.04,48.93,47.8,48.16,183100,24.02,24.465,23.9,24.08,366200,0.0,1.0
IDXX,2009-10-05 00:00:00+00:00,48.57,49.1,47.52,48.33,244300,24.285,24.55,23.76,24.165,488600,0.0,1.0
IDXX,2009-10-06 00:00:00+00:00,49.62,49.76,48.15,48.73,120200,24.81,24.88,24.075,24.365,240400,0.0,1.0
IDXX,2009-10-07 00:00:00+00:00,50.03,50.08,48.81,49.37,174100,25.015,25.04,24.405,24.685,348200,0.0,1.0
IDXX,2009-10-08 00:00:00+00:00,50.39,50.52,49.1601,50.08,233500,25.195,25.26,24.58005,25.04,467000,0.0,1.0
IDXX,2009-10-09 00:00:00+00:00,50.49,50.54,50.16,50.16,79600,25.245,25.27,25.08,25.08,159200,0.0,1.0
IDXX,2009-10-12 00:00:00+00:00,50.0,50.72,49.75,50.6,108600,25.0,25.36,24.875,25.3,217200,0.0,1.0
IDXX,2009-10-13 00:00:00+00:00,49.54,50.05,49.29,49.79,203100,24.77,25.025,24.645,24.895,406200,0.0,1.0
IDXX,2009-10-14 00:00:00+00:00,50.4,50.67,49.42,49.85,344600,25.2,25.335,24.71,24.925,689200,0.0,1.0
IDXX,2009-10-15 00:00:00+00:00,50.85,50.95,50.01,50.15,209800,25.425,25.475,25.005,25.075,419600,0.0,1.0
IDXX,2009-10-16 00:00:00+00:00,51.15,51.41,50.435,50.64,174200,25.575,25.705,25.2175,25.32,348400,0.0,1.0
IDXX,2009-10-19 00:00:00+00:00,52.07,52.32,51.21,51.36,240200,26.035,26.16,25.605,25.68,480400,0.0,1.0
IDXX,2009-10-20 00:00:00+00:00,51.8,52.29,51.59,51.97,246400,25.9,26.145,25.795,25.985,492800,0.0,1.0
IDXX,2009-10-21 00:00:00+00:00,51.59,52.62,51.56,51.56,253800,25.795,26.31,25.78,25.78,507600,0.0,1.0
IDXX,2009-10-22 00:00:00+00:00,52.6,53.0,50.97,51.42,245800,26.3,26.5,25.485,25.71,491600,0.0,1.0
IDXX,2009-10-23 00:00:00+00:00,54.38,54.75,51.96,54.75,763000,27.19,27.375,25.98,27.375,1526000,0.0,1.0
IDXX,2009-10-26 00:00:00+00:00,54.15,55.69,53.52,54.31,642100,27.075,27.845,26.76,27.155,1284200,0.0,1.0
IDXX,2009-10-27 00:00:00+00:00,53.97,54.8,53.54,54.12,282600,26.985,27.4,26.77,27.06,565200,0.0,1.0
IDXX,2009-10-28 00:00:00+00:00,53.62,54.17,53.36,54.12,364500,26.81,27.085,26.68,27.06,729000,0.0,1.0
IDXX,2009-10-29 00:00:00+00:00,52.78,53.72,52.76,53.72,297700,26.39,26.86,26.38,26.86,595400,0.0,1.0
IDXX,2009-10-30 00:00:00+00:00,51.12,52.87,51.12,52.64,278500,25.56,26.435,25.56,26.32,557000,0.0,1.0
IDXX,2009-11-02 00:00:00+00:00,50.9,51.46,50.25,51.46,331900,25.45,25.73,25.125,25.73,663800,0.0,1.0
IDXX,2009-11-03 00:00:00+00:00,50.95,51.34,50.48,50.79,289100,25.475,25.67,25.24,25.395,578200,0.0,1.0
IDXX,2009-11-04 00:00:00+00:00,50.64,51.66,50.6,51.25,176700,25.32,25.83,25.3,25.625,353400,0.0,1.0
IDXX,2009-11-05 00:00:00+00:00,51.65,51.65,50.95,51.21,221300,25.825,25.825,25.475,25.605,442600,0.0,1.0
IDXX,2009-11-06 00:00:00+00:00,51.8,52.0,50.92,51.44,101500,25.9,26.0,25.46,25.72,203000,0.0,1.0
IDXX,2009-11-09 00:00:00+00:00,52.33,52.72,52.01,52.01,147400,26.165,26.36,26.005,26.005,294800,0.0,1.0
IDXX,2009-11-10 00:00:00+00:00,52.81,53.33,51.49,51.96,296500,26.405,26.665,25.745,25.98,593000,0.0,1.0
IDXX,2009-11-11 00:00:00+00:00,52.48,53.05,52.04,52.85,157100,26.24,26.525,26.02,26.425,314200,0.0,1.0
IDXX,2009-11-12 00:00:00+00:00,51.61,52.43,51.3,52.37,147900,25.805,26.215,25.65,26.185,295800,0.0,1.0
IDXX,2009-11-13 00:00:00+00:00,52.25,52.72,51.5,51.92,92200,26.125,26.36,25.75,25.96,184400,0.0,1.0
IDXX,2009-11-16 00:00:00+00:00,53.15,53.47,51.88,52.11,136800,26.575,26.735,25.94,26.055,273600,0.0,1.0
IDXX,2009-11-17 00:00:00+00:00,53.32,53.32,52.39,52.66,126800,26.66,26.66,26.195,26.33,253600,0.0,1.0
IDXX,2009-11-18 00:00:00+00:00,52.85,53.33,52.44,53.16,145800,26.425,26.665,26.22,26.58,291600,0.0,1.0
IDXX,2009-11-19 00:00:00+00:00,51.5,52.64,50.58,52.38,234800,25.75,26.32,25.29,26.19,469600,0.0,1.0
IDXX,2009-11-20 00:00:00+00:00,50.73,51.17,50.31,51.02,135800,25.365,25.585,25.155,25.51,271600,0.0,1.0
IDXX,2009-11-23 00:00:00+00:00,51.24,52.19,50.92,51.09,180000,25.62,26.095,25.46,25.545,360000,0.0,1.0
IDXX,2009-11-24 00:00:00+00:00,50.58,51.83,50.57,51.35,365800,25.29,25.915,25.285,25.675,731600,0.0,1.0
IDXX,2009-11-25 00:00:00+00:00,50.91,51.0,50.27,50.65,478800,25.455,25.5,25.135,25.325,957600,0.0,1.0
IDXX,2009-11-27 00:00:00+00:00,50.92,50.95,49.26,50.07,261300,25.46,25.475,24.63,25.035,522600,0.0,1.0
IDXX,2009-11-30 00:00:00+00:00,50.05,50.97,49.65,50.8,429300,25.025,25.485,24.825,25.4,858600,0.0,1.0
IDXX,2009-12-01 00:00:00+00:00,50.74,51.28,49.96,50.48,413100,25.37,25.64,24.98,25.24,826200,0.0,1.0
IDXX,2009-12-02 00:00:00+00:00,51.4,51.55,49.47,50.13,325000,25.7,25.775,24.735,25.065,650000,0.0,1.0
IDXX,2009-12-03 00:00:00+00:00,51.43,52.06,51.24,51.41,372500,25.715,26.03,25.62,25.705,745000,0.0,1.0
IDXX,2009-12-04 00:00:00+00:00,52.42,52.92,51.7,51.7,364100,26.21,26.46,25.85,25.85,728200,0.0,1.0
IDXX,2009-12-07 00:00:00+00:00,52.16,52.95,52.0,52.17,252500,26.08,26.475,26.0,26.085,505000,0.0,1.0
IDXX,2009-12-08 00:00:00+00:00,51.83,52.28,51.0,51.83,309300,25.915,26.14,25.5,25.915,618600,0.0,1.0
IDXX,2009-12-09 00:00:00+00:00,51.52,52.31,51.36,51.73,242800,25.76,26.155,25.68,25.865,485600,0.0,1.0
IDXX,2009-12-10 00:00:00+00:00,52.02,52.645,51.76,51.9,189300,26.01,26.3225,25.88,25.95,378600,0.0,1.0
IDXX,2009-12-11 00:00:00+00:00,52.16,52.39,51.3,52.39,136600,26.08,26.195,25.65,26.195,273200,0.0,1.0
IDXX,2009-12-14 00:00:00+00:00,52.52,52.6,51.41,52.08,151300,26.26,26.3,25.705,26.04,302600,0.0,1.0
IDXX,2009-12-15 00:00:00+00:00,52.96,52.97,51.98,52.35,236200,26.48,26.485,25.99,26.175,472400,0.0,1.0
IDXX,2009-12-16 00:00:00+00:00,52.31,53.49,52.192,52.72,195700,26.155,26.745,26.096,26.36,391400,0.0,1.0
IDXX,2009-12-17 00:00:00+00:00,52.02,52.44,51.9,52.05,146300,26.01,26.22,25.95,26.025,292600,0.0,1.0
IDXX,2009-12-18 00:00:00+00:00,51.97,52.37,51.69,52.09,237700,25.985,26.185,25.845,26.045,475400,0.0,1.0
IDXX,2009-12-21 00:00:00+00:00,52.32,52.78,52.12,52.15,116200,26.16,26.39,26.06,26.075,232400,0.0,1.0
IDXX,2009-12-22 00:00:00+00:00,53.14,53.18,52.0,52.28,126400,26.57,26.59,26.0,26.14,252800,0.0,1.0
IDXX,2009-12-23 00:00:00+00:00,53.86,54.02,52.84,53.18,326000,26.93,27.01,26.42,26.59,652000,0.0,1.0
IDXX,2009-12-24 00:00:00+00:00,53.72,53.86,53.59,53.84,48600,26.86,26.93,26.795,26.92,97200,0.0,1.0
IDXX,2009-12-28 00:00:00+00:00,54.18,54.36,52.75,53.85,105200,27.09,27.18,26.375,26.925,210400,0.0,1.0
IDXX,2009-12-29 00:00:00+00:00,54.41,54.4186,54.0,54.33,96600,27.205,27.2093,27.0,27.165,193200,0.0,1.0
IDXX,2009-12-30 00:00:00+00:00,54.61,54.67,54.31,54.38,151600,27.305,27.335,27.155,27.19,303200,0.0,1.0
IDXX,2009-12-31 00:00:00+00:00,53.45,54.69,53.43,54.67,247200,26.725,27.345,26.715,27.335,494400,0.0,1.0
IDXX,2010-01-04 00:00:00+00:00,54.08,54.35,53.43,53.7,162600,27.04,27.175,26.715,26.85,325200,0.0,1.0
IDXX,2010-01-05 00:00:00+00:00,54.17,54.17,53.55,53.76,111800,27.085,27.085,26.775,26.88,223600,0.0,1.0
IDXX,2010-01-06 00:00:00+00:00,54.3,54.74,54.03,54.03,131200,27.15,27.37,27.015,27.015,262400,0.0,1.0
IDXX,2010-01-07 00:00:00+00:00,56.36,56.65,53.94,54.07,374100,28.18,28.325,26.97,27.035,748200,0.0,1.0
IDXX,2010-01-08 00:00:00+00:00,55.91,56.9,55.81,56.42,321400,27.955,28.45,27.905,28.21,642800,0.0,1.0
IDXX,2010-01-11 00:00:00+00:00,57.77,57.91,56.03,56.03,348600,28.885,28.955,28.015,28.015,697200,0.0,1.0
IDXX,2010-01-12 00:00:00+00:00,57.68,57.77,57.18,57.7,246400,28.84,28.885,28.59,28.85,492800,0.0,1.0
IDXX,2010-01-13 00:00:00+00:00,59.15,59.31,57.64,57.64,520000,29.575,29.655,28.82,28.82,1040000,0.0,1.0
IDXX,2010-01-14 00:00:00+00:00,59.63,59.95,59.2,59.2,253000,29.815,29.975,29.6,29.6,506000,0.0,1.0
IDXX,2010-01-15 00:00:00+00:00,59.1,59.63,58.53,59.5,211300,29.55,29.815,29.265,29.75,422600,0.0,1.0
IDXX,2010-01-19 00:00:00+00:00,59.35,59.75,58.6,59.01,291400,29.675,29.875,29.3,29.505,582800,0.0,1.0
IDXX,2010-01-20 00:00:00+00:00,59.07,59.51,58.47,59.12,176700,29.535,29.755,29.235,29.56,353400,0.0,1.0
IDXX,2010-01-21 00:00:00+00:00,58.36,59.09,58.25,58.97,174900,29.18,29.545,29.125,29.485,349800,0.0,1.0
IDXX,2010-01-22 00:00:00+00:00,57.19,58.55,57.06,58.46,250500,28.595,29.275,28.53,29.23,501000,0.0,1.0
IDXX,2010-01-25 00:00:00+00:00,56.75,57.68,56.46,57.68,292100,28.375,28.84,28.23,28.84,584200,0.0,1.0
IDXX,2010-01-26 00:00:00+00:00,56.92,57.1,56.6,56.75,124100,28.46,28.55,28.3,28.375,248200,0.0,1.0
IDXX,2010-01-27 00:00:00+00:00,56.7,57.06,56.18,56.63,234700,28.35,28.53,28.09,28.315,469400,0.0,1.0
IDXX,2010-01-28 00:00:00+00:00,57.97,58.02,56.04,56.59,345700,28.985,29.01,28.02,28.295,691400,0.0,1.0
IDXX,2010-01-29 00:00:00+00:00,52.49,58.1,52.49,56.82,1831800,26.245,29.05,26.245,28.41,3663600,0.0,1.0
IDXX,2010-02-01 00:00:00+00:00,49.93,53.3,49.03,52.75,1842500,24.965,26.65,24.515,26.375,3685000,0.0,1.0
IDXX,2010-02-02 00:00:00+00:00,50.92,51.18,49.52,50.11,1039800,25.46,25.59,24.76,25.055,2079600,0.0,1.0
IDXX,2010-02-03 00:00:00+00:00,50.88,50.96,50.3401,50.75,360400,25.44,25.48,25.17005,25.375,720800,0.0,1.0
IDXX,2010-02-04 00:00:00+00:00,50.49,51.11,50.0975,50.46,714000,25.245,25.555,25.04875,25.23,1428000,0.0,1.0
IDXX,2010-02-05 00:00:00+00:00,50.05,50.83,49.26,50.36,580600,25.025,25.415,24.63,25.18,1161200,0.0,1.0
IDXX,2010-02-08 00:00:00+00:00,49.99,50.26,49.25,49.6,365400,24.995,25.13,24.625,24.8,730800,0.0,1.0
IDXX,2010-02-09 00:00:00+00:00,50.56,50.63,49.75,49.91,287300,25.28,25.315,24.875,24.955,574600,0.0,1.0
IDXX,2010-02-10 00:00:00+00:00,50.41,51.0,49.93,50.7,300400,25.205,25.5,24.965,25.35,600800,0.0,1.0
IDXX,2010-02-11 00:00:00+00:00,52.0,52.14,50.26,50.55,422400,26.0,26.07,25.13,25.275,844800,0.0,1.0
IDXX,2010-02-12 00:00:00+00:00,53.31,53.43,51.32,51.32,428000,26.655,26.715,25.66,25.66,856000,0.0,1.0
IDXX,2010-02-16 00:00:00+00:00,53.58,53.58,52.56,53.04,383100,26.79,26.79,26.28,26.52,766200,0.0,1.0
IDXX,2010-02-17 00:00:00+00:00,53.63,54.37,53.16,53.54,240700,26.815,27.185,26.58,26.77,481400,0.0,1.0
IDXX,2010-02-18 00:00:00+00:00,53.89,54.19,53.29,53.78,203000,26.945,27.095,26.645,26.89,406000,0.0,1.0
IDXX,2010-02-19 00:00:00+00:00,52.95,54.15,52.9,53.7,366500,26.475,27.075,26.45,26.85,733000,0.0,1.0
IDXX,2010-02-22 00:00:00+00:00,52.69,53.1892,52.5,52.91,376400,26.345,26.5946,26.25,26.455,752800,0.0,1.0
IDXX,2010-02-23 00:00:00+00:00,52.5,53.62,52.4,52.65,303900,26.25,26.81,26.2,26.325,607800,0.0,1.0
IDXX,2010-02-24 00:00:00+00:00,53.05,53.2,52.68,52.75,153600,26.525,26.6,26.34,26.375,307200,0.0,1.0
IDXX,2010-02-25 00:00:00+00:00,52.5,53.45,52.07,52.7,306800,26.25,26.725,26.035,26.35,613600,0.0,1.0
IDXX,2010-02-26 00:00:00+00:00,52.8,53.47,52.34,52.37,278000,26.4,26.735,26.17,26.185,556000,0.0,1.0
IDXX,2010-03-01 00:00:00+00:00,54.22,54.32,52.15,52.81,405200,27.11,27.16,26.075,26.405,810400,0.0,1.0
IDXX,2010-03-02 00:00:00+00:00,55.42,55.6,53.98,54.07,332100,27.71,27.8,26.99,27.035,664200,0.0,1.0
IDXX,2010-03-03 00:00:00+00:00,55.9,56.2,55.45,55.55,282000,27.95,28.1,27.725,27.775,564000,0.0,1.0
IDXX,2010-03-04 00:00:00+00:00,55.44,56.55,55.33,56.04,192800,27.72,28.275,27.665,28.02,385600,0.0,1.0
IDXX,2010-03-05 00:00:00+00:00,56.45,56.5,55.2,55.45,193400,28.225,28.25,27.6,27.725,386800,0.0,1.0
IDXX,2010-03-08 00:00:00+00:00,56.57,56.7,56.08,56.56,222600,28.285,28.35,28.04,28.28,445200,0.0,1.0
IDXX,2010-03-09 00:00:00+00:00,56.15,56.7,56.0,56.4,214000,28.075,28.35,28.0,28.2,428000,0.0,1.0
IDXX,2010-03-10 00:00:00+00:00,55.95,56.53,55.76,56.0,227500,27.975,28.265,27.88,28.0,455000,0.0,1.0
IDXX,2010-03-11 00:00:00+00:00,55.87,56.015,55.3,55.58,200600,27.935,28.0075,27.65,27.79,401200,0.0,1.0
IDXX,2010-03-12 00:00:00+00:00,56.26,56.26,55.01,55.85,200400,28.13,28.13,27.505,27.925,400800,0.0,1.0
IDXX,2010-03-15 00:00:00+00:00,56.62,56.64,55.79,55.79,229600,28.31,28.32,27.895,27.895,459200,0.0,1.0
IDXX,2010-03-16 00:00:00+00:00,56.51,57.2606,56.34,56.7,485200,28.255,28.6303,28.17,28.35,970400,0.0,1.0
IDXX,2010-03-17 00:00:00+00:00,56.75,56.89,56.54,56.73,146300,28.375,28.445,28.27,28.365,292600,0.0,1.0
IDXX,2010-03-18 00:00:00+00:00,57.57,57.57,56.53,56.53,138600,28.785,28.785,28.265,28.265,277200,0.0,1.0
IDXX,2010-03-19 00:00:00+00:00,57.85,58.08,57.2,57.91,360800,28.925,29.04,28.6,28.955,721600,0.0,1.0
IDXX,2010-03-22 00:00:00+00:00,58.76,59.02,57.43,57.47,233700,29.38,29.51,28.715,28.735,467400,0.0,1.0
IDXX,2010-03-23 00:00:00+00:00,59.16,59.21,58.4025,58.63,155600,29.58,29.605,29.20125,29.315,311200,0.0,1.0
IDXX,2010-03-24 00:00:00+00:00,57.31,59.29,57.31,59.14,421600,28.655,29.645,28.655,29.57,843200,0.0,1.0
IDXX,2010-03-25 00:00:00+00:00,57.23,58.2575,57.23,57.99,189600,28.615,29.12875,28.615,28.995,379200,0.0,1.0
IDXX,2010-03-26 00:00:00+00:00,55.88,57.4,55.74,57.23,342300,27.94,28.7,27.87,28.615,684600,0.0,1.0
IDXX,2010-03-29 00:00:00+00:00,57.55,57.73,55.26,56.0,229300,28.775,28.865,27.63,28.0,458600,0.0,1.0
IDXX,2010-03-30 00:00:00+00:00,57.65,58.06,57.29,57.5,189100,28.825,29.03,28.645,28.75,378200,0.0,1.0
IDXX,2010-03-31 00:00:00+00:00,57.55,57.92,57.36,57.52,153800,28.775,28.96,28.68,28.76,307600,0.0,1.0
IDXX,2010-04-01 00:00:00+00:00,58.07,58.37,57.6,57.87,198200,29.035,29.185,28.8,28.935,396400,0.0,1.0
IDXX,2010-04-05 00:00:00+00:00,57.95,58.22,57.62,58.01,225500,28.975,29.11,28.81,29.005,451000,0.0,1.0
IDXX,2010-04-06 00:00:00+00:00,57.67,57.93,57.585,57.6,175700,28.835,28.965,28.7925,28.8,351400,0.0,1.0
IDXX,2010-04-07 00:00:00+00:00,58.17,58.6,57.9177,58.11,234000,29.085,29.3,28.95885,29.055,468000,0.0,1.0
IDXX,2010-04-08 00:00:00+00:00,58.34,58.5199,57.31,58.17,180500,29.17,29.25995,28.655,29.085,361000,0.0,1.0
IDXX,2010-04-09 00:00:00+00:00,59.0,59.0,58.15,58.25,108000,29.5,29.5,29.075,29.125,216000,0.0,1.0
IDXX,2010-04-12 00:00:00+00:00,59.45,59.51,58.86,58.86,192800,29.725,29.755,29.43,29.43,385600,0.0,1.0
IDXX,2010-04-13 00:00:00+00:00,59.5,59.5,59.035,59.49,95600,29.75,29.75,29.5175,29.745,191200,0.0,1.0
IDXX,2010-04-14 00:00:00+00:00,59.94,59.99,59.14,59.5,134600,29.97,29.995,29.57,29.75,269200,0.0,1.0
IDXX,2010-04-15 00:00:00+00:00,60.87,60.87,59.65,59.81,248400,30.435,30.435,29.825,29.905,496800,0.0,1.0
IDXX,2010-04-16 00:00:00+00:00,60.31,61.31,60.22,60.54,329500,30.155,30.655,30.11,30.27,659000,0.0,1.0
IDXX,2010-04-19 00:00:00+00:00,59.92,60.8,59.75,60.21,499000,29.96,30.4,29.875,30.105,998000,0.0,1.0
IDXX,2010-04-20 00:00:00+00:00,60.09,60.24,59.7,60.24,551900,30.045,30.12,29.85,30.12,1103800,0.0,1.0
IDXX,2010-04-21 00:00:00+00:00,59.74,60.21,59.6,60.18,288100,29.87,30.105,29.8,30.09,576200,0.0,1.0
IDXX,2010-04-22 00:00:00+00:00,60.4,60.57,58.51,59.47,388900,30.2,30.285,29.255,29.735,777800,0.0,1.0
IDXX,2010-04-23 00:00:00+00:00,66.86,68.57,60.42,60.61,2921800,33.43,34.285,30.21,30.305,5843600,0.0,1.0
IDXX,2010-04-26 00:00:00+00:00,66.35,66.68,65.5405,66.63,624300,33.175,33.34,32.77025,33.315,1248600,0.0,1.0
IDXX,2010-04-27 00:00:00+00:00,66.12,67.08,65.69,66.33,489600,33.06,33.54,32.845,33.165,979200,0.0,1.0
IDXX,2010-04-28 00:00:00+00:00,65.66,67.0,65.56,66.24,706500,32.83,33.5,32.78,33.12,1413000,0.0,1.0
IDXX,2010-04-29 00:00:00+00:00,66.26,66.96,65.89,66.15,517000,33.13,33.48,32.945,33.075,1034000,0.0,1.0
IDXX,2010-04-30 00:00:00+00:00,66.14,67.24,66.03,66.48,307600,33.07,33.62,33.015,33.24,615200,0.0,1.0
IDXX,2010-05-03 00:00:00+00:00,67.15,67.2,66.16,66.49,221600,33.575,33.6,33.08,33.245,443200,0.0,1.0
IDXX,2010-05-04 00:00:00+00:00,66.25,66.8,65.77,66.35,382400,33.125,33.4,32.885,33.175,764800,0.0,1.0
IDXX,2010-05-05 00:00:00+00:00,65.74,67.46,65.23,65.93,347400,32.87,33.73,32.615,32.965,694800,0.0,1.0
IDXX,2010-05-06 00:00:00+00:00,63.88,66.04,61.01,65.33,580100,31.94,33.02,30.505,32.665,1160200,0.0,1.0
IDXX,2010-05-07 00:00:00+00:00,61.57,64.03,61.4314,64.03,570600,30.785,32.015,30.7157,32.015,1141200,0.0,1.0
IDXX,2010-05-10 00:00:00+00:00,64.66,64.93,62.99,63.0,230900,32.33,32.465,31.495,31.5,461800,0.0,1.0
IDXX,2010-05-11 00:00:00+00:00,65.54,66.94,63.3,64.02,308100,32.77,33.47,31.65,32.01,616200,0.0,1.0
IDXX,2010-05-12 00:00:00+00:00,66.65,66.83,65.37,65.37,237500,33.325,33.415,32.685,32.685,475000,0.0,1.0
IDXX,2010-05-13 00:00:00+00:00,66.58,67.0,66.03,66.3,228700,33.29,33.5,33.015,33.15,457400,0.0,1.0
IDXX,2010-05-14 00:00:00+00:00,64.56,66.53,63.985,66.11,206700,32.28,33.265,31.9925,33.055,413400,0.0,1.0
IDXX,2010-05-17 00:00:00+00:00,64.68,65.88,63.13,64.94,171500,32.34,32.94,31.565,32.47,343000,0.0,1.0
IDXX,2010-05-18 00:00:00+00:00,63.85,65.44,63.69,65.44,202300,31.925,32.72,31.845,32.72,404600,0.0,1.0
IDXX,2010-05-19 00:00:00+00:00,63.66,64.115,63.0,63.49,221000,31.83,32.0575,31.5,31.745,442000,0.0,1.0
IDXX,2010-05-20 00:00:00+00:00,60.53,62.8,60.53,62.37,327900,30.265,31.4,30.265,31.185,655800,0.0,1.0
IDXX,2010-05-21 00:00:00+00:00,62.02,62.35,60.12,60.69,321800,31.01,31.175,30.06,30.345,643600,0.0,1.0
IDXX,2010-05-24 00:00:00+00:00,61.07,62.5,61.06,61.71,153300,30.535,31.25,30.53,30.855,306600,0.0,1.0
IDXX,2010-05-25 00:00:00+00:00,60.67,60.79,58.57,59.76,212000,30.335,30.395,29.285,29.88,424000,0.0,1.0
IDXX,2010-05-26 00:00:00+00:00,60.49,62.07,60.08,60.71,298900,30.245,31.035,30.04,30.355,597800,0.0,1.0
IDXX,2010-05-27 00:00:00+00:00,62.21,62.79,61.24,61.52,240900,31.105,31.395,30.62,30.76,481800,0.0,1.0
IDXX,2010-05-28 00:00:00+00:00,63.24,63.66,61.96,61.96,286000,31.62,31.83,30.98,30.98,572000,0.0,1.0
IDXX,2010-06-01 00:00:00+00:00,62.31,63.85,62.2,63.23,179400,31.155,31.925,31.1,31.615,358800,0.0,1.0
IDXX,2010-06-02 00:00:00+00:00,64.25,64.27,61.89,62.7,205900,32.125,32.135,30.945,31.35,411800,0.0,1.0
IDXX,2010-06-03 00:00:00+00:00,64.34,64.88,63.27,64.03,98300,32.17,32.44,31.635,32.015,196600,0.0,1.0
IDXX,2010-06-04 00:00:00+00:00,62.18,64.595,62.0,63.42,203000,31.09,32.2975,31.0,31.71,406000,0.0,1.0
IDXX,2010-06-07 00:00:00+00:00,60.87,63.11,60.72,62.35,166900,30.435,31.555,30.36,31.175,333800,0.0,1.0
IDXX,2010-06-08 00:00:00+00:00,61.29,61.45,60.15,60.86,159900,30.645,30.725,30.075,30.43,319800,0.0,1.0
IDXX,2010-06-09 00:00:00+00:00,62.18,62.76,61.6,61.77,252100,31.09,31.38,30.8,30.885,504200,0.0,1.0
IDXX,2010-06-10 00:00:00+00:00,63.72,63.87,62.21,63.0,157100,31.86,31.935,31.105,31.5,314200,0.0,1.0
IDXX,2010-06-11 00:00:00+00:00,64.59,64.72,62.92,62.92,113600,32.295,32.36,31.46,31.46,227200,0.0,1.0
IDXX,2010-06-14 00:00:00+00:00,64.15,65.25,64.0,64.7,153500,32.075,32.625,32.0,32.35,307000,0.0,1.0
IDXX,2010-06-15 00:00:00+00:00,64.61,64.81,63.22,64.26,238800,32.305,32.405,31.61,32.13,477600,0.0,1.0
IDXX,2010-06-16 00:00:00+00:00,64.7,65.06,64.12,64.12,138900,32.35,32.53,32.06,32.06,277800,0.0,1.0
IDXX,2010-06-17 00:00:00+00:00,65.03,65.22,64.57,64.61,169600,32.515,32.61,32.285,32.305,339200,0.0,1.0
IDXX,2010-06-18 00:00:00+00:00,64.85,65.39,64.01,64.94,361000,32.425,32.695,32.005,32.47,722000,0.0,1.0
IDXX,2010-06-21 00:00:00+00:00,64.85,66.02,64.57,65.37,137800,32.425,33.01,32.285,32.685,275600,0.0,1.0
IDXX,2010-06-22 00:00:00+00:00,63.41,65.8,63.24,64.76,200300,31.705,32.9,31.62,32.38,400600,0.0,1.0
IDXX,2010-06-23 00:00:00+00:00,62.86,64.29,62.45,63.56,86900,31.43,32.145,31.225,31.78,173800,0.0,1.0
IDXX,2010-06-24 00:00:00+00:00,62.0,63.0,61.93,62.52,135500,31.0,31.5,30.965,31.26,271000,0.0,1.0
IDXX,2010-06-25 00:00:00+00:00,62.85,62.94,61.38,62.29,447900,31.425,31.47,30.69,31.145,895800,0.0,1.0
IDXX,2010-06-28 00:00:00+00:00,63.34,63.96,62.31,63.06,93800,31.67,31.98,31.155,31.53,187600,0.0,1.0
IDXX,2010-06-29 00:00:00+00:00,61.17,62.87,60.75,62.62,233700,30.585,31.435,30.375,31.31,467400,0.0,1.0
IDXX,2010-06-30 00:00:00+00:00,60.9,62.35,60.63,61.19,182900,30.45,31.175,30.315,30.595,365800,0.0,1.0
IDXX,2010-07-01 00:00:00+00:00,60.76,61.19,58.78,60.8,348900,30.38,30.595,29.39,30.4,697800,0.0,1.0
IDXX,2010-07-02 00:00:00+00:00,60.88,61.5,60.57,61.06,88000,30.44,30.75,30.285,30.53,176000,0.0,1.0
IDXX,2010-07-06 00:00:00+00:00,60.31,62.13,60.0101,61.84,249700,30.155,31.065,30.00505,30.92,499400,0.0,1.0
IDXX,2010-07-07 00:00:00+00:00,63.295,63.43,60.55,60.55,251600,31.6475,31.715,30.275,30.275,503200,0.0,1.0
IDXX,2010-07-08 00:00:00+00:00,62.73,63.97,62.0,63.65,249700,31.365,31.985,31.0,31.825,499400,0.0,1.0
IDXX,2010-07-09 00:00:00+00:00,63.73,63.8,62.66,62.66,164500,31.865,31.9,31.33,31.33,329000,0.0,1.0
IDXX,2010-07-12 00:00:00+00:00,63.41,64.0,62.96,63.42,148100,31.705,32.0,31.48,31.71,296200,0.0,1.0
IDXX,2010-07-13 00:00:00+00:00,63.74,64.0,63.46,63.83,213100,31.87,32.0,31.73,31.915,426200,0.0,1.0
IDXX,2010-07-14 00:00:00+00:00,63.33,64.0,63.0,63.44,190400,31.665,32.0,31.5,31.72,380800,0.0,1.0
IDXX,2010-07-15 00:00:00+00:00,62.58,63.74,61.74,63.41,279500,31.29,31.87,30.87,31.705,559000,0.0,1.0
IDXX,2010-07-16 00:00:00+00:00,60.89,62.37,60.87,62.27,314600,30.445,31.185,30.435,31.135,629200,0.0,1.0
IDXX,2010-07-19 00:00:00+00:00,59.65,60.85,59.5,60.85,612900,29.825,30.425,29.75,30.425,1225800,0.0,1.0
IDXX,2010-07-20 00:00:00+00:00,60.96,61.16,58.5,59.04,526600,30.48,30.58,29.25,29.52,1053200,0.0,1.0
IDXX,2010-07-21 00:00:00+00:00,59.48,61.41,59.45,61.41,350100,29.74,30.705,29.725,30.705,700200,0.0,1.0
IDXX,2010-07-22 00:00:00+00:00,62.05,62.19,59.82,60.0,627100,31.025,31.095,29.91,30.0,1254200,0.0,1.0
IDXX,2010-07-23 00:00:00+00:00,59.89,61.33,58.53,61.33,743300,29.945,30.665,29.265,30.665,1486600,0.0,1.0
IDXX,2010-07-26 00:00:00+00:00,60.38,60.68,59.5,60.0,441100,30.19,30.34,29.75,30.0,882200,0.0,1.0
IDXX,2010-07-27 00:00:00+00:00,60.7,61.58,60.5,60.56,395600,30.35,30.79,30.25,30.28,791200,0.0,1.0
IDXX,2010-07-28 00:00:00+00:00,59.08,61.22,58.94,60.82,522400,29.54,30.61,29.47,30.41,1044800,0.0,1.0
IDXX,2010-07-29 00:00:00+00:00,58.43,60.1,57.82,59.9,319600,29.215,30.05,28.91,29.95,639200,0.0,1.0
IDXX,2010-07-30 00:00:00+00:00,58.74,58.85,57.49,57.89,195600,29.37,29.425,28.745,28.945,391200,0.0,1.0
IDXX,2010-08-02 00:00:00+00:00,59.66,59.96,59.03,59.64,254700,29.83,29.98,29.515,29.82,509400,0.0,1.0
IDXX,2010-08-03 00:00:00+00:00,59.27,59.695,59.02,59.49,378100,29.635,29.8475,29.51,29.745,756200,0.0,1.0
IDXX,2010-08-04 00:00:00+00:00,60.13,60.13,59.41,59.5,272400,30.065,30.065,29.705,29.75,544800,0.0,1.0
IDXX,2010-08-05 00:00:00+00:00,59.56,60.15,59.3,59.65,255700,29.78,30.075,29.65,29.825,511400,0.0,1.0
IDXX,2010-08-06 00:00:00+00:00,59.2075,59.41,58.56,58.87,211000,29.60375,29.705,29.28,29.435,422000,0.0,1.0
IDXX,2010-08-09 00:00:00+00:00,59.79,60.16,59.37,59.37,146400,29.895,30.08,29.685,29.685,292800,0.0,1.0
IDXX,2010-08-10 00:00:00+00:00,58.69,59.62,58.66,59.53,347700,29.345,29.81,29.33,29.765,695400,0.0,1.0
IDXX,2010-08-11 00:00:00+00:00,57.02,58.56,56.58,58.04,320000,28.51,29.28,28.29,29.02,640000,0.0,1.0
IDXX,2010-08-12 00:00:00+00:00,56.54,57.02,55.7,56.39,173900,28.27,28.51,27.85,28.195,347800,0.0,1.0
IDXX,2010-08-13 00:00:00+00:00,56.28,56.94,56.05,56.27,170100,28.14,28.47,28.025,28.135,340200,0.0,1.0
IDXX,2010-08-16 00:00:00+00:00,56.18,56.6,55.79,55.86,260400,28.09,28.3,27.895,27.93,520800,0.0,1.0
IDXX,2010-08-17 00:00:00+00:00,56.92,57.49,56.43,56.55,178600,28.46,28.745,28.215,28.275,357200,0.0,1.0
IDXX,2010-08-18 00:00:00+00:00,57.15,57.65,56.0,56.8,124500,28.575,28.825,28.0,28.4,249000,0.0,1.0
IDXX,2010-08-19 00:00:00+00:00,56.91,57.19,56.26,56.77,287000,28.455,28.595,28.13,28.385,574000,0.0,1.0
IDXX,2010-08-20 00:00:00+00:00,57.05,57.11,56.29,56.52,195600,28.525,28.555,28.145,28.26,391200,0.0,1.0
IDXX,2010-08-23 00:00:00+00:00,56.8,57.66,56.75,57.15,173500,28.4,28.83,28.375,28.575,347000,0.0,1.0
IDXX,2010-08-24 00:00:00+00:00,55.69,56.42,54.8,56.07,362100,27.845,28.21,27.4,28.035,724200,0.0,1.0
IDXX,2010-08-25 00:00:00+00:00,56.04,56.32,55.09,55.19,341400,28.02,28.16,27.545,27.595,682800,0.0,1.0
IDXX,2010-08-26 00:00:00+00:00,55.85,56.44,55.72,56.34,178300,27.925,28.22,27.86,28.17,356600,0.0,1.0
IDXX,2010-08-27 00:00:00+00:00,56.99,57.29,55.52,56.23,194300,28.495,28.645,27.76,28.115,388600,0.0,1.0
IDXX,2010-08-30 00:00:00+00:00,55.5,57.05,55.5,56.71,201900,27.75,28.525,27.75,28.355,403800,0.0,1.0
IDXX,2010-08-31 00:00:00+00:00,55.27,55.95,55.03,55.3,263700,27.635,27.975,27.515,27.65,527400,0.0,1.0
IDXX,2010-09-01 00:00:00+00:00,57.14,57.1873,55.54,56.05,233500,28.57,28.59365,27.77,28.025,467000,0.0,1.0
IDXX,2010-09-02 00:00:00+00:00,58.04,58.14,56.96,56.96,122900,29.02,29.07,28.48,28.48,245800,0.0,1.0
IDXX,2010-09-03 00:00:00+00:00,58.3,59.34,57.94,58.52,223600,29.15,29.67,28.97,29.26,447200,0.0,1.0
IDXX,2010-09-07 00:00:00+00:00,57.45,59.46,57.13,59.46,167200,28.725,29.73,28.565,29.73,334400,0.0,1.0
IDXX,2010-09-08 00:00:00+00:00,57.64,58.16,57.3,57.4,128600,28.82,29.08,28.65,28.7,257200,0.0,1.0
IDXX,2010-09-09 00:00:00+00:00,57.34,58.55,57.29,58.21,162500,28.67,29.275,28.645,29.105,325000,0.0,1.0
IDXX,2010-09-10 00:00:00+00:00,57.48,57.87,56.92,57.34,105300,28.74,28.935,28.46,28.67,210600,0.0,1.0
IDXX,2010-09-13 00:00:00+00:00,57.72,58.2,57.55,57.75,242500,28.86,29.1,28.775,28.875,485000,0.0,1.0
IDXX,2010-09-14 00:00:00+00:00,58.26,58.62,57.55,57.68,162300,29.13,29.31,28.775,28.84,324600,0.0,1.0
IDXX,2010-09-15 00:00:00+00:00,59.01,59.23,57.57,57.97,222800,29.505,29.615,28.785,28.985,445600,0.0,1.0
IDXX,2010-09-16 00:00:00+00:00,59.06,59.33,58.54,58.9,129200,29.53,29.665,29.27,29.45,258400,0.0,1.0
IDXX,2010-09-17 00:00:00+00:00,59.93,60.15,59.1,59.23,278400,29.965,30.075,29.55,29.615,556800,0.0,1.0
IDXX,2010-09-20 00:00:00+00:00,60.86,61.0,59.676,60.0,184200,30.43,30.5,29.838,30.0,368400,0.0,1.0
IDXX,2010-09-21 00:00:00+00:00,59.27,60.89,59.21,60.64,281900,29.635,30.445,29.605,30.32,563800,0.0,1.0
IDXX,2010-09-22 00:00:00+00:00,59.36,60.01,58.53,59.09,148400,29.68,30.005,29.265,29.545,296800,0.0,1.0
IDXX,2010-09-23 00:00:00+00:00,59.76,60.19,58.76,58.89,222800,29.88,30.095,29.38,29.445,445600,0.0,1.0
IDXX,2010-09-24 00:00:00+00:00,60.56,61.05,59.82,60.5,165800,30.28,30.525,29.91,30.25,331600,0.0,1.0
IDXX,2010-09-27 00:00:00+00:00,60.3,60.58,59.64,60.5,236200,30.15,30.29,29.82,30.25,472400,0.0,1.0
IDXX,2010-09-28 00:00:00+00:00,60.76,60.91,59.83,60.32,92200,30.38,30.455,29.915,30.16,184400,0.0,1.0
IDXX,2010-09-29 00:00:00+00:00,60.92,60.99,60.36,60.72,126100,30.46,30.495,30.18,30.36,252200,0.0,1.0
IDXX,2010-09-30 00:00:00+00:00,61.72,62.41,61.05,61.05,411800,30.86,31.205,30.525,30.525,823600,0.0,1.0
IDXX,2010-10-01 00:00:00+00:00,62.29,62.5,61.4,62.06,274100,31.145,31.25,30.7,31.03,548200,0.0,1.0
IDXX,2010-10-04 00:00:00+00:00,61.87,62.5,61.56,62.06,184200,30.935,31.25,30.78,31.03,368400,0.0,1.0
IDXX,2010-10-05 00:00:00+00:00,62.84,63.15,62.08,62.29,169600,31.42,31.575,31.04,31.145,339200,0.0,1.0
IDXX,2010-10-06 00:00:00+00:00,62.23,63.17,61.99,62.85,222000,31.115,31.585,30.995,31.425,444000,0.0,1.0
IDXX,2010-10-07 00:00:00+00:00,61.95,62.54,61.76,62.46,273600,30.975,31.27,30.88,31.23,547200,0.0,1.0
IDXX,2010-10-08 00:00:00+00:00,61.86,62.51,61.53,61.78,198800,30.93,31.255,30.765,30.89,397600,0.0,1.0
IDXX,2010-10-11 00:00:00+00:00,61.85,62.23,61.67,61.81,81500,30.925,31.115,30.835,30.905,163000,0.0,1.0
IDXX,2010-10-12 00:00:00+00:00,61.52,61.78,60.92,61.61,119000,30.76,30.89,30.46,30.805,238000,0.0,1.0
IDXX,2010-10-13 00:00:00+00:00,62.14,62.48,61.56,61.98,150800,31.07,31.24,30.78,30.99,301600,0.0,1.0
IDXX,2010-10-14 00:00:00+00:00,62.13,63.0,61.95,62.13,203200,31.065,31.5,30.975,31.065,406400,0.0,1.0
IDXX,2010-10-15 00:00:00+00:00,62.27,62.64,61.71,62.41,154500,31.135,31.32,30.855,31.205,309000,0.0,1.0
IDXX,2010-10-18 00:00:00+00:00,63.73,63.74,62.18,62.18,166500,31.865,31.87,31.09,31.09,333000,0.0,1.0
IDXX,2010-10-19 00:00:00+00:00,62.39,63.4,62.21,62.86,348900,31.195,31.7,31.105,31.43,697800,0.0,1.0
IDXX,2010-10-20 00:00:00+00:00,62.5,62.9,62.34,62.5,225200,31.25,31.45,31.17,31.25,450400,0.0,1.0
IDXX,2010-10-21 00:00:00+00:00,62.46,63.06,62.17,62.5,302800,31.23,31.53,31.085,31.25,605600,0.0,1.0
IDXX,2010-10-22 00:00:00+00:00,63.14,63.49,61.99,62.79,298400,31.57,31.745,30.995,31.395,596800,0.0,1.0
IDXX,2010-10-25 00:00:00+00:00,61.57,63.05,61.5,63.0,418800,30.785,31.525,30.75,31.5,837600,0.0,1.0
IDXX,2010-10-26 00:00:00+00:00,61.0,62.03,61.0,61.14,339500,30.5,31.015,30.5,30.57,679000,0.0,1.0
IDXX,2010-10-27 00:00:00+00:00,60.34,61.08,60.095,60.7,273900,30.17,30.54,30.0475,30.35,547800,0.0,1.0
IDXX,2010-10-28 00:00:00+00:00,60.49,60.99,60.15,60.75,122700,30.245,30.495,30.075,30.375,245400,0.0,1.0
IDXX,2010-10-29 00:00:00+00:00,59.96,60.47,59.83,60.12,191600,29.98,30.235,29.915,30.06,383200,0.0,1.0
IDXX,2010-11-01 00:00:00+00:00,60.19,60.65,59.65,60.16,265500,30.095,30.325,29.825,30.08,531000,0.0,1.0
IDXX,2010-11-02 00:00:00+00:00,60.03,60.99,60.03,60.47,220300,30.015,30.495,30.015,30.235,440600,0.0,1.0
IDXX,2010-11-03 00:00:00+00:00,60.87,61.08,60.04,60.04,164000,30.435,30.54,30.02,30.02,328000,0.0,1.0
IDXX,2010-11-04 00:00:00+00:00,61.76,62.9,61.251,61.61,353400,30.88,31.45,30.6255,30.805,706800,0.0,1.0
IDXX,2010-11-05 00:00:00+00:00,61.81,61.84,61.0,61.58,215300,30.905,30.92,30.5,30.79,430600,0.0,1.0
IDXX,2010-11-08 00:00:00+00:00,62.68,62.68,61.35,61.38,237100,31.34,31.34,30.675,30.69,474200,0.0,1.0
IDXX,2010-11-09 00:00:00+00:00,62.94,63.1,62.59,62.8,307900,31.47,31.55,31.295,31.4,615800,0.0,1.0
IDXX,2010-11-10 00:00:00+00:00,64.35,64.37,62.54,62.68,313500,32.175,32.185,31.27,31.34,627000,0.0,1.0
IDXX,2010-11-11 00:00:00+00:00,63.96,64.34,63.6,63.7,180700,31.98,32.17,31.8,31.85,361400,0.0,1.0
IDXX,2010-11-12 00:00:00+00:00,63.1,63.87,62.92,63.5,207500,31.55,31.935,31.46,31.75,415000,0.0,1.0
IDXX,2010-11-15 00:00:00+00:00,63.6,64.15,62.86,63.24,155000,31.8,32.075,31.43,31.62,310000,0.0,1.0
IDXX,2010-11-16 00:00:00+00:00,63.21,63.3195,62.64,63.19,321600,31.605,31.65975,31.32,31.595,643200,0.0,1.0
IDXX,2010-11-17 00:00:00+00:00,63.49,63.85,62.6,63.16,290300,31.745,31.925,31.3,31.58,580600,0.0,1.0
IDXX,2010-11-18 00:00:00+00:00,64.48,65.17,64.06,64.22,127600,32.24,32.585,32.03,32.11,255200,0.0,1.0
IDXX,2010-11-19 00:00:00+00:00,64.55,64.84,64.11,64.5,115400,32.275,32.42,32.055,32.25,230800,0.0,1.0
IDXX,2010-11-22 00:00:00+00:00,64.24,64.57,63.5,64.11,176400,32.12,32.285,31.75,32.055,352800,0.0,1.0
IDXX,2010-11-23 00:00:00+00:00,64.96,65.17,63.5,63.9,290800,32.48,32.585,31.75,31.95,581600,0.0,1.0
IDXX,2010-11-24 00:00:00+00:00,65.83,65.96,64.81,65.25,190700,32.915,32.98,32.405,32.625,381400,0.0,1.0
IDXX,2010-11-26 00:00:00+00:00,64.93,65.55,64.72,65.26,86900,32.465,32.775,32.36,32.63,173800,0.0,1.0
IDXX,2010-11-29 00:00:00+00:00,64.29,64.54,63.4,64.4,256300,32.145,32.27,31.7,32.2,512600,0.0,1.0
IDXX,2010-11-30 00:00:00+00:00,64.21,64.61,63.81,63.84,212400,32.105,32.305,31.905,31.92,424800,0.0,1.0
IDXX,2010-12-01 00:00:00+00:00,65.65,66.0,64.7401,64.88,196300,32.825,33.0,32.37005,32.44,392600,0.0,1.0
IDXX,2010-12-02 00:00:00+00:00,66.25,66.5,65.03,65.03,144600,33.125,33.25,32.515,32.515,289200,0.0,1.0
IDXX,2010-12-03 00:00:00+00:00,66.74,66.92,65.69,65.69,178500,33.37,33.46,32.845,32.845,357000,0.0,1.0
IDXX,2010-12-06 00:00:00+00:00,66.24,66.92,65.97,66.76,165500,33.12,33.46,32.985,33.38,331000,0.0,1.0
IDXX,2010-12-07 00:00:00+00:00,67.03,67.41,66.73,66.87,187000,33.515,33.705,33.365,33.435,374000,0.0,1.0
IDXX,2010-12-08 00:00:00+00:00,67.16,68.16,66.7,67.0,232200,33.58,34.08,33.35,33.5,464400,0.0,1.0
IDXX,2010-12-09 00:00:00+00:00,67.4,67.88,67.18,67.59,106600,33.7,33.94,33.59,33.795,213200,0.0,1.0
IDXX,2010-12-10 00:00:00+00:00,69.74,69.8,67.45,67.45,291600,34.87,34.9,33.725,33.725,583200,0.0,1.0
IDXX,2010-12-13 00:00:00+00:00,70.1,70.73,69.4,69.74,245800,35.05,35.365,34.7,34.87,491600,0.0,1.0
IDXX,2010-12-14 00:00:00+00:00,71.06,71.67,70.02,70.02,248300,35.53,35.835,35.01,35.01,496600,0.0,1.0
IDXX,2010-12-15 00:00:00+00:00,71.49,72.4,71.05,71.05,312500,35.745,36.2,35.525,35.525,625000,0.0,1.0
IDXX,2010-12-16 00:00:00+00:00,71.0,71.32,70.66,71.04,301700,35.5,35.66,35.33,35.52,603400,0.0,1.0
IDXX,2010-12-17 00:00:00+00:00,71.84,71.92,70.73,71.23,351900,35.92,35.96,35.365,35.615,703800,0.0,1.0
IDXX,2010-12-20 00:00:00+00:00,71.69,72.24,71.5,71.78,147300,35.845,36.12,35.75,35.89,294600,0.0,1.0
IDXX,2010-12-21 00:00:00+00:00,71.18,71.85,71.01,71.75,130000,35.59,35.925,35.505,35.875,260000,0.0,1.0
IDXX,2010-12-22 00:00:00+00:00,71.34,71.88,71.01,71.01,128700,35.67,35.94,35.505,35.505,257400,0.0,1.0
IDXX,2010-12-23 00:00:00+00:00,71.02,71.68,71.01,71.28,64500,35.51,35.84,35.505,35.64,129000,0.0,1.0
IDXX,2010-12-27 00:00:00+00:00,71.46,71.93,70.65,70.73,195500,35.73,35.965,35.325,35.365,391000,0.0,1.0
IDXX,2010-12-28 00:00:00+00:00,71.22,71.5,70.94,71.25,163800,35.61,35.75,35.47,35.625,327600,0.0,1.0
IDXX,2010-12-29 00:00:00+00:00,70.46,71.56,70.46,71.25,151100,35.23,35.78,35.23,35.625,302200,0.0,1.0
IDXX,2010-12-30 00:00:00+00:00,70.2,70.948,69.88,70.28,132100,35.1,35.474,34.94,35.14,264200,0.0,1.0
IDXX,2010-12-31 00:00:00+00:00,69.22,70.24,69.13,70.16,178100,34.61,35.12,34.565,35.08,356200,0.0,1.0
IDXX,2011-01-03 00:00:00+00:00,69.75,71.08,69.63,69.84,463500,34.875,35.54,34.815,34.92,927000,0.0,1.0
IDXX,2011-01-04 00:00:00+00:00,68.88,69.93,68.47,69.65,243600,34.44,34.965,34.235,34.825,487200,0.0,1.0
IDXX,2011-01-05 00:00:00+00:00,69.1,69.8325,67.3,68.28,334300,34.55,34.91625,33.65,34.14,668600,0.0,1.0
IDXX,2011-01-06 00:00:00+00:00,69.0,69.53,68.79,69.03,143500,34.5,34.765,34.395,34.515,287000,0.0,1.0
IDXX,2011-01-07 00:00:00+00:00,68.48,69.26,67.97,69.25,133600,34.24,34.63,33.985,34.625,267200,0.0,1.0
IDXX,2011-01-10 00:00:00+00:00,68.5,68.92,67.48,68.02,329000,34.25,34.46,33.74,34.01,658000,0.0,1.0
IDXX,2011-01-11 00:00:00+00:00,68.94,69.02,67.92,68.49,398700,34.47,34.51,33.96,34.245,797400,0.0,1.0
IDXX,2011-01-12 00:00:00+00:00,69.36,69.49,68.9,68.9,249400,34.68,34.745,34.45,34.45,498800,0.0,1.0
IDXX,2011-01-13 00:00:00+00:00,68.5,69.44,68.34,69.14,373800,34.25,34.72,34.17,34.57,747600,0.0,1.0
IDXX,2011-01-14 00:00:00+00:00,69.33,69.55,68.33,68.49,264500,34.665,34.775,34.165,34.245,529000,0.0,1.0
IDXX,2011-01-18 00:00:00+00:00,70.55,70.6,69.1,69.17,501600,35.275,35.3,34.55,34.585,1003200,0.0,1.0
IDXX,2011-01-19 00:00:00+00:00,70.11,71.19,70.0,70.25,546200,35.055,35.595,35.0,35.125,1092400,0.0,1.0
IDXX,2011-01-20 00:00:00+00:00,70.05,70.45,69.9,70.0,362200,35.025,35.225,34.95,35.0,724400,0.0,1.0
IDXX,2011-01-21 00:00:00+00:00,70.21,70.5,69.995,70.33,227700,35.105,35.25,34.9975,35.165,455400,0.0,1.0
IDXX,2011-01-24 00:00:00+00:00,71.3,71.75,70.21,70.21,286800,35.65,35.875,35.105,35.105,573600,0.0,1.0
IDXX,2011-01-25 00:00:00+00:00,72.06,72.09,70.57,71.0,201300,36.03,36.045,35.285,35.5,402600,0.0,1.0
IDXX,2011-01-26 00:00:00+00:00,73.07,73.8,72.34,72.37,459300,36.535,36.9,36.17,36.185,918600,0.0,1.0
IDXX,2011-01-27 00:00:00+00:00,73.1,73.4,72.81,73.2,316500,36.55,36.7,36.405,36.6,633000,0.0,1.0
IDXX,2011-01-28 00:00:00+00:00,70.86,74.0,70.54,73.4,604400,35.43,37.0,35.27,36.7,1208800,0.0,1.0
IDXX,2011-01-31 00:00:00+00:00,71.7,72.0,70.58,70.69,253300,35.85,36.0,35.29,35.345,506600,0.0,1.0
IDXX,2011-02-01 00:00:00+00:00,72.54,72.81,70.29,72.06,226600,36.27,36.405,35.145,36.03,453200,0.0,1.0
IDXX,2011-02-02 00:00:00+00:00,72.62,73.07,71.92,72.24,162300,36.31,36.535,35.96,36.12,324600,0.0,1.0
IDXX,2011-02-03 00:00:00+00:00,73.83,74.1,72.47,72.47,212500,36.915,37.05,36.235,36.235,425000,0.0,1.0
IDXX,2011-02-04 00:00:00+00:00,74.42,74.67,73.31,74.0,162900,37.21,37.335,36.655,37.0,325800,0.0,1.0
IDXX,2011-02-07 00:00:00+00:00,75.07,75.54,74.03,74.51,179400,37.535,37.77,37.015,37.255,358800,0.0,1.0
IDXX,2011-02-08 00:00:00+00:00,75.0,75.67,74.93,75.23,170500,37.5,37.835,37.465,37.615,341000,0.0,1.0
IDXX,2011-02-09 00:00:00+00:00,75.04,75.46,74.69,74.95,285400,37.52,37.73,37.345,37.475,570800,0.0,1.0
IDXX,2011-02-10 00:00:00+00:00,75.55,75.77,74.471,74.76,249200,37.775,37.885,37.2355,37.38,498400,0.0,1.0
IDXX,2011-02-11 00:00:00+00:00,76.71,76.71,74.67,75.19,114100,38.355,38.355,37.335,37.595,228200,0.0,1.0
IDXX,2011-02-14 00:00:00+00:00,77.59,77.6,76.21,76.21,190000,38.795,38.8,38.105,38.105,380000,0.0,1.0
IDXX,2011-02-15 00:00:00+00:00,78.17,78.85,77.24,77.24,237200,39.085,39.425,38.62,38.62,474400,0.0,1.0
IDXX,2011-02-16 00:00:00+00:00,78.12,78.85,77.82,78.44,198000,39.06,39.425,38.91,39.22,396000,0.0,1.0
IDXX,2011-02-17 00:00:00+00:00,77.88,78.25,77.48,77.8,329100,38.94,39.125,38.74,38.9,658200,0.0,1.0
IDXX,2011-02-18 00:00:00+00:00,79.33,79.33,77.82,77.95,380200,39.665,39.665,38.91,38.975,760400,0.0,1.0
IDXX,2011-02-22 00:00:00+00:00,77.5,79.14,77.44,78.97,318000,38.75,39.57,38.72,39.485,636000,0.0,1.0
IDXX,2011-02-23 00:00:00+00:00,76.25,77.63,75.25,77.52,309800,38.125,38.815,37.625,38.76,619600,0.0,1.0
IDXX,2011-02-24 00:00:00+00:00,75.74,76.68,75.385,76.2,287700,37.87,38.34,37.6925,38.1,575400,0.0,1.0
IDXX,2011-02-25 00:00:00+00:00,77.65,77.65,73.54,75.97,290500,38.825,38.825,36.77,37.985,581000,0.0,1.0
IDXX,2011-02-28 00:00:00+00:00,77.7,78.7797,77.58,78.02,291000,38.85,39.38985,38.79,39.01,582000,0.0,1.0
IDXX,2011-03-01 00:00:00+00:00,77.64,78.9,77.26,78.01,240400,38.82,39.45,38.63,39.005,480800,0.0,1.0
IDXX,2011-03-02 00:00:00+00:00,78.56,78.79,77.32,77.71,215500,39.28,39.395,38.66,38.855,431000,0.0,1.0
IDXX,2011-03-03 00:00:00+00:00,79.13,79.89,78.78,79.01,301300,39.565,39.945,39.39,39.505,602600,0.0,1.0
IDXX,2011-03-04 00:00:00+00:00,78.16,79.22,77.7,78.75,303300,39.08,39.61,38.85,39.375,606600,0.0,1.0
IDXX,2011-03-07 00:00:00+00:00,76.9,78.16,76.041,78.09,299800,38.45,39.08,38.0205,39.045,599600,0.0,1.0
IDXX,2011-03-08 00:00:00+00:00,77.62,77.94,76.7001,76.9,329100,38.81,38.97,38.35005,38.45,658200,0.0,1.0
IDXX,2011-03-09 00:00:00+00:00,77.57,77.92,77.1349,77.37,200100,38.785,38.96,38.56745,38.685,400200,0.0,1.0
IDXX,2011-03-10 00:00:00+00:00,76.69,77.44,76.05,76.63,219800,38.345,38.72,38.025,38.315,439600,0.0,1.0
IDXX,2011-03-11 00:00:00+00:00,76.91,77.16,76.25,76.28,168600,38.455,38.58,38.125,38.14,337200,0.0,1.0
IDXX,2011-03-14 00:00:00+00:00,76.47,77.13,75.9519,76.08,274400,38.235,38.565,37.97595,38.04,548800,0.0,1.0
IDXX,2011-03-15 00:00:00+00:00,75.38,76.0,74.84,75.0,241700,37.69,38.0,37.42,37.5,483400,0.0,1.0
IDXX,2011-03-16 00:00:00+00:00,74.78,76.17,74.78,75.45,245100,37.39,38.085,37.39,37.725,490200,0.0,1.0
IDXX,2011-03-17 00:00:00+00:00,75.21,75.53,74.67,74.97,168800,37.605,37.765,37.335,37.485,337600,0.0,1.0
IDXX,2011-03-18 00:00:00+00:00,75.76,76.62,75.51,75.76,217000,37.88,38.31,37.755,37.88,434000,0.0,1.0
IDXX,2011-03-21 00:00:00+00:00,76.6,77.69,76.48,76.68,175900,38.3,38.845,38.24,38.34,351800,0.0,1.0
IDXX,2011-03-22 00:00:00+00:00,76.37,76.94,76.08,76.75,143200,38.185,38.47,38.04,38.375,286400,0.0,1.0
IDXX,2011-03-23 00:00:00+00:00,76.29,76.455,75.74,76.35,104500,38.145,38.2275,37.87,38.175,209000,0.0,1.0
IDXX,2011-03-24 00:00:00+00:00,76.68,76.86,76.02,76.73,168600,38.34,38.43,38.01,38.365,337200,0.0,1.0
IDXX,2011-03-25 00:00:00+00:00,76.98,77.43,76.67,76.75,216000,38.49,38.715,38.335,38.375,432000,0.0,1.0
IDXX,2011-03-28 00:00:00+00:00,76.37,76.99,76.2125,76.76,380300,38.185,38.495,38.10625,38.38,760600,0.0,1.0
IDXX,2011-03-29 00:00:00+00:00,76.85,76.94,76.12,76.12,124200,38.425,38.47,38.06,38.06,248400,0.0,1.0
IDXX,2011-03-30 00:00:00+00:00,77.03,77.23,76.62,76.85,174400,38.515,38.615,38.31,38.425,348800,0.0,1.0
IDXX,2011-03-31 00:00:00+00:00,77.22,77.48,76.53,76.75,278000,38.61,38.74,38.265,38.375,556000,0.0,1.0
IDXX,2011-04-01 00:00:00+00:00,79.36,79.47,77.26,77.44,283800,39.68,39.735,38.63,38.72,567600,0.0,1.0
IDXX,2011-04-04 00:00:00+00:00,79.41,79.9,79.17,79.33,258900,39.705,39.95,39.585,39.665,517800,0.0,1.0
IDXX,2011-04-05 00:00:00+00:00,78.96,79.39,78.51,79.13,268600,39.48,39.695,39.255,39.565,537200,0.0,1.0
IDXX,2011-04-06 00:00:00+00:00,78.4,79.17,78.38,79.0,206500,39.2,39.585,39.19,39.5,413000,0.0,1.0
IDXX,2011-04-07 00:00:00+00:00,77.7,78.71,77.46,78.27,185000,38.85,39.355,38.73,39.135,370000,0.0,1.0
IDXX,2011-04-08 00:00:00+00:00,77.74,78.24,77.305,78.14,119500,38.87,39.12,38.6525,39.07,239000,0.0,1.0
IDXX,2011-04-11 00:00:00+00:00,77.44,77.81,77.15,77.64,146500,38.72,38.905,38.575,38.82,293000,0.0,1.0
IDXX,2011-04-12 00:00:00+00:00,77.3,78.8,76.99,77.17,235700,38.65,39.4,38.495,38.585,471400,0.0,1.0
IDXX,2011-04-13 00:00:00+00:00,77.49,77.69,76.86,77.52,163000,38.745,38.845,38.43,38.76,326000,0.0,1.0
IDXX,2011-04-14 00:00:00+00:00,78.1,78.23,77.13,77.4,105200,39.05,39.115,38.565,38.7,210400,0.0,1.0
IDXX,2011-04-15 00:00:00+00:00,79.54,79.5499,78.0,78.36,287600,39.77,39.77495,39.0,39.18,575200,0.0,1.0
IDXX,2011-04-18 00:00:00+00:00,77.65,78.805,77.32,78.34,208100,38.825,39.4025,38.66,39.17,416200,0.0,1.0
IDXX,2011-04-19 00:00:00+00:00,78.14,78.19,77.52,77.81,110800,39.07,39.095,38.76,38.905,221600,0.0,1.0
IDXX,2011-04-20 00:00:00+00:00,79.88,80.0,78.97,79.2,188000,39.94,40.0,39.485,39.6,376000,0.0,1.0
IDXX,2011-04-21 00:00:00+00:00,80.13,80.51,79.3,79.4,265600,40.065,40.255,39.65,39.7,531200,0.0,1.0
IDXX,2011-04-25 00:00:00+00:00,79.9,81.0,79.76,79.76,230000,39.95,40.5,39.88,39.88,460000,0.0,1.0
IDXX,2011-04-26 00:00:00+00:00,80.41,80.6,79.42,79.42,259900,40.205,40.3,39.71,39.71,519800,0.0,1.0
IDXX,2011-04-27 00:00:00+00:00,81.03,81.06,80.06,80.31,183000,40.515,40.53,40.03,40.155,366000,0.0,1.0
IDXX,2011-04-28 00:00:00+00:00,81.1,81.16,80.35,80.81,139000,40.55,40.58,40.175,40.405,278000,0.0,1.0
IDXX,2011-04-29 00:00:00+00:00,81.43,82.24,80.77,81.04,190000,40.715,41.12,40.385,40.52,380000,0.0,1.0
IDXX,2011-05-02 00:00:00+00:00,81.24,81.9897,81.05,81.5,148000,40.62,40.99485,40.525,40.75,296000,0.0,1.0
IDXX,2011-05-03 00:00:00+00:00,80.29,81.38,79.94,80.89,241000,40.145,40.69,39.97,40.445,482000,0.0,1.0
IDXX,2011-05-04 00:00:00+00:00,79.9,80.85,79.27,80.26,323300,39.95,40.425,39.635,40.13,646600,0.0,1.0
IDXX,2011-05-05 00:00:00+00:00,80.67,81.42,79.0,79.58,210100,40.335,40.71,39.5,39.79,420200,0.0,1.0
IDXX,2011-05-06 00:00:00+00:00,81.24,81.86,80.595,81.27,173000,40.62,40.93,40.2975,40.635,346000,0.0,1.0
IDXX,2011-05-09 00:00:00+00:00,81.75,81.8,80.5701,81.07,150000,40.875,40.9,40.28505,40.535,300000,0.0,1.0
IDXX,2011-05-10 00:00:00+00:00,82.4,82.59,81.75,81.75,170800,41.2,41.295,40.875,40.875,341600,0.0,1.0
IDXX,2011-05-11 00:00:00+00:00,82.25,82.91,81.25,82.4,233200,41.125,41.455,40.625,41.2,466400,0.0,1.0
IDXX,2011-05-12 00:00:00+00:00,82.39,82.6797,81.315,81.92,211200,41.195,41.33985,40.6575,40.96,422400,0.0,1.0
IDXX,2011-05-13 00:00:00+00:00,81.14,82.4082,81.0,82.19,270000,40.57,41.2041,40.5,41.095,540000,0.0,1.0
IDXX,2011-05-16 00:00:00+00:00,80.54,81.12,80.4,80.71,245300,40.27,40.56,40.2,40.355,490600,0.0,1.0
IDXX,2011-05-17 00:00:00+00:00,79.66,80.36,78.99,80.07,148900,39.83,40.18,39.495,40.035,297800,0.0,1.0
IDXX,2011-05-18 00:00:00+00:00,81.55,81.75,79.52,79.94,200000,40.775,40.875,39.76,39.97,400000,0.0,1.0
IDXX,2011-05-19 00:00:00+00:00,81.37,82.11,80.9,81.58,196900,40.685,41.055,40.45,40.79,393800,0.0,1.0
IDXX,2011-05-20 00:00:00+00:00,80.06,81.53,79.74,81.09,175700,40.03,40.765,39.87,40.545,351400,0.0,1.0
IDXX,2011-05-23 00:00:00+00:00,78.0,80.0097,77.95,78.93,315000,39.0,40.00485,38.975,39.465,630000,0.0,1.0
IDXX,2011-05-24 00:00:00+00:00,77.6,78.3697,77.17,78.18,212100,38.8,39.18485,38.585,39.09,424200,0.0,1.0
IDXX,2011-05-25 00:00:00+00:00,77.96,78.19,76.91,77.5,269400,38.98,39.095,38.455,38.75,538800,0.0,1.0
IDXX,2011-05-26 00:00:00+00:00,78.82,78.94,77.321,77.68,199800,39.41,39.47,38.6605,38.84,399600,0.0,1.0
IDXX,2011-05-27 00:00:00+00:00,78.31,79.02,78.1405,78.82,140200,39.155,39.51,39.07025,39.41,280400,0.0,1.0
IDXX,2011-05-31 00:00:00+00:00,78.72,79.17,78.11,78.8,431300,39.36,39.585,39.055,39.4,862600,0.0,1.0
IDXX,2011-06-01 00:00:00+00:00,76.98,78.72,76.89,78.32,330500,38.49,39.36,38.445,39.16,661000,0.0,1.0
IDXX,2011-06-02 00:00:00+00:00,75.79,77.6,75.72,77.6,533400,37.895,38.8,37.86,38.8,1066800,0.0,1.0
IDXX,2011-06-03 00:00:00+00:00,74.69,76.446,74.575,75.0,313200,37.345,38.223,37.2875,37.5,626400,0.0,1.0
IDXX,2011-06-06 00:00:00+00:00,73.38,74.71,73.35,73.6901,239700,36.69,37.355,36.675,36.84505,479400,0.0,1.0
IDXX,2011-06-07 00:00:00+00:00,73.75,74.34,73.07,73.82,224100,36.875,37.17,36.535,36.91,448200,0.0,1.0
IDXX,2011-06-08 00:00:00+00:00,72.88,73.75,72.85,73.75,287400,36.44,36.875,36.425,36.875,574800,0.0,1.0
IDXX,2011-06-09 00:00:00+00:00,73.55,74.1725,72.8,72.92,232600,36.775,37.08625,36.4,36.46,465200,0.0,1.0
IDXX,2011-06-10 00:00:00+00:00,72.63,73.47,72.27,73.34,234000,36.315,36.735,36.135,36.67,468000,0.0,1.0
IDXX,2011-06-13 00:00:00+00:00,72.42,72.9,71.99,72.65,224000,36.21,36.45,35.995,36.325,448000,0.0,1.0
IDXX,2011-06-14 00:00:00+00:00,74.2,74.6,72.95,73.04,224000,37.1,37.3,36.475,36.52,448000,0.0,1.0
IDXX,2011-06-15 00:00:00+00:00,73.1,74.38,72.89,73.49,262700,36.55,37.19,36.445,36.745,525400,0.0,1.0
IDXX,2011-06-16 00:00:00+00:00,72.97,73.8,72.51,72.99,187800,36.485,36.9,36.255,36.495,375600,0.0,1.0
IDXX,2011-06-17 00:00:00+00:00,73.23,74.15,73.13,73.51,408600,36.615,37.075,36.565,36.755,817200,0.0,1.0
IDXX,2011-06-20 00:00:00+00:00,74.24,74.29,73.25,73.25,156700,37.12,37.145,36.625,36.625,313400,0.0,1.0
IDXX,2011-06-21 00:00:00+00:00,75.6,76.0,74.31,74.8,334600,37.8,38.0,37.155,37.4,669200,0.0,1.0
IDXX,2011-06-22 00:00:00+00:00,75.4,75.76,74.93,75.43,469600,37.7,37.88,37.465,37.715,939200,0.0,1.0
IDXX,2011-06-23 00:00:00+00:00,75.32,75.48,73.0,74.7,292500,37.66,37.74,36.5,37.35,585000,0.0,1.0
IDXX,2011-06-24 00:00:00+00:00,74.76,75.31,74.36,75.31,369300,37.38,37.655,37.18,37.655,738600,0.0,1.0
IDXX,2011-06-27 00:00:00+00:00,74.99,75.39,74.34,74.84,293300,37.495,37.695,37.17,37.42,586600,0.0,1.0
IDXX,2011-06-28 00:00:00+00:00,77.11,77.72,75.36,75.36,424000,38.555,38.86,37.68,37.68,848000,0.0,1.0
IDXX,2011-06-29 00:00:00+00:00,77.77,78.04,76.7,77.26,254400,38.885,39.02,38.35,38.63,508800,0.0,1.0
IDXX,2011-06-30 00:00:00+00:00,77.56,78.63,77.56,78.0,261000,38.78,39.315,38.78,39.0,522000,0.0,1.0
IDXX,2011-07-01 00:00:00+00:00,78.67,78.76,77.42,77.42,282400,39.335,39.38,38.71,38.71,564800,0.0,1.0
IDXX,2011-07-05 00:00:00+00:00,78.45,78.9,77.84,78.51,219700,39.225,39.45,38.92,39.255,439400,0.0,1.0
IDXX,2011-07-06 00:00:00+00:00,79.52,79.55,78.31,78.48,252700,39.76,39.775,39.155,39.24,505400,0.0,1.0
IDXX,2011-07-07 00:00:00+00:00,80.4,80.669,79.67,79.68,176800,40.2,40.3345,39.835,39.84,353600,0.0,1.0
IDXX,2011-07-08 00:00:00+00:00,79.51,79.96,79.11,79.73,306800,39.755,39.98,39.555,39.865,613600,0.0,1.0
IDXX,2011-07-11 00:00:00+00:00,77.98,79.22,77.86,78.83,135700,38.99,39.61,38.93,39.415,271400,0.0,1.0
IDXX,2011-07-12 00:00:00+00:00,78.52,78.98,78.14,78.14,189400,39.26,39.49,39.07,39.07,378800,0.0,1.0
IDXX,2011-07-13 00:00:00+00:00,79.27,80.72,78.79,79.2,263300,39.635,40.36,39.395,39.6,526600,0.0,1.0
IDXX,2011-07-14 00:00:00+00:00,78.4,79.8869,78.21,79.45,307800,39.2,39.94345,39.105,39.725,615600,0.0,1.0
IDXX,2011-07-15 00:00:00+00:00,78.49,79.35,77.86,78.68,166100,39.245,39.675,38.93,39.34,332200,0.0,1.0
IDXX,2011-07-18 00:00:00+00:00,77.43,78.71,76.88,78.26,113900,38.715,39.355,38.44,39.13,227800,0.0,1.0
IDXX,2011-07-19 00:00:00+00:00,79.12,79.73,77.97,77.97,304100,39.56,39.865,38.985,38.985,608200,0.0,1.0
IDXX,2011-07-20 00:00:00+00:00,79.6,79.95,78.78,79.09,155700,39.8,39.975,39.39,39.545,311400,0.0,1.0
IDXX,2011-07-21 00:00:00+00:00,81.48,81.735,79.75,80.07,349400,40.74,40.8675,39.875,40.035,698800,0.0,1.0
IDXX,2011-07-22 00:00:00+00:00,86.97,87.29,80.982,81.23,1124300,43.485,43.645,40.491,40.615,2248600,0.0,1.0
IDXX,2011-07-25 00:00:00+00:00,86.61,87.13,85.01,85.9,980500,43.305,43.565,42.505,42.95,1961000,0.0,1.0
IDXX,2011-07-26 00:00:00+00:00,85.35,86.49,85.35,86.36,338400,42.675,43.245,42.675,43.18,676800,0.0,1.0
IDXX,2011-07-27 00:00:00+00:00,82.57,85.33,82.36,84.91,491200,41.285,42.665,41.18,42.455,982400,0.0,1.0
IDXX,2011-07-28 00:00:00+00:00,83.17,84.23,82.04,82.3,479000,41.585,42.115,41.02,41.15,958000,0.0,1.0
IDXX,2011-07-29 00:00:00+00:00,82.94,83.33,81.68,82.56,293500,41.47,41.665,40.84,41.28,587000,0.0,1.0
IDXX,2011-08-01 00:00:00+00:00,81.79,83.5,80.87,83.39,254800,40.895,41.75,40.435,41.695,509600,0.0,1.0
IDXX,2011-08-02 00:00:00+00:00,79.21,82.02,78.38,81.29,408700,39.605,41.01,39.19,40.645,817400,0.0,1.0
IDXX,2011-08-03 00:00:00+00:00,79.24,79.5,77.248,79.5,513000,39.62,39.75,38.624,39.75,1026000,0.0,1.0
IDXX,2011-08-04 00:00:00+00:00,75.74,78.88,75.67,78.3,475800,37.87,39.44,37.835,39.15,951600,0.0,1.0
IDXX,2011-08-05 00:00:00+00:00,74.45,76.33,73.16,76.17,708500,37.225,38.165,36.58,38.085,1417000,0.0,1.0
IDXX,2011-08-08 00:00:00+00:00,71.13,74.21,70.71,72.58,1001200,35.565,37.105,35.355,36.29,2002400,0.0,1.0
IDXX,2011-08-09 00:00:00+00:00,76.05,76.29,70.655,71.81,891300,38.025,38.145,35.3275,35.905,1782600,0.0,1.0
IDXX,2011-08-10 00:00:00+00:00,72.6,75.97,72.54,74.65,557600,36.3,37.985,36.27,37.325,1115200,0.0,1.0
IDXX,2011-08-11 00:00:00+00:00,76.22,77.1,72.1078,72.98,570700,38.11,38.55,36.0539,36.49,1141400,0.0,1.0
IDXX,2011-08-12 00:00:00+00:00,77.89,78.16,76.14,76.82,295000,38.945,39.08,38.07,38.41,590000,0.0,1.0
IDXX,2011-08-15 00:00:00+00:00,78.16,79.29,77.54,78.47,349100,39.08,39.645,38.77,39.235,698200,0.0,1.0
IDXX,2011-08-16 00:00:00+00:00,77.31,78.0,76.1308,77.6,496900,38.655,39.0,38.0654,38.8,993800,0.0,1.0
IDXX,2011-08-17 00:00:00+00:00,77.39,79.18,77.27,77.69,301800,38.695,39.59,38.635,38.845,603600,0.0,1.0
IDXX,2011-08-18 00:00:00+00:00,74.17,76.13,72.91,76.0,615800,37.085,38.065,36.455,38.0,1231600,0.0,1.0
IDXX,2011-08-19 00:00:00+00:00,73.5,76.34,73.28,73.28,481400,36.75,38.17,36.64,36.64,962800,0.0,1.0
IDXX,2011-08-22 00:00:00+00:00,73.07,75.36,72.97,75.01,572200,36.535,37.68,36.485,37.505,1144400,0.0,1.0
IDXX,2011-08-23 00:00:00+00:00,75.72,75.78,73.0,73.38,615600,37.86,37.89,36.5,36.69,1231200,0.0,1.0
IDXX,2011-08-24 00:00:00+00:00,75.66,76.05,74.36,75.31,709100,37.83,38.025,37.18,37.655,1418200,0.0,1.0
IDXX,2011-08-25 00:00:00+00:00,74.43,76.35,73.49,75.99,234600,37.215,38.175,36.745,37.995,469200,0.0,1.0
IDXX,2011-08-26 00:00:00+00:00,76.32,76.62,73.0,73.83,246700,38.16,38.31,36.5,36.915,493400,0.0,1.0
IDXX,2011-08-29 00:00:00+00:00,80.57,80.96,77.16,77.2,359200,40.285,40.48,38.58,38.6,718400,0.0,1.0
IDXX,2011-08-30 00:00:00+00:00,80.37,81.7,79.3465,80.14,302000,40.185,40.85,39.67325,40.07,604000,0.0,1.0
IDXX,2011-08-31 00:00:00+00:00,79.78,82.46,79.6,80.9,337400,39.89,41.23,39.8,40.45,674800,0.0,1.0
IDXX,2011-09-01 00:00:00+00:00,77.79,80.48,77.4,79.64,387300,38.895,40.24,38.7,39.82,774600,0.0,1.0
IDXX,2011-09-02 00:00:00+00:00,75.53,77.73,75.31,76.42,211500,37.765,38.865,37.655,38.21,423000,0.0,1.0
IDXX,2011-09-06 00:00:00+00:00,75.3,75.51,73.18,73.41,233000,37.65,37.755,36.59,36.705,466000,0.0,1.0
IDXX,2011-09-07 00:00:00+00:00,77.59,77.67,75.63,76.47,403400,38.795,38.835,37.815,38.235,806800,0.0,1.0
IDXX,2011-09-08 00:00:00+00:00,76.61,77.72,75.58,75.58,290400,38.305,38.86,37.79,37.79,580800,0.0,1.0
IDXX,2011-09-09 00:00:00+00:00,72.99,76.21,72.34,76.0,604000,36.495,38.105,36.17,38.0,1208000,0.0,1.0
IDXX,2011-09-12 00:00:00+00:00,73.58,73.83,72.08,72.48,293400,36.79,36.915,36.04,36.24,586800,0.0,1.0
IDXX,2011-09-13 00:00:00+00:00,74.18,74.68,73.3,73.87,208100,37.09,37.34,36.65,36.935,416200,0.0,1.0
IDXX,2011-09-14 00:00:00+00:00,75.1,76.05,73.5,74.25,308500,37.55,38.025,36.75,37.125,617000,0.0,1.0
IDXX,2011-09-15 00:00:00+00:00,74.79,75.71,73.85,75.58,340000,37.395,37.855,36.925,37.79,680000,0.0,1.0
IDXX,2011-09-16 00:00:00+00:00,74.76,75.5087,74.165,74.83,418500,37.38,37.75435,37.0825,37.415,837000,0.0,1.0
IDXX,2011-09-19 00:00:00+00:00,73.72,74.44,72.93,73.54,264200,36.86,37.22,36.465,36.77,528400,0.0,1.0
IDXX,2011-09-20 00:00:00+00:00,74.48,75.34,73.51,74.07,425500,37.24,37.67,36.755,37.035,851000,0.0,1.0
IDXX,2011-09-21 00:00:00+00:00,73.24,74.76,73.21,74.32,526000,36.62,37.38,36.605,37.16,1052000,0.0,1.0
IDXX,2011-09-22 00:00:00+00:00,72.23,72.59,69.15,71.02,769500,36.115,36.295,34.575,35.51,1539000,0.0,1.0
IDXX,2011-09-23 00:00:00+00:00,72.55,73.11,71.47,71.55,637400,36.275,36.555,35.735,35.775,1274800,0.0,1.0
IDXX,2011-09-26 00:00:00+00:00,72.23,73.21,71.81,73.21,390100,36.115,36.605,35.905,36.605,780200,0.0,1.0
IDXX,2011-09-27 00:00:00+00:00,73.91,75.7,73.32,73.79,330000,36.955,37.85,36.66,36.895,660000,0.0,1.0
IDXX,2011-09-28 00:00:00+00:00,71.13,75.09,71.02,74.28,193400,35.565,37.545,35.51,37.14,386800,0.0,1.0
IDXX,2011-09-29 00:00:00+00:00,71.27,72.5,69.79,72.31,268300,35.635,36.25,34.895,36.155,536600,0.0,1.0
IDXX,2011-09-30 00:00:00+00:00,68.97,71.2,68.91,70.28,414200,34.485,35.6,34.455,35.14,828400,0.0,1.0
IDXX,2011-10-03 00:00:00+00:00,66.13,70.09,66.06,68.61,421800,33.065,35.045,33.03,34.305,843600,0.0,1.0
IDXX,2011-10-04 00:00:00+00:00,66.96,67.16,63.83,65.36,674900,33.48,33.58,31.915,32.68,1349800,0.0,1.0
IDXX,2011-10-05 00:00:00+00:00,68.44,68.75,65.64,67.04,428000,34.22,34.375,32.82,33.52,856000,0.0,1.0
IDXX,2011-10-06 00:00:00+00:00,69.83,69.97,67.93,68.43,237100,34.915,34.985,33.965,34.215,474200,0.0,1.0
IDXX,2011-10-07 00:00:00+00:00,69.61,70.67,69.26,70.03,276700,34.805,35.335,34.63,35.015,553400,0.0,1.0
IDXX,2011-10-10 00:00:00+00:00,71.53,72.04,70.02,70.58,271300,35.765,36.02,35.01,35.29,542600,0.0,1.0
IDXX,2011-10-11 00:00:00+00:00,71.41,72.14,70.96,71.11,146300,35.705,36.07,35.48,35.555,292600,0.0,1.0
IDXX,2011-10-12 00:00:00+00:00,71.72,73.11,71.59,71.73,241100,35.86,36.555,35.795,35.865,482200,0.0,1.0
IDXX,2011-10-13 00:00:00+00:00,72.03,72.14,71.02,71.23,283100,36.015,36.07,35.51,35.615,566200,0.0,1.0
IDXX,2011-10-14 00:00:00+00:00,72.06,72.845,71.84,72.67,181100,36.03,36.4225,35.92,36.335,362200,0.0,1.0
IDXX,2011-10-17 00:00:00+00:00,69.64,71.75,69.38,71.75,264600,34.82,35.875,34.69,35.875,529200,0.0,1.0
IDXX,2011-10-18 00:00:00+00:00,70.43,71.08,69.0,69.89,309000,35.215,35.54,34.5,34.945,618000,0.0,1.0
IDXX,2011-10-19 00:00:00+00:00,71.07,71.96,70.29,70.5,341100,35.535,35.98,35.145,35.25,682200,0.0,1.0
IDXX,2011-10-20 00:00:00+00:00,72.87,72.99,70.63,71.3,666300,36.435,36.495,35.315,35.65,1332600,0.0,1.0
IDXX,2011-10-21 00:00:00+00:00,73.71,76.45,70.2,73.52,1070800,36.855,38.225,35.1,36.76,2141600,0.0,1.0
IDXX,2011-10-24 00:00:00+00:00,75.18,75.47,73.41,74.3,353300,37.59,37.735,36.705,37.15,706600,0.0,1.0
IDXX,2011-10-25 00:00:00+00:00,72.68,75.36,72.54,74.78,454400,36.34,37.68,36.27,37.39,908800,0.0,1.0
IDXX,2011-10-26 00:00:00+00:00,71.84,74.45,71.71,73.92,405200,35.92,37.225,35.855,36.96,810400,0.0,1.0
IDXX,2011-10-27 00:00:00+00:00,74.04,74.8,72.79,73.29,505600,37.02,37.4,36.395,36.645,1011200,0.0,1.0
IDXX,2011-10-28 00:00:00+00:00,74.01,74.84,73.53,73.91,359000,37.005,37.42,36.765,36.955,718000,0.0,1.0
IDXX,2011-10-31 00:00:00+00:00,71.99,73.38,71.95,73.38,393900,35.995,36.69,35.975,36.69,787800,0.0,1.0
IDXX,2011-11-01 00:00:00+00:00,69.57,70.84,68.95,70.56,285200,34.785,35.42,34.475,35.28,570400,0.0,1.0
IDXX,2011-11-02 00:00:00+00:00,71.12,71.65,69.96,70.23,228800,35.56,35.825,34.98,35.115,457600,0.0,1.0
IDXX,2011-11-03 00:00:00+00:00,72.52,73.01,70.9,71.56,193400,36.26,36.505,35.45,35.78,386800,0.0,1.0
IDXX,2011-11-04 00:00:00+00:00,72.69,73.14,71.29,72.15,180700,36.345,36.57,35.645,36.075,361400,0.0,1.0
IDXX,2011-11-07 00:00:00+00:00,73.19,73.28,71.5,72.42,166300,36.595,36.64,35.75,36.21,332600,0.0,1.0
IDXX,2011-11-08 00:00:00+00:00,74.11,74.37,72.87,73.48,185100,37.055,37.185,36.435,36.74,370200,0.0,1.0
IDXX,2011-11-09 00:00:00+00:00,71.39,73.23,71.13,72.7,146700,35.695,36.615,35.565,36.35,293400,0.0,1.0
IDXX,2011-11-10 00:00:00+00:00,71.77,72.42,71.4,72.0,137900,35.885,36.21,35.7,36.0,275800,0.0,1.0
IDXX,2011-11-11 00:00:00+00:00,73.05,73.78,71.57,71.57,126500,36.525,36.89,35.785,35.785,253000,0.0,1.0
IDXX,2011-11-14 00:00:00+00:00,72.24,73.21,72.0,72.91,91400,36.12,36.605,36.0,36.455,182800,0.0,1.0
IDXX,2011-11-15 00:00:00+00:00,72.92,73.7,71.93,72.23,190300,36.46,36.85,35.965,36.115,380600,0.0,1.0
IDXX,2011-11-16 00:00:00+00:00,72.14,73.98,71.93,72.51,170300,36.07,36.99,35.965,36.255,340600,0.0,1.0
IDXX,2011-11-17 00:00:00+00:00,74.31,77.97,72.27,72.27,1755300,37.155,38.985,36.135,36.135,3510600,0.0,1.0
IDXX,2011-11-18 00:00:00+00:00,72.19,74.43,71.87,74.43,350400,36.095,37.215,35.935,37.215,700800,0.0,1.0
IDXX,2011-11-21 00:00:00+00:00,70.57,71.85,70.54,71.24,211500,35.285,35.925,35.27,35.62,423000,0.0,1.0
IDXX,2011-11-22 00:00:00+00:00,71.18,71.86,70.26,70.72,211000,35.59,35.93,35.13,35.36,422000,0.0,1.0
IDXX,2011-11-23 00:00:00+00:00,69.49,70.86,68.96,70.69,253300,34.745,35.43,34.48,35.345,506600,0.0,1.0
IDXX,2011-11-25 00:00:00+00:00,69.27,70.38,69.23,69.34,92800,34.635,35.19,34.615,34.67,185600,0.0,1.0
IDXX,2011-11-28 00:00:00+00:00,72.0,72.2,69.79,70.3,245700,36.0,36.1,34.895,35.15,491400,0.0,1.0
IDXX,2011-11-29 00:00:00+00:00,72.47,73.16,71.86,72.59,307400,36.235,36.58,35.93,36.295,614800,0.0,1.0
IDXX,2011-11-30 00:00:00+00:00,75.19,75.46,73.84,74.32,314300,37.595,37.73,36.92,37.16,628600,0.0,1.0
IDXX,2011-12-01 00:00:00+00:00,74.77,76.0,74.54,74.67,186600,37.385,38.0,37.27,37.335,373200,0.0,1.0
IDXX,2011-12-02 00:00:00+00:00,72.98,75.66,72.81,75.15,352100,36.49,37.83,36.405,37.575,704200,0.0,1.0
IDXX,2011-12-05 00:00:00+00:00,74.27,75.28,73.61,73.78,292000,37.135,37.64,36.805,36.89,584000,0.0,1.0
IDXX,2011-12-06 00:00:00+00:00,74.27,74.88,73.68,74.24,297100,37.135,37.44,36.84,37.12,594200,0.0,1.0
IDXX,2011-12-07 00:00:00+00:00,74.27,74.63,72.57,73.84,169700,37.135,37.315,36.285,36.92,339400,0.0,1.0
IDXX,2011-12-08 00:00:00+00:00,71.88,74.12,71.73,73.94,244000,35.94,37.06,35.865,36.97,488000,0.0,1.0
IDXX,2011-12-09 00:00:00+00:00,74.54,74.6899,72.1,72.1,260400,37.27,37.34495,36.05,36.05,520800,0.0,1.0
IDXX,2011-12-12 00:00:00+00:00,74.91,74.99,73.4615,73.96,287800,37.455,37.495,36.73075,36.98,575600,0.0,1.0
IDXX,2011-12-13 00:00:00+00:00,74.49,75.8,74.12,75.42,295900,37.245,37.9,37.06,37.71,591800,0.0,1.0
IDXX,2011-12-14 00:00:00+00:00,74.02,74.62,73.56,74.03,270900,37.01,37.31,36.78,37.015,541800,0.0,1.0
IDXX,2011-12-15 00:00:00+00:00,73.85,75.08,73.46,74.98,200000,36.925,37.54,36.73,37.49,400000,0.0,1.0
IDXX,2011-12-16 00:00:00+00:00,74.01,74.96,73.695,74.07,340300,37.005,37.48,36.8475,37.035,680600,0.0,1.0
IDXX,2011-12-19 00:00:00+00:00,73.21,74.66,73.05,74.01,196200,36.605,37.33,36.525,37.005,392400,0.0,1.0
IDXX,2011-12-20 00:00:00+00:00,74.56,75.02,73.94,74.34,438700,37.28,37.51,36.97,37.17,877400,0.0,1.0
IDXX,2011-12-21 00:00:00+00:00,75.15,75.39,74.302,74.4,186900,37.575,37.695,37.151,37.2,373800,0.0,1.0
IDXX,2011-12-22 00:00:00+00:00,77.18,77.79,75.082,75.16,273700,38.59,38.895,37.541,37.58,547400,0.0,1.0
IDXX,2011-12-23 00:00:00+00:00,77.11,77.91,76.43,77.26,100500,38.555,38.955,38.215,38.63,201000,0.0,1.0
IDXX,2011-12-27 00:00:00+00:00,78.64,79.29,76.78,76.78,279600,39.32,39.645,38.39,38.39,559200,0.0,1.0
IDXX,2011-12-28 00:00:00+00:00,76.96,79.09,76.84,79.09,162900,38.48,39.545,38.42,39.545,325800,0.0,1.0
IDXX,2011-12-29 00:00:00+00:00,77.99,78.52,76.88,76.88,135400,38.995,39.26,38.44,38.44,270800,0.0,1.0
IDXX,2011-12-30 00:00:00+00:00,76.96,78.29,76.92,77.97,202600,38.48,39.145,38.46,38.985,405200,0.0,1.0
IDXX,2012-01-03 00:00:00+00:00,79.09,79.14,77.81,77.89,320700,39.545,39.57,38.905,38.945,641400,0.0,1.0
IDXX,2012-01-04 00:00:00+00:00,78.98,79.31,78.13,78.72,312600,39.49,39.655,39.065,39.36,625200,0.0,1.0
IDXX,2012-01-05 00:00:00+00:00,79.37,79.78,78.34,78.68,302400,39.685,39.89,39.17,39.34,604800,0.0,1.0
IDXX,2012-01-06 00:00:00+00:00,79.26,79.82,78.77,79.32,164700,39.63,39.91,39.385,39.66,329400,0.0,1.0
IDXX,2012-01-09 00:00:00+00:00,79.86,80.31,79.0236,79.43,230400,39.93,40.155,39.5118,39.715,460800,0.0,1.0
IDXX,2012-01-10 00:00:00+00:00,80.24,80.71,79.89,80.41,77400,40.12,40.355,39.945,40.205,154800,0.0,1.0
IDXX,2012-01-11 00:00:00+00:00,81.01,81.19,79.89,80.28,127300,40.505,40.595,39.945,40.14,254600,0.0,1.0
IDXX,2012-01-12 00:00:00+00:00,81.16,81.34,80.34,81.16,154200,40.58,40.67,40.17,40.58,308400,0.0,1.0
IDXX,2012-01-13 00:00:00+00:00,82.62,82.9,79.78,80.57,229700,41.31,41.45,39.89,40.285,459400,0.0,1.0
IDXX,2012-01-17 00:00:00+00:00,82.72,83.306,82.43,83.19,126800,41.36,41.653,41.215,41.595,253600,0.0,1.0
IDXX,2012-01-18 00:00:00+00:00,84.1,84.21,82.42,82.7,152700,42.05,42.105,41.21,41.35,305400,0.0,1.0
IDXX,2012-01-19 00:00:00+00:00,84.9,85.54,83.93,84.04,263700,42.45,42.77,41.965,42.02,527400,0.0,1.0
IDXX,2012-01-20 00:00:00+00:00,85.28,85.9196,84.54,84.94,221800,42.64,42.9598,42.27,42.47,443600,0.0,1.0
IDXX,2012-01-23 00:00:00+00:00,85.89,86.02,84.68,84.68,176300,42.945,43.01,42.34,42.34,352600,0.0,1.0
IDXX,2012-01-24 00:00:00+00:00,86.56,87.1,85.21,85.64,309300,43.28,43.55,42.605,42.82,618600,0.0,1.0
IDXX,2012-01-25 00:00:00+00:00,86.97,87.37,85.4,86.72,453700,43.485,43.685,42.7,43.36,907400,0.0,1.0
IDXX,2012-01-26 00:00:00+00:00,87.31,87.687,86.38,87.23,299900,43.655,43.8435,43.19,43.615,599800,0.0,1.0
IDXX,2012-01-27 00:00:00+00:00,83.46,86.58,81.91,86.34,1135800,41.73,43.29,40.955,43.17,2271600,0.0,1.0
IDXX,2012-01-30 00:00:00+00:00,84.69,84.98,82.11,83.25,401000,42.345,42.49,41.055,41.625,802000,0.0,1.0
IDXX,2012-01-31 00:00:00+00:00,84.59,85.57,84.09,84.64,282900,42.295,42.785,42.045,42.32,565800,0.0,1.0
IDXX,2012-02-01 00:00:00+00:00,86.37,86.46,84.6422,84.88,245400,43.185,43.23,42.3211,42.44,490800,0.0,1.0
IDXX,2012-02-02 00:00:00+00:00,86.79,87.24,86.05,86.09,302600,43.395,43.62,43.025,43.045,605200,0.0,1.0
IDXX,2012-02-03 00:00:00+00:00,86.54,87.61,86.42,87.4,176900,43.27,43.805,43.21,43.7,353800,0.0,1.0
IDXX,2012-02-06 00:00:00+00:00,85.73,86.32,85.27,86.29,217500,42.865,43.16,42.635,43.145,435000,0.0,1.0
IDXX,2012-02-07 00:00:00+00:00,85.85,86.37,84.92,85.61,147600,42.925,43.185,42.46,42.805,295200,0.0,1.0
IDXX,2012-02-08 00:00:00+00:00,86.06,86.39,84.82,85.84,112100,43.03,43.195,42.41,42.92,224200,0.0,1.0
IDXX,2012-02-09 00:00:00+00:00,86.06,86.48,84.91,86.27,127700,43.03,43.24,42.455,43.135,255400,0.0,1.0
IDXX,2012-02-10 00:00:00+00:00,85.68,86.1799,84.76,85.31,182000,42.84,43.08995,42.38,42.655,364000,0.0,1.0
IDXX,2012-02-13 00:00:00+00:00,86.94,87.11,85.75,86.58,227100,43.47,43.555,42.875,43.29,454200,0.0,1.0
IDXX,2012-02-14 00:00:00+00:00,87.42,87.42,86.46,86.67,105200,43.71,43.71,43.23,43.335,210400,0.0,1.0
IDXX,2012-02-15 00:00:00+00:00,87.91,87.93,86.8,87.39,241300,43.955,43.965,43.4,43.695,482600,0.0,1.0
IDXX,2012-02-16 00:00:00+00:00,89.03,89.23,87.48,87.5,286000,44.515,44.615,43.74,43.75,572000,0.0,1.0
IDXX,2012-02-17 00:00:00+00:00,88.49,89.496,88.23,88.75,193400,44.245,44.748,44.115,44.375,386800,0.0,1.0
IDXX,2012-02-21 00:00:00+00:00,88.59,88.69,87.82,88.5,191500,44.295,44.345,43.91,44.25,383000,0.0,1.0
IDXX,2012-02-22 00:00:00+00:00,88.72,89.03,87.61,88.29,251400,44.36,44.515,43.805,44.145,502800,0.0,1.0
IDXX,2012-02-23 00:00:00+00:00,88.1,89.08,87.92,88.67,243700,44.05,44.54,43.96,44.335,487400,0.0,1.0
IDXX,2012-02-24 00:00:00+00:00,87.99,88.47,87.83,88.01,403300,43.995,44.235,43.915,44.005,806600,0.0,1.0
IDXX,2012-02-27 00:00:00+00:00,87.4,88.09,86.85,87.51,369500,43.7,44.045,43.425,43.755,739000,0.0,1.0
IDXX,2012-02-28 00:00:00+00:00,87.14,87.9138,86.77,87.55,171000,43.57,43.9569,43.385,43.775,342000,0.0,1.0
IDXX,2012-02-29 00:00:00+00:00,85.75,87.63,85.7,87.26,237500,42.875,43.815,42.85,43.63,475000,0.0,1.0
IDXX,2012-03-01 00:00:00+00:00,86.13,86.63,85.63,85.63,210600,43.065,43.315,42.815,42.815,421200,0.0,1.0
IDXX,2012-03-02 00:00:00+00:00,85.14,86.47,84.94,86.11,145200,42.57,43.235,42.47,43.055,290400,0.0,1.0
IDXX,2012-03-05 00:00:00+00:00,84.88,85.22,84.53,84.54,128000,42.44,42.61,42.265,42.27,256000,0.0,1.0
IDXX,2012-03-06 00:00:00+00:00,83.02,84.45,82.98,84.31,191200,41.51,42.225,41.49,42.155,382400,0.0,1.0
IDXX,2012-03-07 00:00:00+00:00,83.24,83.63,82.9,83.06,208800,41.62,41.815,41.45,41.53,417600,0.0,1.0
IDXX,2012-03-08 00:00:00+00:00,83.9,84.41,82.98,83.9,387200,41.95,42.205,41.49,41.95,774400,0.0,1.0
IDXX,2012-03-09 00:00:00+00:00,85.09,86.91,83.98,83.98,309900,42.545,43.455,41.99,41.99,619800,0.0,1.0
IDXX,2012-03-12 00:00:00+00:00,83.0,85.04,82.56,85.0,528300,41.5,42.52,41.28,42.5,1056600,0.0,1.0
IDXX,2012-03-13 00:00:00+00:00,84.38,84.38,83.1208,83.51,290000,42.19,42.19,41.5604,41.755,580000,0.0,1.0
IDXX,2012-03-14 00:00:00+00:00,84.0,84.68,83.36,84.04,283400,42.0,42.34,41.68,42.02,566800,0.0,1.0
IDXX,2012-03-15 00:00:00+00:00,84.87,85.05,83.78,83.78,177500,42.435,42.525,41.89,41.89,355000,0.0,1.0
IDXX,2012-03-16 00:00:00+00:00,84.54,84.8,84.1,84.8,366300,42.27,42.4,42.05,42.4,732600,0.0,1.0
IDXX,2012-03-19 00:00:00+00:00,83.89,84.73,83.56,84.42,304300,41.945,42.365,41.78,42.21,608600,0.0,1.0
IDXX,2012-03-20 00:00:00+00:00,84.41,84.75,83.42,83.42,200800,42.205,42.375,41.71,41.71,401600,0.0,1.0
IDXX,2012-03-21 00:00:00+00:00,84.53,85.05,83.94,84.35,148300,42.265,42.525,41.97,42.175,296600,0.0,1.0
IDXX,2012-03-22 00:00:00+00:00,83.63,84.3466,82.92,84.15,109300,41.815,42.1733,41.46,42.075,218600,0.0,1.0
IDXX,2012-03-23 00:00:00+00:00,84.45,84.49,83.26,83.71,158800,42.225,42.245,41.63,41.855,317600,0.0,1.0
IDXX,2012-03-26 00:00:00+00:00,86.1,86.62,85.08,85.08,231100,43.05,43.31,42.54,42.54,462200,0.0,1.0
IDXX,2012-03-27 00:00:00+00:00,86.16,86.67,85.45,85.99,168300,43.08,43.335,42.725,42.995,336600,0.0,1.0
IDXX,2012-03-28 00:00:00+00:00,86.81,87.26,86.02,86.02,292300,43.405,43.63,43.01,43.01,584600,0.0,1.0
IDXX,2012-03-29 00:00:00+00:00,86.65,87.28,86.095,86.6,205100,43.325,43.64,43.0475,43.3,410200,0.0,1.0
IDXX,2012-03-30 00:00:00+00:00,87.45,87.87,86.6201,86.65,295600,43.725,43.935,43.31005,43.325,591200,0.0,1.0
IDXX,2012-04-02 00:00:00+00:00,87.11,87.94,86.83,87.15,268300,43.555,43.97,43.415,43.575,536600,0.0,1.0
IDXX,2012-04-03 00:00:00+00:00,87.5,87.8,86.64,87.04,228200,43.75,43.9,43.32,43.52,456400,0.0,1.0
IDXX,2012-04-04 00:00:00+00:00,86.93,87.31,86.15,86.75,246500,43.465,43.655,43.075,43.375,493000,0.0,1.0
IDXX,2012-04-05 00:00:00+00:00,86.97,87.115,86.4739,86.75,105100,43.485,43.5575,43.23695,43.375,210200,0.0,1.0
IDXX,2012-04-09 00:00:00+00:00,86.07,86.54,85.33,85.7,193200,43.035,43.27,42.665,42.85,386400,0.0,1.0
IDXX,2012-04-10 00:00:00+00:00,84.37,85.95,84.28,85.88,197100,42.185,42.975,42.14,42.94,394200,0.0,1.0
IDXX,2012-04-11 00:00:00+00:00,84.91,85.23,84.52,85.23,182700,42.455,42.615,42.26,42.615,365400,0.0,1.0
IDXX,2012-04-12 00:00:00+00:00,86.23,86.57,84.59,85.09,155500,43.115,43.285,42.295,42.545,311000,0.0,1.0
IDXX,2012-04-13 00:00:00+00:00,85.02,86.284,84.92,86.12,89800,42.51,43.142,42.46,43.06,179600,0.0,1.0
IDXX,2012-04-16 00:00:00+00:00,84.39,85.9999,83.89,85.46,259500,42.195,42.99995,41.945,42.73,519000,0.0,1.0
IDXX,2012-04-17 00:00:00+00:00,86.65,87.09,85.0,85.0,259500,43.325,43.545,42.5,42.5,519000,0.0,1.0
IDXX,2012-04-18 00:00:00+00:00,87.69,87.75,86.56,86.56,345400,43.845,43.875,43.28,43.28,690800,0.0,1.0
IDXX,2012-04-19 00:00:00+00:00,88.18,88.98,87.25,87.61,348000,44.09,44.49,43.625,43.805,696000,0.0,1.0
IDXX,2012-04-20 00:00:00+00:00,86.44,88.77,82.7,88.66,1189800,43.22,44.385,41.35,44.33,2379600,0.0,1.0
IDXX,2012-04-23 00:00:00+00:00,85.16,88.17,84.95,87.29,596200,42.58,44.085,42.475,43.645,1192400,0.0,1.0
IDXX,2012-04-24 00:00:00+00:00,85.49,85.79,84.87,85.08,308000,42.745,42.895,42.435,42.54,616000,0.0,1.0
IDXX,2012-04-25 00:00:00+00:00,86.25,87.0,85.63,86.0,188600,43.125,43.5,42.815,43.0,377200,0.0,1.0
IDXX,2012-04-26 00:00:00+00:00,86.83,87.17,85.83,86.38,150100,43.415,43.585,42.915,43.19,300200,0.0,1.0
IDXX,2012-04-27 00:00:00+00:00,88.2,89.0,86.73,87.25,240200,44.1,44.5,43.365,43.625,480400,0.0,1.0
IDXX,2012-04-30 00:00:00+00:00,87.93,88.5,87.67,88.28,188000,43.965,44.25,43.835,44.14,376000,0.0,1.0
IDXX,2012-05-01 00:00:00+00:00,88.79,89.62,87.3,87.82,270000,44.395,44.81,43.65,43.91,540000,0.0,1.0
IDXX,2012-05-02 00:00:00+00:00,88.98,89.14,87.75,87.75,222700,44.49,44.57,43.875,43.875,445400,0.0,1.0
IDXX,2012-05-03 00:00:00+00:00,88.74,89.5,88.29,89.05,217100,44.37,44.75,44.145,44.525,434200,0.0,1.0
IDXX,2012-05-04 00:00:00+00:00,87.17,88.45,86.66,88.13,273000,43.585,44.225,43.33,44.065,546000,0.0,1.0
IDXX,2012-05-07 00:00:00+00:00,88.9,89.03,86.61,87.36,410800,44.45,44.515,43.305,43.68,821600,0.0,1.0
IDXX,2012-05-08 00:00:00+00:00,89.1,89.15,87.64,88.43,465900,44.55,44.575,43.82,44.215,931800,0.0,1.0
IDXX,2012-05-09 00:00:00+00:00,88.09,88.48,87.47,88.32,192000,44.045,44.24,43.735,44.16,384000,0.0,1.0
IDXX,2012-05-10 00:00:00+00:00,88.21,88.98,87.95,88.77,135000,44.105,44.49,43.975,44.385,270000,0.0,1.0
IDXX,2012-05-11 00:00:00+00:00,88.12,89.0,87.25,87.49,247800,44.06,44.5,43.625,43.745,495600,0.0,1.0
IDXX,2012-05-14 00:00:00+00:00,86.68,88.02,86.51,87.3,318600,43.34,44.01,43.255,43.65,637200,0.0,1.0
IDXX,2012-05-15 00:00:00+00:00,86.87,87.5199,86.0709,86.6,247000,43.435,43.75995,43.03545,43.3,494000,0.0,1.0
IDXX,2012-05-16 00:00:00+00:00,85.93,87.25,85.84,87.25,249800,42.965,43.625,42.92,43.625,499600,0.0,1.0
IDXX,2012-05-17 00:00:00+00:00,84.14,86.37,84.11,86.0,177000,42.07,43.185,42.055,43.0,354000,0.0,1.0
IDXX,2012-05-18 00:00:00+00:00,82.12,84.83,81.95,84.6,333000,41.06,42.415,40.975,42.3,666000,0.0,1.0
IDXX,2012-05-21 00:00:00+00:00,84.36,84.5,81.91,82.1,341600,42.18,42.25,40.955,41.05,683200,0.0,1.0
IDXX,2012-05-22 00:00:00+00:00,84.44,85.82,83.94,84.51,300000,42.22,42.91,41.97,42.255,600000,0.0,1.0
IDXX,2012-05-23 00:00:00+00:00,84.8,85.0,83.1,83.88,203000,42.4,42.5,41.55,41.94,406000,0.0,1.0
IDXX,2012-05-24 00:00:00+00:00,86.24,86.37,85.005,85.18,320200,43.12,43.185,42.5025,42.59,640400,0.0,1.0
IDXX,2012-05-25 00:00:00+00:00,86.12,86.63,85.38,86.12,134100,43.06,43.315,42.69,43.06,268200,0.0,1.0
IDXX,2012-05-29 00:00:00+00:00,87.02,87.62,86.54,86.95,95000,43.51,43.81,43.27,43.475,190000,0.0,1.0
IDXX,2012-05-30 00:00:00+00:00,85.44,86.8,85.4,86.32,172300,42.72,43.4,42.7,43.16,344600,0.0,1.0
IDXX,2012-05-31 00:00:00+00:00,84.84,85.4,83.79,85.29,451900,42.42,42.7,41.895,42.645,903800,0.0,1.0
IDXX,2012-06-01 00:00:00+00:00,81.92,84.02,81.84,83.3,274900,40.96,42.01,40.92,41.65,549800,0.0,1.0
IDXX,2012-06-04 00:00:00+00:00,82.51,82.71,81.31,82.22,404300,41.255,41.355,40.655,41.11,808600,0.0,1.0
IDXX,2012-06-05 00:00:00+00:00,83.74,83.7999,81.85,82.35,239900,41.87,41.89995,40.925,41.175,479800,0.0,1.0
IDXX,2012-06-06 00:00:00+00:00,85.3,85.42,84.33,84.46,94900,42.65,42.71,42.165,42.23,189800,0.0,1.0
IDXX,2012-06-07 00:00:00+00:00,84.93,86.45,84.75,85.95,146300,42.465,43.225,42.375,42.975,292600,0.0,1.0
IDXX,2012-06-08 00:00:00+00:00,85.62,85.97,84.39,84.57,74800,42.81,42.985,42.195,42.285,149600,0.0,1.0
IDXX,2012-06-11 00:00:00+00:00,85.06,86.39,84.97,86.01,177200,42.53,43.195,42.485,43.005,354400,0.0,1.0
IDXX,2012-06-12 00:00:00+00:00,85.49,85.715,84.648,85.48,118800,42.745,42.8575,42.324,42.74,237600,0.0,1.0
IDXX,2012-06-13 00:00:00+00:00,85.41,86.27,84.94,85.24,171700,42.705,43.135,42.47,42.62,343400,0.0,1.0
IDXX,2012-06-14 00:00:00+00:00,87.99,88.64,85.34,85.34,371000,43.995,44.32,42.67,42.67,742000,0.0,1.0
IDXX,2012-06-15 00:00:00+00:00,88.38,89.12,87.75,88.67,464500,44.19,44.56,43.875,44.335,929000,0.0,1.0
IDXX,2012-06-18 00:00:00+00:00,90.9,90.92,87.41,87.74,257400,45.45,45.46,43.705,43.87,514800,0.0,1.0
IDXX,2012-06-19 00:00:00+00:00,94.15,94.66,90.9,91.25,509900,47.075,47.33,45.45,45.625,1019800,0.0,1.0
IDXX,2012-06-20 00:00:00+00:00,94.86,95.0,92.9675,93.96,369900,47.43,47.5,46.48375,46.98,739800,0.0,1.0
IDXX,2012-06-21 00:00:00+00:00,91.54,95.95,91.43,94.74,546100,45.77,47.975,45.715,47.37,1092200,0.0,1.0
IDXX,2012-06-22 00:00:00+00:00,93.23,93.45,91.27,91.52,361600,46.615,46.725,45.635,45.76,723200,0.0,1.0
IDXX,2012-06-25 00:00:00+00:00,92.59,92.83,91.36,92.38,163500,46.295,46.415,45.68,46.19,327000,0.0,1.0
IDXX,2012-06-26 00:00:00+00:00,93.75,93.92,92.12,92.87,274300,46.875,46.96,46.06,46.435,548600,0.0,1.0
IDXX,2012-06-27 00:00:00+00:00,95.28,95.47,93.75,94.0,386400,47.64,47.735,46.875,47.0,772800,0.0,1.0
IDXX,2012-06-28 00:00:00+00:00,93.58,95.752,92.6,94.82,460900,46.79,47.876,46.3,47.41,921800,0.0,1.0
IDXX,2012-06-29 00:00:00+00:00,96.13,96.798,94.798,95.57,458100,48.065,48.399,47.399,47.785,916200,0.0,1.0
IDXX,2012-07-02 00:00:00+00:00,98.02,98.31,95.71,96.11,279700,49.01,49.155,47.855,48.055,559400,0.0,1.0
IDXX,2012-07-03 00:00:00+00:00,97.54,98.38,97.34,97.68,171600,48.77,49.19,48.67,48.84,343200,0.0,1.0
IDXX,2012-07-05 00:00:00+00:00,96.22,97.6899,95.9,96.36,587400,48.11,48.84495,47.95,48.18,1174800,0.0,1.0
IDXX,2012-07-06 00:00:00+00:00,95.51,96.06,95.11,95.59,185900,47.755,48.03,47.555,47.795,371800,0.0,1.0
IDXX,2012-07-09 00:00:00+00:00,95.82,96.1,95.33,95.74,373500,47.91,48.05,47.665,47.87,747000,0.0,1.0
IDXX,2012-07-10 00:00:00+00:00,93.95,97.01,93.61,96.62,387100,46.975,48.505,46.805,48.31,774200,0.0,1.0
IDXX,2012-07-11 00:00:00+00:00,95.32,95.4299,93.72,94.45,449800,47.66,47.71495,46.86,47.225,899600,0.0,1.0
IDXX,2012-07-12 00:00:00+00:00,93.64,94.86,93.58,94.58,334300,46.82,47.43,46.79,47.29,668600,0.0,1.0
IDXX,2012-07-13 00:00:00+00:00,92.38,93.2799,92.15,93.0,554900,46.19,46.63995,46.075,46.5,1109800,0.0,1.0
IDXX,2012-07-16 00:00:00+00:00,90.7,92.21,90.27,92.15,573500,45.35,46.105,45.135,46.075,1147000,0.0,1.0
IDXX,2012-07-17 00:00:00+00:00,92.01,92.23,90.36,91.26,403300,46.005,46.115,45.18,45.63,806600,0.0,1.0
IDXX,2012-07-18 00:00:00+00:00,92.06,92.88,91.37,91.8,345800,46.03,46.44,45.685,45.9,691600,0.0,1.0
IDXX,2012-07-19 00:00:00+00:00,92.71,93.14,91.9,92.0,386200,46.355,46.57,45.95,46.0,772400,0.0,1.0
IDXX,2012-07-20 00:00:00+00:00,89.84,90.25,87.65,89.5,1094500,44.92,45.125,43.825,44.75,2189000,0.0,1.0
IDXX,2012-07-23 00:00:00+00:00,87.81,88.02,86.36,86.36,415400,43.905,44.01,43.18,43.18,830800,0.0,1.0
IDXX,2012-07-24 00:00:00+00:00,87.21,88.3,86.51,87.81,449200,43.605,44.15,43.255,43.905,898400,0.0,1.0
IDXX,2012-07-25 00:00:00+00:00,87.64,88.125,86.36,87.46,400500,43.82,44.0625,43.18,43.73,801000,0.0,1.0
IDXX,2012-07-26 00:00:00+00:00,87.91,89.0,87.17,88.7,300800,43.955,44.5,43.585,44.35,601600,0.0,1.0
IDXX,2012-07-27 00:00:00+00:00,89.53,90.42,88.55,88.78,378900,44.765,45.21,44.275,44.39,757800,0.0,1.0
IDXX,2012-07-30 00:00:00+00:00,89.13,89.25,88.09,88.19,253100,44.565,44.625,44.045,44.095,506200,0.0,1.0
IDXX,2012-07-31 00:00:00+00:00,88.17,89.48,87.96,88.93,259500,44.085,44.74,43.98,44.465,519000,0.0,1.0
IDXX,2012-08-01 00:00:00+00:00,87.92,88.7,87.5,87.84,228500,43.96,44.35,43.75,43.92,457000,0.0,1.0
IDXX,2012-08-02 00:00:00+00:00,87.5,88.28,86.75,87.44,237500,43.75,44.14,43.375,43.72,475000,0.0,1.0
IDXX,2012-08-03 00:00:00+00:00,90.02,90.79,89.13,89.23,243100,45.01,45.395,44.565,44.615,486200,0.0,1.0
IDXX,2012-08-06 00:00:00+00:00,89.77,90.52,89.59,89.94,290600,44.885,45.26,44.795,44.97,581200,0.0,1.0
IDXX,2012-08-07 00:00:00+00:00,89.21,90.93,89.03,89.92,267700,44.605,45.465,44.515,44.96,535400,0.0,1.0
IDXX,2012-08-08 00:00:00+00:00,89.93,90.13,88.03,88.74,669400,44.965,45.065,44.015,44.37,1338800,0.0,1.0
IDXX,2012-08-09 00:00:00+00:00,89.61,90.08,88.8,89.72,274900,44.805,45.04,44.4,44.86,549800,0.0,1.0
IDXX,2012-08-10 00:00:00+00:00,92.54,92.61,90.29,90.33,455300,46.27,46.305,45.145,45.165,910600,0.0,1.0
IDXX,2012-08-13 00:00:00+00:00,91.2,92.43,90.43,92.06,246400,45.6,46.215,45.215,46.03,492800,0.0,1.0
IDXX,2012-08-14 00:00:00+00:00,91.45,91.93,91.01,91.42,139100,45.725,45.965,45.505,45.71,278200,0.0,1.0
IDXX,2012-08-15 00:00:00+00:00,92.77,92.94,90.99,91.33,142900,46.385,46.47,45.495,45.665,285800,0.0,1.0
IDXX,2012-08-16 00:00:00+00:00,93.77,94.0,92.72,93.14,267700,46.885,47.0,46.36,46.57,535400,0.0,1.0
IDXX,2012-08-17 00:00:00+00:00,94.36,94.89,93.32,94.0,253800,47.18,47.445,46.66,47.0,507600,0.0,1.0
IDXX,2012-08-20 00:00:00+00:00,94.28,94.55,93.7,93.79,210300,47.14,47.275,46.85,46.895,420600,0.0,1.0
IDXX,2012-08-21 00:00:00+00:00,93.91,95.27,93.85,94.24,308800,46.955,47.635,46.925,47.12,617600,0.0,1.0
IDXX,2012-08-22 00:00:00+00:00,93.3,94.23,93.14,93.99,175800,46.65,47.115,46.57,46.995,351600,0.0,1.0
IDXX,2012-08-23 00:00:00+00:00,94.0,94.25,92.76,93.1,224600,47.0,47.125,46.38,46.55,449200,0.0,1.0
IDXX,2012-08-24 00:00:00+00:00,94.0,94.856,93.84,93.84,122400,47.0,47.428,46.92,46.92,244800,0.0,1.0
IDXX,2012-08-27 00:00:00+00:00,94.13,95.46,94.0,94.46,317600,47.065,47.73,47.0,47.23,635200,0.0,1.0
IDXX,2012-08-28 00:00:00+00:00,95.1,95.33,93.7,93.7,196400,47.55,47.665,46.85,46.85,392800,0.0,1.0
IDXX,2012-08-29 00:00:00+00:00,94.87,95.69,94.47,94.98,222300,47.435,47.845,47.235,47.49,444600,0.0,1.0
IDXX,2012-08-30 00:00:00+00:00,94.6,94.99,93.75,94.2,189200,47.3,47.495,46.875,47.1,378400,0.0,1.0
IDXX,2012-08-31 00:00:00+00:00,95.06,95.81,94.24,95.4,166200,47.53,47.905,47.12,47.7,332400,0.0,1.0
IDXX,2012-09-04 00:00:00+00:00,96.71,97.0,94.65,95.27,280200,48.355,48.5,47.325,47.635,560400,0.0,1.0
IDXX,2012-09-05 00:00:00+00:00,96.92,97.53,96.08,96.6,392300,48.46,48.765,48.04,48.3,784600,0.0,1.0
IDXX,2012-09-06 00:00:00+00:00,98.77,99.4,96.96,97.52,380300,49.385,49.7,48.48,48.76,760600,0.0,1.0
IDXX,2012-09-07 00:00:00+00:00,98.52,99.6,98.44,98.75,222200,49.26,49.8,49.22,49.375,444400,0.0,1.0
IDXX,2012-09-10 00:00:00+00:00,98.25,99.15,97.67,97.67,136800,49.125,49.575,48.835,48.835,273600,0.0,1.0
IDXX,2012-09-11 00:00:00+00:00,97.83,98.67,97.6,97.9,169600,48.915,49.335,48.8,48.95,339200,0.0,1.0
IDXX,2012-09-12 00:00:00+00:00,99.17,99.23,94.32,98.23,196300,49.585,49.615,47.16,49.115,392600,0.0,1.0
IDXX,2012-09-13 00:00:00+00:00,99.39,99.75,98.51,99.54,413200,49.695,49.875,49.255,49.77,826400,0.0,1.0
IDXX,2012-09-14 00:00:00+00:00,100.0,100.0,98.77,99.45,230000,50.0,50.0,49.385,49.725,460000,0.0,1.0
IDXX,2012-09-17 00:00:00+00:00,97.48,99.6,96.95,99.6,520000,48.74,49.8,48.475,49.8,1040000,0.0,1.0
IDXX,2012-09-18 00:00:00+00:00,97.63,98.1004,96.9,97.56,364000,48.815,49.0502,48.45,48.78,728000,0.0,1.0
IDXX,2012-09-19 00:00:00+00:00,97.62,97.96,96.89,97.35,234700,48.81,48.98,48.445,48.675,469400,0.0,1.0
IDXX,2012-09-20 00:00:00+00:00,98.45,98.62,96.95,96.95,164600,49.225,49.31,48.475,48.475,329200,0.0,1.0
IDXX,2012-09-21 00:00:00+00:00,99.03,100.0,98.7802,99.05,469100,49.515,50.0,49.3901,49.525,938200,0.0,1.0
IDXX,2012-09-24 00:00:00+00:00,100.15,100.22,98.35,98.72,269400,50.075,50.11,49.175,49.36,538800,0.0,1.0
IDXX,2012-09-25 00:00:00+00:00,99.93,101.18,99.59,100.67,435300,49.965,50.59,49.795,50.335,870600,0.0,1.0
IDXX,2012-09-26 00:00:00+00:00,98.99,100.41,98.5,99.88,286900,49.495,50.205,49.25,49.94,573800,0.0,1.0
IDXX,2012-09-27 00:00:00+00:00,99.59,99.91,98.92,99.22,233500,49.795,49.955,49.46,49.61,467000,0.0,1.0
IDXX,2012-09-28 00:00:00+00:00,99.35,99.69,98.35,99.14,198300,49.675,49.845,49.175,49.57,396600,0.0,1.0
IDXX,2012-10-01 00:00:00+00:00,97.66,99.71,96.44,99.71,604900,48.83,49.855,48.22,49.855,1209800,0.0,1.0
IDXX,2012-10-02 00:00:00+00:00,97.7,98.36,97.21,97.83,226000,48.85,49.18,48.605,48.915,452000,0.0,1.0
IDXX,2012-10-03 00:00:00+00:00,98.18,98.93,97.53,98.09,231000,49.09,49.465,48.765,49.045,462000,0.0,1.0
IDXX,2012-10-04 00:00:00+00:00,99.0,99.21,98.38,98.38,135700,49.5,49.605,49.19,49.19,271400,0.0,1.0
IDXX,2012-10-05 00:00:00+00:00,98.79,100.05,98.6,99.28,179300,49.395,50.025,49.3,49.64,358600,0.0,1.0
IDXX,2012-10-08 00:00:00+00:00,98.89,99.7,98.42,98.79,131100,49.445,49.85,49.21,49.395,262200,0.0,1.0
IDXX,2012-10-09 00:00:00+00:00,95.73,99.2397,95.66,99.2397,153100,47.865,49.61985,47.83,49.61985,306200,0.0,1.0
IDXX,2012-10-10 00:00:00+00:00,95.68,96.37,95.41,95.92,197100,47.84,48.185,47.705,47.96,394200,0.0,1.0
IDXX,2012-10-11 00:00:00+00:00,96.9,97.26,96.02,96.44,122700,48.45,48.63,48.01,48.22,245400,0.0,1.0
IDXX,2012-10-12 00:00:00+00:00,95.94,97.45,95.77,96.96,115000,47.97,48.725,47.885,48.48,230000,0.0,1.0
IDXX,2012-10-15 00:00:00+00:00,97.04,97.58,95.78,96.42,184200,48.52,48.79,47.89,48.21,368400,0.0,1.0
IDXX,2012-10-16 00:00:00+00:00,98.03,98.19,97.3168,97.8,116700,49.015,49.095,48.6584,48.9,233400,0.0,1.0
IDXX,2012-10-17 00:00:00+00:00,98.49,98.95,97.48,98.08,164300,49.245,49.475,48.74,49.04,328600,0.0,1.0
IDXX,2012-10-18 00:00:00+00:00,98.96,99.2,96.75,98.13,417700,49.48,49.6,48.375,49.065,835400,0.0,1.0
IDXX,2012-10-19 00:00:00+00:00,97.59,99.0,95.28,98.22,569100,48.795,49.5,47.64,49.11,1138200,0.0,1.0
IDXX,2012-10-22 00:00:00+00:00,97.89,98.14,96.63,97.32,215100,48.945,49.07,48.315,48.66,430200,0.0,1.0
IDXX,2012-10-23 00:00:00+00:00,96.99,98.08,96.0,97.15,153000,48.495,49.04,48.0,48.575,306000,0.0,1.0
IDXX,2012-10-24 00:00:00+00:00,96.05,97.5499,95.89,97.5,172200,48.025,48.77495,47.945,48.75,344400,0.0,1.0
IDXX,2012-10-25 00:00:00+00:00,96.24,97.0,95.7,96.46,269300,48.12,48.5,47.85,48.23,538600,0.0,1.0
IDXX,2012-10-26 00:00:00+00:00,95.76,97.465,95.22,96.0,285600,47.88,48.7325,47.61,48.0,571200,0.0,1.0
IDXX,2012-10-31 00:00:00+00:00,96.2,98.41,95.3,95.67,210900,48.1,49.205,47.65,47.835,421800,0.0,1.0
IDXX,2012-11-01 00:00:00+00:00,95.43,96.44,95.21,95.89,530400,47.715,48.22,47.605,47.945,1060800,0.0,1.0
IDXX,2012-11-02 00:00:00+00:00,94.64,96.22,94.45,95.99,273800,47.32,48.11,47.225,47.995,547600,0.0,1.0
IDXX,2012-11-05 00:00:00+00:00,93.9,94.69,93.64,94.69,395800,46.95,47.345,46.82,47.345,791600,0.0,1.0
IDXX,2012-11-06 00:00:00+00:00,93.89,94.85,93.73,94.51,485200,46.945,47.425,46.865,47.255,970400,0.0,1.0
IDXX,2012-11-07 00:00:00+00:00,92.89,93.64,92.2,93.25,379100,46.445,46.82,46.1,46.625,758200,0.0,1.0
IDXX,2012-11-08 00:00:00+00:00,89.91,92.8071,89.89,92.41,525800,44.955,46.40355,44.945,46.205,1051600,0.0,1.0
IDXX,2012-11-09 00:00:00+00:00,89.55,90.215,89.2,89.78,522000,44.775,45.1075,44.6,44.89,1044000,0.0,1.0
IDXX,2012-11-12 00:00:00+00:00,89.71,89.9568,88.94,89.55,254400,44.855,44.9784,44.47,44.775,508800,0.0,1.0
IDXX,2012-11-13 00:00:00+00:00,89.99,90.49,88.9,89.33,312500,44.995,45.245,44.45,44.665,625000,0.0,1.0
IDXX,2012-11-14 00:00:00+00:00,89.32,91.12,89.12,90.05,378800,44.66,45.56,44.56,45.025,757600,0.0,1.0
IDXX,2012-11-15 00:00:00+00:00,89.76,90.22,87.51,89.48,446700,44.88,45.11,43.755,44.74,893400,0.0,1.0
IDXX,2012-11-16 00:00:00+00:00,90.32,90.8,89.65,89.85,377000,45.16,45.4,44.825,44.925,754000,0.0,1.0
IDXX,2012-11-19 00:00:00+00:00,92.62,92.64,90.66,90.76,373800,46.31,46.32,45.33,45.38,747600,0.0,1.0
IDXX,2012-11-20 00:00:00+00:00,91.95,92.66,91.09,92.43,221000,45.975,46.33,45.545,46.215,442000,0.0,1.0
IDXX,2012-11-21 00:00:00+00:00,91.87,92.47,91.13,92.0,207000,45.935,46.235,45.565,46.0,414000,0.0,1.0
IDXX,2012-11-23 00:00:00+00:00,94.05,94.17,91.8,91.8,122700,47.025,47.085,45.9,45.9,245400,0.0,1.0
IDXX,2012-11-26 00:00:00+00:00,93.93,94.26,93.4053,93.62,187300,46.965,47.13,46.70265,46.81,374600,0.0,1.0
IDXX,2012-11-27 00:00:00+00:00,92.3,94.3,92.07,93.32,346600,46.15,47.15,46.035,46.66,693200,0.0,1.0
IDXX,2012-11-28 00:00:00+00:00,91.42,92.05,90.22,91.7,392800,45.71,46.025,45.11,45.85,785600,0.0,1.0
IDXX,2012-11-29 00:00:00+00:00,93.26,93.78,92.09,92.12,260300,46.63,46.89,46.045,46.06,520600,0.0,1.0
IDXX,2012-11-30 00:00:00+00:00,93.47,93.85,92.98,93.18,747700,46.735,46.925,46.49,46.59,1495400,0.0,1.0
IDXX,2012-12-03 00:00:00+00:00,92.16,93.975,91.8,93.63,302700,46.08,46.9875,45.9,46.815,605400,0.0,1.0
IDXX,2012-12-04 00:00:00+00:00,92.32,92.6,91.46,92.13,303100,46.16,46.3,45.73,46.065,606200,0.0,1.0
IDXX,2012-12-05 00:00:00+00:00,92.68,92.96,91.81,92.45,213800,46.34,46.48,45.905,46.225,427600,0.0,1.0
IDXX,2012-12-06 00:00:00+00:00,93.1,93.28,92.53,92.66,139200,46.55,46.64,46.265,46.33,278400,0.0,1.0
IDXX,2012-12-07 00:00:00+00:00,93.51,93.905,92.89,93.25,165900,46.755,46.9525,46.445,46.625,331800,0.0,1.0
IDXX,2012-12-10 00:00:00+00:00,93.82,94.43,93.0462,93.3,189800,46.91,47.215,46.5231,46.65,379600,0.0,1.0
IDXX,2012-12-11 00:00:00+00:00,94.5,94.88,93.8,93.82,181600,47.25,47.44,46.9,46.91,363200,0.0,1.0
IDXX,2012-12-12 00:00:00+00:00,95.59,96.74,94.1901,94.54,319700,47.795,48.37,47.09505,47.27,639400,0.0,1.0
IDXX,2012-12-13 00:00:00+00:00,95.04,95.81,94.7978,95.47,196900,47.52,47.905,47.3989,47.735,393800,0.0,1.0
IDXX,2012-12-14 00:00:00+00:00,95.68,96.77,94.0301,94.91,236600,47.84,48.385,47.01505,47.455,473200,0.0,1.0
IDXX,2012-12-17 00:00:00+00:00,95.92,96.43,95.56,95.6,256200,47.96,48.215,47.78,47.8,512400,0.0,1.0
IDXX,2012-12-18 00:00:00+00:00,96.04,96.32,95.62,95.77,203000,48.02,48.16,47.81,47.885,406000,0.0,1.0
IDXX,2012-12-19 00:00:00+00:00,95.59,96.912,95.56,96.47,248200,47.795,48.456,47.78,48.235,496400,0.0,1.0
IDXX,2012-12-20 00:00:00+00:00,96.24,96.38,95.33,95.33,165300,48.12,48.19,47.665,47.665,330600,0.0,1.0
IDXX,2012-12-21 00:00:00+00:00,95.24,97.1358,94.66,94.66,789300,47.62,48.5679,47.33,47.33,1578600,0.0,1.0
IDXX,2012-12-24 00:00:00+00:00,95.26,96.71,94.39,95.62,132000,47.63,48.355,47.195,47.81,264000,0.0,1.0
IDXX,2012-12-26 00:00:00+00:00,92.56,95.66,92.55,95.63,321200,46.28,47.83,46.275,47.815,642400,0.0,1.0
IDXX,2012-12-27 00:00:00+00:00,92.92,93.254,91.91,92.7,248100,46.46,46.627,45.955,46.35,496200,0.0,1.0
IDXX,2012-12-28 00:00:00+00:00,91.71,92.96,91.59,92.33,157400,45.855,46.48,45.795,46.165,314800,0.0,1.0
IDXX,2012-12-31 00:00:00+00:00,92.8,93.0,91.09,91.5,286200,46.4,46.5,45.545,45.75,572400,0.0,1.0
IDXX,2013-01-02 00:00:00+00:00,94.05,94.81,93.39,94.59,223500,47.025,47.405,46.695,47.295,447000,0.0,1.0
IDXX,2013-01-03 00:00:00+00:00,94.0,94.75,93.38,93.67,246000,47.0,47.375,46.69,46.835,492000,0.0,1.0
IDXX,2013-01-04 00:00:00+00:00,94.88,95.93,93.89,94.32,259700,47.44,47.965,46.945,47.16,519400,0.0,1.0
IDXX,2013-01-07 00:00:00+00:00,95.44,95.88,94.51,94.65,197100,47.72,47.94,47.255,47.325,394200,0.0,1.0
IDXX,2013-01-08 00:00:00+00:00,96.01,96.58,95.12,95.6,262500,48.005,48.29,47.56,47.8,525000,0.0,1.0
IDXX,2013-01-09 00:00:00+00:00,97.14,97.89,96.14,96.5,255900,48.57,48.945,48.07,48.25,511800,0.0,1.0
IDXX,2013-01-10 00:00:00+00:00,97.26,98.02,96.9,97.69,151000,48.63,49.01,48.45,48.845,302000,0.0,1.0
IDXX,2013-01-11 00:00:00+00:00,97.1,97.91,96.72,97.42,128000,48.55,48.955,48.36,48.71,256000,0.0,1.0
IDXX,2013-01-14 00:00:00+00:00,95.96,97.4,95.94,97.17,174800,47.98,48.7,47.97,48.585,349600,0.0,1.0
IDXX,2013-01-15 00:00:00+00:00,94.95,96.663,94.92,95.75,277100,47.475,48.3315,47.46,47.875,554200,0.0,1.0
IDXX,2013-01-16 00:00:00+00:00,94.39,95.88,93.43,94.75,360900,47.195,47.94,46.715,47.375,721800,0.0,1.0
IDXX,2013-01-17 00:00:00+00:00,94.33,95.3,94.25,94.73,213700,47.165,47.65,47.125,47.365,427400,0.0,1.0
IDXX,2013-01-18 00:00:00+00:00,93.25,94.67,93.2,94.25,367700,46.625,47.335,46.6,47.125,735400,0.0,1.0
IDXX,2013-01-22 00:00:00+00:00,95.49,95.556,93.43,93.43,573500,47.745,47.778,46.715,46.715,1147000,0.0,1.0
IDXX,2013-01-23 00:00:00+00:00,95.24,95.34,94.82,95.25,672000,47.62,47.67,47.41,47.625,1344000,0.0,1.0
IDXX,2013-01-24 00:00:00+00:00,96.63,96.64,95.03,95.25,1029700,48.315,48.32,47.515,47.625,2059400,0.0,1.0
IDXX,2013-01-25 00:00:00+00:00,99.46,99.75,96.64,96.85,752900,49.73,49.875,48.32,48.425,1505800,0.0,1.0
IDXX,2013-01-28 00:00:00+00:00,99.65,100.81,98.8,98.8,564300,49.825,50.405,49.4,49.4,1128600,0.0,1.0
IDXX,2013-01-29 00:00:00+00:00,97.42,98.14,93.49,93.49,841000,48.71,49.07,46.745,46.745,1682000,0.0,1.0
IDXX,2013-01-30 00:00:00+00:00,96.16,98.27,95.94,97.41,392500,48.08,49.135,47.97,48.705,785000,0.0,1.0
IDXX,2013-01-31 00:00:00+00:00,95.21,96.12,94.82,95.53,403500,47.605,48.06,47.41,47.765,807000,0.0,1.0
IDXX,2013-02-01 00:00:00+00:00,94.46,96.23,94.21,95.64,629800,47.23,48.115,47.105,47.82,1259600,0.0,1.0
IDXX,2013-02-04 00:00:00+00:00,93.62,94.46,93.21,94.07,360100,46.81,47.23,46.605,47.035,720200,0.0,1.0
IDXX,2013-02-05 00:00:00+00:00,93.8,94.16,93.62,93.97,363100,46.9,47.08,46.81,46.985,726200,0.0,1.0
IDXX,2013-02-06 00:00:00+00:00,93.9,94.0,93.27,93.69,305600,46.95,47.0,46.635,46.845,611200,0.0,1.0
IDXX,2013-02-07 00:00:00+00:00,93.9,94.0,93.36,94.0,186100,46.95,47.0,46.68,47.0,372200,0.0,1.0
IDXX,2013-02-08 00:00:00+00:00,93.57,94.14,93.479,93.9,245800,46.785,47.07,46.7395,46.95,491600,0.0,1.0
IDXX,2013-02-11 00:00:00+00:00,93.56,93.97,93.05,93.8,159500,46.78,46.985,46.525,46.9,319000,0.0,1.0
IDXX,2013-02-12 00:00:00+00:00,92.93,94.03,92.7,93.87,329300,46.465,47.015,46.35,46.935,658600,0.0,1.0
IDXX,2013-02-13 00:00:00+00:00,92.08,93.21,91.59,93.19,823400,46.04,46.605,45.795,46.595,1646800,0.0,1.0
IDXX,2013-02-14 00:00:00+00:00,91.68,92.51,91.5,92.06,238800,45.84,46.255,45.75,46.03,477600,0.0,1.0
IDXX,2013-02-15 00:00:00+00:00,91.2,91.65,90.75,91.6,333100,45.6,45.825,45.375,45.8,666200,0.0,1.0
IDXX,2013-02-19 00:00:00+00:00,91.96,92.26,91.02,91.22,310500,45.98,46.13,45.51,45.61,621000,0.0,1.0
IDXX,2013-02-20 00:00:00+00:00,92.07,92.69,91.7,91.73,404900,46.035,46.345,45.85,45.865,809800,0.0,1.0
IDXX,2013-02-21 00:00:00+00:00,91.21,91.86,91.07,91.71,263100,45.605,45.93,45.535,45.855,526200,0.0,1.0
IDXX,2013-02-22 00:00:00+00:00,92.2,92.35,91.27,91.67,221400,46.1,46.175,45.635,45.835,442800,0.0,1.0
IDXX,2013-02-25 00:00:00+00:00,92.2,92.9,92.01,92.41,593500,46.1,46.45,46.005,46.205,1187000,0.0,1.0
IDXX,2013-02-26 00:00:00+00:00,91.3,92.975,91.2,92.28,422100,45.65,46.4875,45.6,46.14,844200,0.0,1.0
IDXX,2013-02-27 00:00:00+00:00,92.55,93.39,91.22,91.32,320400,46.275,46.695,45.61,45.66,640800,0.0,1.0
IDXX,2013-02-28 00:00:00+00:00,92.12,93.23,91.97,92.77,382300,46.06,46.615,45.985,46.385,764600,0.0,1.0
IDXX,2013-03-01 00:00:00+00:00,91.25,92.0575,90.78,91.83,650800,45.625,46.02875,45.39,45.915,1301600,0.0,1.0
IDXX,2013-03-04 00:00:00+00:00,91.15,91.33,90.19,91.04,331000,45.575,45.665,45.095,45.52,662000,0.0,1.0
IDXX,2013-03-05 00:00:00+00:00,93.25,93.37,91.5,91.7,304900,46.625,46.685,45.75,45.85,609800,0.0,1.0
IDXX,2013-03-06 00:00:00+00:00,92.13,94.27,91.94,93.56,328500,46.065,47.135,45.97,46.78,657000,0.0,1.0
IDXX,2013-03-07 00:00:00+00:00,91.02,92.375,90.57,92.0,245700,45.51,46.1875,45.285,46.0,491400,0.0,1.0
IDXX,2013-03-08 00:00:00+00:00,91.46,92.05,90.24,91.06,610800,45.73,46.025,45.12,45.53,1221600,0.0,1.0
IDXX,2013-03-11 00:00:00+00:00,91.83,92.62,91.38,91.51,169500,45.915,46.31,45.69,45.755,339000,0.0,1.0
IDXX,2013-03-12 00:00:00+00:00,91.51,91.8,90.99,91.58,174400,45.755,45.9,45.495,45.79,348800,0.0,1.0
IDXX,2013-03-13 00:00:00+00:00,91.66,92.01,91.02,91.56,186900,45.83,46.005,45.51,45.78,373800,0.0,1.0
IDXX,2013-03-14 00:00:00+00:00,92.72,93.155,91.63,91.64,451300,46.36,46.5775,45.815,45.82,902600,0.0,1.0
IDXX,2013-03-15 00:00:00+00:00,92.45,92.85,92.02,92.58,463800,46.225,46.425,46.01,46.29,927600,0.0,1.0
IDXX,2013-03-18 00:00:00+00:00,91.19,92.35,91.04,91.45,190400,45.595,46.175,45.52,45.725,380800,0.0,1.0
IDXX,2013-03-19 00:00:00+00:00,91.36,92.14,90.33,91.42,206800,45.68,46.07,45.165,45.71,413600,0.0,1.0
IDXX,2013-03-20 00:00:00+00:00,91.57,92.42,91.3801,91.49,135500,45.785,46.21,45.69005,45.745,271000,0.0,1.0
IDXX,2013-03-21 00:00:00+00:00,91.6,92.02,90.71,91.2,220500,45.8,46.01,45.355,45.6,441000,0.0,1.0
IDXX,2013-03-22 00:00:00+00:00,92.07,92.43,91.72,91.72,293100,46.035,46.215,45.86,45.86,586200,0.0,1.0
IDXX,2013-03-25 00:00:00+00:00,91.26,92.429,90.94,92.4,193300,45.63,46.2145,45.47,46.2,386600,0.0,1.0
IDXX,2013-03-26 00:00:00+00:00,92.28,92.34,91.4,91.77,115200,46.14,46.17,45.7,45.885,230400,0.0,1.0
IDXX,2013-03-27 00:00:00+00:00,92.89,93.22,91.73,91.97,274700,46.445,46.61,45.865,45.985,549400,0.0,1.0
IDXX,2013-03-28 00:00:00+00:00,92.39,93.01,91.77,92.87,226100,46.195,46.505,45.885,46.435,452200,0.0,1.0
IDXX,2013-04-01 00:00:00+00:00,90.83,92.4,90.29,92.06,363700,45.415,46.2,45.145,46.03,727400,0.0,1.0
IDXX,2013-04-02 00:00:00+00:00,91.0,91.8,90.75,90.94,169800,45.5,45.9,45.375,45.47,339600,0.0,1.0
IDXX,2013-04-03 00:00:00+00:00,89.07,91.055,88.81,90.81,291400,44.535,45.5275,44.405,45.405,582800,0.0,1.0
IDXX,2013-04-04 00:00:00+00:00,89.63,89.65,87.89,89.35,444500,44.815,44.825,43.945,44.675,889000,0.0,1.0
IDXX,2013-04-05 00:00:00+00:00,89.73,89.9499,88.45,88.96,271800,44.865,44.97495,44.225,44.48,543600,0.0,1.0
IDXX,2013-04-08 00:00:00+00:00,90.39,90.55,89.4,89.71,184500,45.195,45.275,44.7,44.855,369000,0.0,1.0
IDXX,2013-04-09 00:00:00+00:00,90.51,91.135,89.905,90.5,231500,45.255,45.5675,44.9525,45.25,463000,0.0,1.0
IDXX,2013-04-10 00:00:00+00:00,90.89,91.13,90.03,91.13,333700,45.445,45.565,45.015,45.565,667400,0.0,1.0
IDXX,2013-04-11 00:00:00+00:00,90.96,91.59,90.78,90.8,431400,45.48,45.795,45.39,45.4,862800,0.0,1.0
IDXX,2013-04-12 00:00:00+00:00,88.63,90.94,87.9,90.7,503700,44.315,45.47,43.95,45.35,1007400,0.0,1.0
IDXX,2013-04-15 00:00:00+00:00,87.72,89.0425,87.6,88.2,313900,43.86,44.52125,43.8,44.1,627800,0.0,1.0
IDXX,2013-04-16 00:00:00+00:00,89.64,89.71,87.25,88.34,378200,44.82,44.855,43.625,44.17,756400,0.0,1.0
IDXX,2013-04-17 00:00:00+00:00,88.96,89.27,88.14,89.09,495400,44.48,44.635,44.07,44.545,990800,0.0,1.0
IDXX,2013-04-18 00:00:00+00:00,89.32,89.6,88.652,89.01,382200,44.66,44.8,44.326,44.505,764400,0.0,1.0
IDXX,2013-04-19 00:00:00+00:00,90.56,90.64,89.02,89.5,306600,45.28,45.32,44.51,44.75,613200,0.0,1.0
IDXX,2013-04-22 00:00:00+00:00,90.0,90.97,89.55,90.82,534600,45.0,45.485,44.775,45.41,1069200,0.0,1.0
IDXX,2013-04-23 00:00:00+00:00,86.65,88.21,83.05,83.84,3176600,43.325,44.105,41.525,41.92,6353200,0.0,1.0
IDXX,2013-04-24 00:00:00+00:00,84.27,86.6,84.03,86.45,1381600,42.135,43.3,42.015,43.225,2763200,0.0,1.0
IDXX,2013-04-25 00:00:00+00:00,87.03,87.53,84.45,84.58,891100,43.515,43.765,42.225,42.29,1782200,0.0,1.0
IDXX,2013-04-26 00:00:00+00:00,87.93,87.95,86.7001,87.06,503400,43.965,43.975,43.35005,43.53,1006800,0.0,1.0
IDXX,2013-04-29 00:00:00+00:00,88.36,89.07,88.14,88.23,740600,44.18,44.535,44.07,44.115,1481200,0.0,1.0
IDXX,2013-04-30 00:00:00+00:00,87.96,88.95,87.49,88.58,761300,43.98,44.475,43.745,44.29,1522600,0.0,1.0
IDXX,2013-05-01 00:00:00+00:00,85.24,87.98,85.15,87.52,751300,42.62,43.99,42.575,43.76,1502600,0.0,1.0
IDXX,2013-05-02 00:00:00+00:00,84.4,85.76,84.1,85.51,588900,42.2,42.88,42.05,42.755,1177800,0.0,1.0
IDXX,2013-05-03 00:00:00+00:00,85.31,85.49,84.66,85.09,549800,42.655,42.745,42.33,42.545,1099600,0.0,1.0
IDXX,2013-05-06 00:00:00+00:00,85.8,86.0,85.41,85.59,248700,42.9,43.0,42.705,42.795,497400,0.0,1.0
IDXX,2013-05-07 00:00:00+00:00,85.9,86.33,85.585,85.99,287700,42.95,43.165,42.7925,42.995,575400,0.0,1.0
IDXX,2013-05-08 00:00:00+00:00,87.36,87.51,85.74,85.74,255000,43.68,43.755,42.87,42.87,510000,0.0,1.0
IDXX,2013-05-09 00:00:00+00:00,86.82,87.5,86.54,87.0,284000,43.41,43.75,43.27,43.5,568000,0.0,1.0
IDXX,2013-05-10 00:00:00+00:00,87.76,87.94,86.59,86.94,245700,43.88,43.97,43.295,43.47,491400,0.0,1.0
IDXX,2013-05-13 00:00:00+00:00,87.0,88.07,86.96,87.72,201400,43.5,44.035,43.48,43.86,402800,0.0,1.0
IDXX,2013-05-14 00:00:00+00:00,88.77,89.04,87.1325,87.54,315100,44.385,44.52,43.56625,43.77,630200,0.0,1.0
IDXX,2013-05-15 00:00:00+00:00,87.53,88.95,87.21,88.5,462400,43.765,44.475,43.605,44.25,924800,0.0,1.0
IDXX,2013-05-16 00:00:00+00:00,86.6,88.13,86.5,87.58,252500,43.3,44.065,43.25,43.79,505000,0.0,1.0
IDXX,2013-05-17 00:00:00+00:00,86.4,86.94,86.04,86.94,343100,43.2,43.47,43.02,43.47,686200,0.0,1.0
IDXX,2013-05-20 00:00:00+00:00,85.65,86.84,85.5,86.15,281400,42.825,43.42,42.75,43.075,562800,0.0,1.0
IDXX,2013-05-21 00:00:00+00:00,85.56,86.17,85.31,85.65,338200,42.78,43.085,42.655,42.825,676400,0.0,1.0
IDXX,2013-05-22 00:00:00+00:00,83.37,86.25,83.34,85.56,474000,41.685,43.125,41.67,42.78,948000,0.0,1.0
IDXX,2013-05-23 00:00:00+00:00,84.48,84.97,82.4,83.07,596800,42.24,42.485,41.2,41.535,1193600,0.0,1.0
IDXX,2013-05-24 00:00:00+00:00,83.81,84.27,83.49,84.24,251600,41.905,42.135,41.745,42.12,503200,0.0,1.0
IDXX,2013-05-28 00:00:00+00:00,84.47,84.992,84.37,84.45,605800,42.235,42.496,42.185,42.225,1211600,0.0,1.0
IDXX,2013-05-29 00:00:00+00:00,83.7,84.4,83.08,84.0,501900,41.85,42.2,41.54,42.0,1003800,0.0,1.0
IDXX,2013-05-30 00:00:00+00:00,83.21,83.99,81.57,83.99,633200,41.605,41.995,40.785,41.995,1266400,0.0,1.0
IDXX,2013-05-31 00:00:00+00:00,82.44,83.6,82.01,82.96,466400,41.22,41.8,41.005,41.48,932800,0.0,1.0
IDXX,2013-06-03 00:00:00+00:00,82.93,83.4,82.22,82.78,438000,41.465,41.7,41.11,41.39,876000,0.0,1.0
IDXX,2013-06-04 00:00:00+00:00,83.69,84.33,82.96,83.16,522100,41.845,42.165,41.48,41.58,1044200,0.0,1.0
IDXX,2013-06-05 00:00:00+00:00,83.58,84.19,83.39,83.77,327400,41.79,42.095,41.695,41.885,654800,0.0,1.0
IDXX,2013-06-06 00:00:00+00:00,84.05,84.72,83.62,83.71,479900,42.025,42.36,41.81,41.855,959800,0.0,1.0
IDXX,2013-06-07 00:00:00+00:00,83.88,84.66,83.62,84.66,404400,41.94,42.33,41.81,42.33,808800,0.0,1.0
IDXX,2013-06-10 00:00:00+00:00,83.98,84.88,83.5,84.13,372500,41.99,42.44,41.75,42.065,745000,0.0,1.0
IDXX,2013-06-11 00:00:00+00:00,85.06,85.78,83.47,85.77,634100,42.53,42.89,41.735,42.885,1268200,0.0,1.0
IDXX,2013-06-12 00:00:00+00:00,85.93,86.09,84.78,85.63,506900,42.965,43.045,42.39,42.815,1013800,0.0,1.0
IDXX,2013-06-13 00:00:00+00:00,89.36,89.64,85.51,86.03,689000,44.68,44.82,42.755,43.015,1378000,0.0,1.0
IDXX,2013-06-14 00:00:00+00:00,89.28,89.732,89.07,89.5,519600,44.64,44.866,44.535,44.75,1039200,0.0,1.0
IDXX,2013-06-17 00:00:00+00:00,90.88,92.6,90.09,90.09,1105900,45.44,46.3,45.045,45.045,2211800,0.0,1.0
IDXX,2013-06-18 00:00:00+00:00,90.49,91.88,90.13,90.93,525000,45.245,45.94,45.065,45.465,1050000,0.0,1.0
IDXX,2013-06-19 00:00:00+00:00,89.05,90.95,89.02,90.62,712200,44.525,45.475,44.51,45.31,1424400,0.0,1.0
IDXX,2013-06-20 00:00:00+00:00,88.18,88.87,87.79,88.25,549000,44.09,44.435,43.895,44.125,1098000,0.0,1.0
IDXX,2013-06-21 00:00:00+00:00,89.9,91.04,88.24,88.77,778200,44.95,45.52,44.12,44.385,1556400,0.0,1.0
IDXX,2013-06-24 00:00:00+00:00,89.47,90.32,88.41,89.01,424300,44.735,45.16,44.205,44.505,848600,0.0,1.0
IDXX,2013-06-25 00:00:00+00:00,90.26,90.58,88.81,89.94,273900,45.13,45.29,44.405,44.97,547800,0.0,1.0
IDXX,2013-06-26 00:00:00+00:00,90.71,91.23,90.43,91.08,367300,45.355,45.615,45.215,45.54,734600,0.0,1.0
IDXX,2013-06-27 00:00:00+00:00,90.72,91.94,90.72,90.91,206000,45.36,45.97,45.36,45.455,412000,0.0,1.0
IDXX,2013-06-28 00:00:00+00:00,89.69,91.26,89.65,90.72,561000,44.845,45.63,44.825,45.36,1122000,0.0,1.0
IDXX,2013-07-01 00:00:00+00:00,90.73,92.19,89.51,90.44,422100,45.365,46.095,44.755,45.22,844200,0.0,1.0
IDXX,2013-07-02 00:00:00+00:00,89.85,91.58,89.64,90.85,334700,44.925,45.79,44.82,45.425,669400,0.0,1.0
IDXX,2013-07-03 00:00:00+00:00,88.73,89.9,87.99,89.9,467000,44.365,44.95,43.995,44.95,934000,0.0,1.0
IDXX,2013-07-05 00:00:00+00:00,91.06,91.385,89.0,89.47,494100,45.53,45.6925,44.5,44.735,988200,0.0,1.0
IDXX,2013-07-08 00:00:00+00:00,91.1,91.73,90.31,91.04,360900,45.55,45.865,45.155,45.52,721800,0.0,1.0
IDXX,2013-07-09 00:00:00+00:00,92.54,92.85,91.19,91.6,446100,46.27,46.425,45.595,45.8,892200,0.0,1.0
IDXX,2013-07-10 00:00:00+00:00,91.47,92.54,90.96,92.26,479600,45.735,46.27,45.48,46.13,959200,0.0,1.0
IDXX,2013-07-11 00:00:00+00:00,93.26,93.42,91.73,92.66,452700,46.63,46.71,45.865,46.33,905400,0.0,1.0
IDXX,2013-07-12 00:00:00+00:00,93.89,94.0,92.69,93.26,250100,46.945,47.0,46.345,46.63,500200,0.0,1.0
IDXX,2013-07-15 00:00:00+00:00,96.08,96.97,95.6,95.6,642100,48.04,48.485,47.8,47.8,1284200,0.0,1.0
IDXX,2013-07-16 00:00:00+00:00,95.56,96.42,95.39,96.41,227900,47.78,48.21,47.695,48.205,455800,0.0,1.0
IDXX,2013-07-17 00:00:00+00:00,96.05,96.21,95.24,96.0,265400,48.025,48.105,47.62,48.0,530800,0.0,1.0
IDXX,2013-07-18 00:00:00+00:00,95.6,96.48,95.45,95.95,242900,47.8,48.24,47.725,47.975,485800,0.0,1.0
IDXX,2013-07-19 00:00:00+00:00,96.02,96.5,95.2,95.38,245200,48.01,48.25,47.6,47.69,490400,0.0,1.0
IDXX,2013-07-22 00:00:00+00:00,97.42,97.8,95.6,95.79,720500,48.71,48.9,47.8,47.895,1441000,0.0,1.0
IDXX,2013-07-23 00:00:00+00:00,96.37,97.04,91.03,96.0,1590900,48.185,48.52,45.515,48.0,3181800,0.0,1.0
IDXX,2013-07-24 00:00:00+00:00,96.79,98.7,96.52,96.99,494200,48.395,49.35,48.26,48.495,988400,0.0,1.0
IDXX,2013-07-25 00:00:00+00:00,97.37,98.02,96.43,96.43,297700,48.685,49.01,48.215,48.215,595400,0.0,1.0
IDXX,2013-07-26 00:00:00+00:00,96.6,97.4,96.04,97.28,240200,48.3,48.7,48.02,48.64,480400,0.0,1.0
IDXX,2013-07-29 00:00:00+00:00,97.73,97.82,96.02,96.02,227200,48.865,48.91,48.01,48.01,454400,0.0,1.0
IDXX,2013-07-30 00:00:00+00:00,97.85,98.62,97.312,97.75,294800,48.925,49.31,48.656,48.875,589600,0.0,1.0
IDXX,2013-07-31 00:00:00+00:00,97.99,98.9,97.615,98.11,318700,48.995,49.45,48.8075,49.055,637400,0.0,1.0
IDXX,2013-08-01 00:00:00+00:00,99.19,100.37,98.29,98.29,473000,49.595,50.185,49.145,49.145,946000,0.0,1.0
IDXX,2013-08-02 00:00:00+00:00,98.91,99.59,98.41,98.88,224400,49.455,49.795,49.205,49.44,448800,0.0,1.0
IDXX,2013-08-05 00:00:00+00:00,98.65,99.36,98.09,98.69,181100,49.325,49.68,49.045,49.345,362200,0.0,1.0
IDXX,2013-08-06 00:00:00+00:00,97.49,98.86,97.18,98.42,348200,48.745,49.43,48.59,49.21,696400,0.0,1.0
IDXX,2013-08-07 00:00:00+00:00,96.77,97.66,96.73,97.22,212500,48.385,48.83,48.365,48.61,425000,0.0,1.0
IDXX,2013-08-08 00:00:00+00:00,97.0,97.37,96.794,97.0,271500,48.5,48.685,48.397,48.5,543000,0.0,1.0
IDXX,2013-08-09 00:00:00+00:00,96.84,97.31,96.54,97.02,266900,48.42,48.655,48.27,48.51,533800,0.0,1.0
IDXX,2013-08-12 00:00:00+00:00,97.05,97.15,96.31,96.56,228000,48.525,48.575,48.155,48.28,456000,0.0,1.0
IDXX,2013-08-13 00:00:00+00:00,97.0,97.14,96.185,97.0,255000,48.5,48.57,48.0925,48.5,510000,0.0,1.0
IDXX,2013-08-14 00:00:00+00:00,96.53,97.19,96.28,97.11,194600,48.265,48.595,48.14,48.555,389200,0.0,1.0
IDXX,2013-08-15 00:00:00+00:00,95.66,96.16,94.864,95.75,201100,47.83,48.08,47.432,47.875,402200,0.0,1.0
IDXX,2013-08-16 00:00:00+00:00,95.76,96.02,95.05,95.42,162100,47.88,48.01,47.525,47.71,324200,0.0,1.0
IDXX,2013-08-19 00:00:00+00:00,96.0,96.44,95.48,95.48,132800,48.0,48.22,47.74,47.74,265600,0.0,1.0
IDXX,2013-08-20 00:00:00+00:00,96.51,96.93,95.538,96.12,202700,48.255,48.465,47.769,48.06,405400,0.0,1.0
IDXX,2013-08-21 00:00:00+00:00,95.87,96.73,95.81,96.06,192900,47.935,48.365,47.905,48.03,385800,0.0,1.0
IDXX,2013-08-22 00:00:00+00:00,97.14,97.97,96.09,96.31,97700,48.57,48.985,48.045,48.155,195400,0.0,1.0
IDXX,2013-08-23 00:00:00+00:00,97.29,97.73,96.57,97.51,156600,48.645,48.865,48.285,48.755,313200,0.0,1.0
IDXX,2013-08-26 00:00:00+00:00,97.64,98.35,97.19,97.19,125600,48.82,49.175,48.595,48.595,251200,0.0,1.0
IDXX,2013-08-27 00:00:00+00:00,95.54,96.9,94.95,96.82,211200,47.77,48.45,47.475,48.41,422400,0.0,1.0
IDXX,2013-08-28 00:00:00+00:00,95.28,96.26,94.68,95.34,132500,47.64,48.13,47.34,47.67,265000,0.0,1.0
IDXX,2013-08-29 00:00:00+00:00,95.17,95.81,94.5,95.3,157700,47.585,47.905,47.25,47.65,315400,0.0,1.0
IDXX,2013-08-30 00:00:00+00:00,93.82,95.48,93.7,94.85,213600,46.91,47.74,46.85,47.425,427200,0.0,1.0
IDXX,2013-09-03 00:00:00+00:00,93.19,94.9,92.09,94.26,455000,46.595,47.45,46.045,47.13,910000,0.0,1.0
IDXX,2013-09-04 00:00:00+00:00,95.34,95.61,92.84,93.09,322000,47.67,47.805,46.42,46.545,644000,0.0,1.0
IDXX,2013-09-05 00:00:00+00:00,95.25,95.72,94.0,94.0,164200,47.625,47.86,47.0,47.0,328400,0.0,1.0
IDXX,2013-09-06 00:00:00+00:00,95.4,96.25,94.49,95.62,169100,47.7,48.125,47.245,47.81,338200,0.0,1.0
IDXX,2013-09-09 00:00:00+00:00,96.41,96.65,95.365,95.76,201100,48.205,48.325,47.6825,47.88,402200,0.0,1.0
IDXX,2013-09-10 00:00:00+00:00,97.19,97.288,96.49,96.61,223600,48.595,48.644,48.245,48.305,447200,0.0,1.0
IDXX,2013-09-11 00:00:00+00:00,97.23,97.32,96.32,96.8,162700,48.615,48.66,48.16,48.4,325400,0.0,1.0
IDXX,2013-09-12 00:00:00+00:00,96.36,98.0,96.2,97.2,129200,48.18,49.0,48.1,48.6,258400,0.0,1.0
IDXX,2013-09-13 00:00:00+00:00,96.738,97.16,95.85,96.35,225600,48.369,48.58,47.925,48.175,451200,0.0,1.0
IDXX,2013-09-16 00:00:00+00:00,97.04,97.564,96.61,97.09,161200,48.52,48.782,48.305,48.545,322400,0.0,1.0
IDXX,2013-09-17 00:00:00+00:00,98.07,98.34,96.65,97.2,139900,49.035,49.17,48.325,48.6,279800,0.0,1.0
IDXX,2013-09-18 00:00:00+00:00,98.348,98.75,96.81,98.04,156000,49.174,49.375,48.405,49.02,312000,0.0,1.0
IDXX,2013-09-19 00:00:00+00:00,98.08,98.92,97.6305,98.55,116500,49.04,49.46,48.81525,49.275,233000,0.0,1.0
IDXX,2013-09-20 00:00:00+00:00,98.46,98.95,97.61,98.26,483200,49.23,49.475,48.805,49.13,966400,0.0,1.0
IDXX,2013-09-23 00:00:00+00:00,99.19,99.55,97.92,98.05,266400,49.595,49.775,48.96,49.025,532800,0.0,1.0
IDXX,2013-09-24 00:00:00+00:00,98.01,99.44,97.94,99.42,273900,49.005,49.72,48.97,49.71,547800,0.0,1.0
IDXX,2013-09-25 00:00:00+00:00,97.69,98.236,97.46,97.85,256600,48.845,49.118,48.73,48.925,513200,0.0,1.0
IDXX,2013-09-26 00:00:00+00:00,98.26,98.3899,97.645,97.94,128300,49.13,49.19495,48.8225,48.97,256600,0.0,1.0
IDXX,2013-09-27 00:00:00+00:00,98.57,98.8,97.28,97.68,170600,49.285,49.4,48.64,48.84,341200,0.0,1.0
IDXX,2013-09-30 00:00:00+00:00,99.65,100.35,96.79,97.95,498300,49.825,50.175,48.395,48.975,996600,0.0,1.0
IDXX,2013-10-01 00:00:00+00:00,102.74,102.81,99.1325,99.67,683100,51.37,51.405,49.56625,49.835,1366200,0.0,1.0
IDXX,2013-10-02 00:00:00+00:00,102.78,103.508,101.07,101.79,466500,51.39,51.754,50.535,50.895,933000,0.0,1.0
IDXX,2013-10-03 00:00:00+00:00,101.26,102.77,100.45,102.29,272900,50.63,51.385,50.225,51.145,545800,0.0,1.0
IDXX,2013-10-04 00:00:00+00:00,101.99,102.72,101.08,101.08,167200,50.995,51.36,50.54,50.54,334400,0.0,1.0
IDXX,2013-10-07 00:00:00+00:00,101.6,102.27,100.9,101.22,167000,50.8,51.135,50.45,50.61,334000,0.0,1.0
IDXX,2013-10-08 00:00:00+00:00,101.21,102.22,100.97,101.81,272800,50.605,51.11,50.485,50.905,545600,0.0,1.0
IDXX,2013-10-09 00:00:00+00:00,101.35,102.31,101.21,101.81,312000,50.675,51.155,50.605,50.905,624000,0.0,1.0
IDXX,2013-10-10 00:00:00+00:00,103.15,103.21,102.04,102.33,269800,51.575,51.605,51.02,51.165,539600,0.0,1.0
IDXX,2013-10-11 00:00:00+00:00,104.17,104.18,102.61,103.18,184200,52.085,52.09,51.305,51.59,368400,0.0,1.0
IDXX,2013-10-14 00:00:00+00:00,106.18,106.28,103.465,103.72,238200,53.09,53.14,51.7325,51.86,476400,0.0,1.0
IDXX,2013-10-15 00:00:00+00:00,105.18,106.8699,104.92,105.68,294900,52.59,53.43495,52.46,52.84,589800,0.0,1.0
IDXX,2013-10-16 00:00:00+00:00,105.8,106.63,105.14,105.55,245600,52.9,53.315,52.57,52.775,491200,0.0,1.0
IDXX,2013-10-17 00:00:00+00:00,106.24,106.37,105.24,105.24,232600,53.12,53.185,52.62,52.62,465200,0.0,1.0
IDXX,2013-10-18 00:00:00+00:00,106.47,106.79,105.67,106.36,260700,53.235,53.395,52.835,53.18,521400,0.0,1.0
IDXX,2013-10-21 00:00:00+00:00,105.97,106.64,105.68,106.32,592800,52.985,53.32,52.84,53.16,1185600,0.0,1.0
IDXX,2013-10-22 00:00:00+00:00,103.23,106.8,102.08,105.84,731700,51.615,53.4,51.04,52.92,1463400,0.0,1.0
IDXX,2013-10-23 00:00:00+00:00,104.94,105.4,102.35,102.35,364000,52.47,52.7,51.175,51.175,728000,0.0,1.0
IDXX,2013-10-24 00:00:00+00:00,103.95,105.25,103.84,104.71,291700,51.975,52.625,51.92,52.355,583400,0.0,1.0
IDXX,2013-10-25 00:00:00+00:00,104.6,104.92,103.48,103.9,214600,52.3,52.46,51.74,51.95,429200,0.0,1.0
IDXX,2013-10-28 00:00:00+00:00,107.41,107.41,104.06,104.37,420600,53.705,53.705,52.03,52.185,841200,0.0,1.0
IDXX,2013-10-29 00:00:00+00:00,108.3,108.77,106.92,107.54,482200,54.15,54.385,53.46,53.77,964400,0.0,1.0
IDXX,2013-10-30 00:00:00+00:00,107.83,108.78,107.43,108.17,182000,53.915,54.39,53.715,54.085,364000,0.0,1.0
IDXX,2013-10-31 00:00:00+00:00,107.86,108.67,106.91,107.63,265400,53.93,54.335,53.455,53.815,530800,0.0,1.0
IDXX,2013-11-01 00:00:00+00:00,108.2,108.6,106.93,108.0,228900,54.1,54.3,53.465,54.0,457800,0.0,1.0
IDXX,2013-11-04 00:00:00+00:00,108.83,113.11,107.45,113.11,235900,54.415,56.555,53.725,56.555,471800,0.0,1.0
IDXX,2013-11-05 00:00:00+00:00,108.68,109.02,107.202,108.12,249900,54.34,54.51,53.601,54.06,499800,0.0,1.0
IDXX,2013-11-06 00:00:00+00:00,108.64,109.37,107.6269,109.37,115300,54.32,54.685,53.81345,54.685,230600,0.0,1.0
IDXX,2013-11-07 00:00:00+00:00,108.56,109.82,108.41,109.27,278800,54.28,54.91,54.205,54.635,557600,0.0,1.0
IDXX,2013-11-08 00:00:00+00:00,109.61,109.72,108.0515,108.8,155800,54.805,54.86,54.02575,54.4,311600,0.0,1.0
IDXX,2013-11-11 00:00:00+00:00,108.48,109.04,108.205,109.04,157900,54.24,54.52,54.1025,54.52,315800,0.0,1.0
IDXX,2013-11-12 00:00:00+00:00,106.7,108.11,106.57,108.0,421600,53.35,54.055,53.285,54.0,843200,0.0,1.0
IDXX,2013-11-13 00:00:00+00:00,105.92,106.63,105.16,106.63,835300,52.96,53.315,52.58,53.315,1670600,0.0,1.0
IDXX,2013-11-14 00:00:00+00:00,106.45,107.6299,106.0,106.26,440600,53.225,53.81495,53.0,53.13,881200,0.0,1.0
IDXX,2013-11-15 00:00:00+00:00,107.0,108.53,106.61,106.93,604800,53.5,54.265,53.305,53.465,1209600,0.0,1.0
IDXX,2013-11-18 00:00:00+00:00,106.09,107.71,105.77,107.4,248800,53.045,53.855,52.885,53.7,497600,0.0,1.0
IDXX,2013-11-19 00:00:00+00:00,107.07,107.51,105.57,106.03,141000,53.535,53.755,52.785,53.015,282000,0.0,1.0
IDXX,2013-11-20 00:00:00+00:00,107.35,108.18,106.64,106.95,252000,53.675,54.09,53.32,53.475,504000,0.0,1.0
IDXX,2013-11-21 00:00:00+00:00,107.51,108.825,107.0,107.79,225300,53.755,54.4125,53.5,53.895,450600,0.0,1.0
IDXX,2013-11-22 00:00:00+00:00,105.49,108.429,105.47,107.84,451300,52.745,54.2145,52.735,53.92,902600,0.0,1.0
IDXX,2013-11-25 00:00:00+00:00,105.39,106.5899,104.9,106.02,294900,52.695,53.29495,52.45,53.01,589800,0.0,1.0
IDXX,2013-11-26 00:00:00+00:00,104.53,105.61,104.21,105.33,373900,52.265,52.805,52.105,52.665,747800,0.0,1.0
IDXX,2013-11-27 00:00:00+00:00,104.48,105.08,104.05,104.98,278800,52.24,52.54,52.025,52.49,557600,0.0,1.0
IDXX,2013-11-29 00:00:00+00:00,104.16,105.22,103.78,104.84,208100,52.08,52.61,51.89,52.42,416200,0.0,1.0
IDXX,2013-12-02 00:00:00+00:00,105.02,105.48,103.105,103.96,733300,52.51,52.74,51.5525,51.98,1466600,0.0,1.0
IDXX,2013-12-03 00:00:00+00:00,104.96,105.32,104.41,104.57,167100,52.48,52.66,52.205,52.285,334200,0.0,1.0
IDXX,2013-12-04 00:00:00+00:00,104.38,105.22,103.45,104.32,162300,52.19,52.61,51.725,52.16,324600,0.0,1.0
IDXX,2013-12-05 00:00:00+00:00,104.0,104.88,103.26,104.27,153200,52.0,52.44,51.63,52.135,306400,0.0,1.0
IDXX,2013-12-06 00:00:00+00:00,104.0,105.42,103.75,104.67,239200,52.0,52.71,51.875,52.335,478400,0.0,1.0
IDXX,2013-12-09 00:00:00+00:00,104.12,105.64,103.02,104.0,281300,52.06,52.82,51.51,52.0,562600,0.0,1.0
IDXX,2013-12-10 00:00:00+00:00,103.5,104.5,103.02,103.89,354800,51.75,52.25,51.51,51.945,709600,0.0,1.0
IDXX,2013-12-11 00:00:00+00:00,102.15,103.94,101.96,103.75,380300,51.075,51.97,50.98,51.875,760600,0.0,1.0
IDXX,2013-12-12 00:00:00+00:00,101.59,103.23,101.33,102.31,469100,50.795,51.615,50.665,51.155,938200,0.0,1.0
IDXX,2013-12-13 00:00:00+00:00,102.27,102.77,101.41,101.41,376000,51.135,51.385,50.705,50.705,752000,0.0,1.0
IDXX,2013-12-16 00:00:00+00:00,103.43,104.79,102.69,102.92,1025400,51.715,52.395,51.345,51.46,2050800,0.0,1.0
IDXX,2013-12-17 00:00:00+00:00,104.34,104.69,103.056,103.66,1348700,52.17,52.345,51.528,51.83,2697400,0.0,1.0
IDXX,2013-12-18 00:00:00+00:00,104.0,105.31,103.54,104.74,591900,52.0,52.655,51.77,52.37,1183800,0.0,1.0
IDXX,2013-12-19 00:00:00+00:00,103.81,104.77,102.7,103.43,773200,51.905,52.385,51.35,51.715,1546400,0.0,1.0
IDXX,2013-12-20 00:00:00+00:00,105.21,106.135,103.82,103.82,1103400,52.605,53.0675,51.91,51.91,2206800,0.0,1.0
IDXX,2013-12-23 00:00:00+00:00,105.34,105.75,104.27,105.75,211600,52.67,52.875,52.135,52.875,423200,0.0,1.0
IDXX,2013-12-24 00:00:00+00:00,106.0,106.436,104.2,105.19,87400,53.0,53.218,52.1,52.595,174800,0.0,1.0
IDXX,2013-12-26 00:00:00+00:00,105.72,106.51,105.66,106.16,205800,52.86,53.255,52.83,53.08,411600,0.0,1.0
IDXX,2013-12-27 00:00:00+00:00,106.77,107.06,105.71,106.02,205500,53.385,53.53,52.855,53.01,411000,0.0,1.0
IDXX,2013-12-30 00:00:00+00:00,106.69,106.95,105.6,106.56,189200,53.345,53.475,52.8,53.28,378400,0.0,1.0
IDXX,2013-12-31 00:00:00+00:00,106.37,107.18,105.56,107.18,369900,53.185,53.59,52.78,53.59,739800,0.0,1.0
IDXX,2014-01-02 00:00:00+00:00,105.03,107.47,104.6352,105.99,427600,52.515,53.735,52.3176,52.995,855200,0.0,1.0
IDXX,2014-01-03 00:00:00+00:00,106.29,106.56,105.06,105.59,291900,53.145,53.28,52.53,52.795,583800,0.0,1.0
IDXX,2014-01-06 00:00:00+00:00,105.32,106.9299,105.01,106.6,347800,52.66,53.46495,52.505,53.3,695600,0.0,1.0
IDXX,2014-01-07 00:00:00+00:00,107.86,107.9,105.05,105.67,252200,53.93,53.95,52.525,52.835,504400,0.0,1.0
IDXX,2014-01-08 00:00:00+00:00,108.31,108.9,107.151,107.96,250400,54.155,54.45,53.5755,53.98,500800,0.0,1.0
IDXX,2014-01-09 00:00:00+00:00,108.98,109.09,107.47,108.35,164700,54.49,54.545,53.735,54.175,329400,0.0,1.0
IDXX,2014-01-10 00:00:00+00:00,109.05,109.99,108.23,109.0,232400,54.525,54.995,54.115,54.5,464800,0.0,1.0
IDXX,2014-01-13 00:00:00+00:00,108.38,109.5,107.75,108.52,204300,54.19,54.75,53.875,54.26,408600,0.0,1.0
IDXX,2014-01-14 00:00:00+00:00,110.01,110.58,108.01,108.88,234000,55.005,55.29,54.005,54.44,468000,0.0,1.0
IDXX,2014-01-15 00:00:00+00:00,112.11,112.56,109.99,109.99,409800,56.055,56.28,54.995,54.995,819600,0.0,1.0
IDXX,2014-01-16 00:00:00+00:00,112.51,112.75,111.37,112.01,288900,56.255,56.375,55.685,56.005,577800,0.0,1.0
IDXX,2014-01-17 00:00:00+00:00,113.58,113.72,111.94,112.22,324900,56.79,56.86,55.97,56.11,649800,0.0,1.0
IDXX,2014-01-21 00:00:00+00:00,114.18,115.0,113.345,113.83,421200,57.09,57.5,56.6725,56.915,842400,0.0,1.0
IDXX,2014-01-22 00:00:00+00:00,114.58,114.98,113.62,114.34,272100,57.29,57.49,56.81,57.17,544200,0.0,1.0
IDXX,2014-01-23 00:00:00+00:00,114.6,114.93,113.61,113.96,264200,57.3,57.465,56.805,56.98,528400,0.0,1.0
IDXX,2014-01-24 00:00:00+00:00,113.28,114.36,111.7001,114.36,303500,56.64,57.18,55.85005,57.18,607000,0.0,1.0
IDXX,2014-01-27 00:00:00+00:00,112.91,114.69,112.43,113.43,275900,56.455,57.345,56.215,56.715,551800,0.0,1.0
IDXX,2014-01-28 00:00:00+00:00,113.11,113.61,112.77,113.23,342400,56.555,56.805,56.385,56.615,684800,0.0,1.0
IDXX,2014-01-29 00:00:00+00:00,113.45,113.88,112.07,112.07,214400,56.725,56.94,56.035,56.035,428800,0.0,1.0
IDXX,2014-01-30 00:00:00+00:00,113.756,114.15,111.32,112.31,438600,56.878,57.075,55.66,56.155,877200,0.0,1.0
IDXX,2014-01-31 00:00:00+00:00,114.26,114.39,110.95,112.27,670100,57.13,57.195,55.475,56.135,1340200,0.0,1.0
IDXX,2014-02-03 00:00:00+00:00,109.09,113.69,108.58,113.69,784300,54.545,56.845,54.29,56.845,1568600,0.0,1.0
IDXX,2014-02-04 00:00:00+00:00,115.1,116.88,110.85,115.0,852300,57.55,58.44,55.425,57.5,1704600,0.0,1.0
IDXX,2014-02-05 00:00:00+00:00,116.23,116.47,113.03,114.5,507300,58.115,58.235,56.515,57.25,1014600,0.0,1.0
IDXX,2014-02-06 00:00:00+00:00,117.05,117.8,115.39,116.8,430400,58.525,58.9,57.695,58.4,860800,0.0,1.0
IDXX,2014-02-07 00:00:00+00:00,118.89,119.125,116.85,117.8,332200,59.445,59.5625,58.425,58.9,664400,0.0,1.0
IDXX,2014-02-10 00:00:00+00:00,120.88,120.98,118.75,119.11,484200,60.44,60.49,59.375,59.555,968400,0.0,1.0
IDXX,2014-02-11 00:00:00+00:00,122.28,123.07,119.83,120.75,342100,61.14,61.535,59.915,60.375,684200,0.0,1.0
IDXX,2014-02-12 00:00:00+00:00,122.68,123.8597,120.6124,122.04,299600,61.34,61.92985,60.3062,61.02,599200,0.0,1.0
IDXX,2014-02-13 00:00:00+00:00,124.07,124.229,119.08,121.79,205300,62.035,62.1145,59.54,60.895,410600,0.0,1.0
IDXX,2014-02-14 00:00:00+00:00,124.0,124.3,122.51,123.48,310300,62.0,62.15,61.255,61.74,620600,0.0,1.0
IDXX,2014-02-18 00:00:00+00:00,125.6,125.7,123.44,124.0,315400,62.8,62.85,61.72,62.0,630800,0.0,1.0
IDXX,2014-02-19 00:00:00+00:00,125.09,125.79,124.06,124.65,180000,62.545,62.895,62.03,62.325,360000,0.0,1.0
IDXX,2014-02-20 00:00:00+00:00,126.33,126.83,124.22,125.22,261400,63.165,63.415,62.11,62.61,522800,0.0,1.0
IDXX,2014-02-21 00:00:00+00:00,124.64,126.425,124.38,126.22,306500,62.32,63.2125,62.19,63.11,613000,0.0,1.0
IDXX,2014-02-24 00:00:00+00:00,125.44,126.189,124.65,125.31,195100,62.72,63.0945,62.325,62.655,390200,0.0,1.0
IDXX,2014-02-25 00:00:00+00:00,125.54,126.36,125.0816,125.71,258600,62.77,63.18,62.5408,62.855,517200,0.0,1.0
IDXX,2014-02-26 00:00:00+00:00,126.13,126.72,125.64,126.0,192100,63.065,63.36,62.82,63.0,384200,0.0,1.0
IDXX,2014-02-27 00:00:00+00:00,126.35,126.85,124.93,126.2,244500,63.175,63.425,62.465,63.1,489000,0.0,1.0
IDXX,2014-02-28 00:00:00+00:00,125.9,126.99,125.08,126.12,265600,62.95,63.495,62.54,63.06,531200,0.0,1.0
IDXX,2014-03-03 00:00:00+00:00,124.58,125.56,124.07,124.69,264800,62.29,62.78,62.035,62.345,529600,0.0,1.0
IDXX,2014-03-04 00:00:00+00:00,126.09,126.82,125.3212,126.05,328000,63.045,63.41,62.6606,63.025,656000,0.0,1.0
IDXX,2014-03-05 00:00:00+00:00,126.0,126.7577,125.23,126.43,199600,63.0,63.37885,62.615,63.215,399200,0.0,1.0
IDXX,2014-03-06 00:00:00+00:00,126.67,127.45,125.772,126.38,351800,63.335,63.725,62.886,63.19,703600,0.0,1.0
IDXX,2014-03-07 00:00:00+00:00,126.73,127.38,126.0,127.06,210000,63.365,63.69,63.0,63.53,420000,0.0,1.0
IDXX,2014-03-10 00:00:00+00:00,127.55,128.25,126.16,126.16,245500,63.775,64.125,63.08,63.08,491000,0.0,1.0
IDXX,2014-03-11 00:00:00+00:00,127.59,129.27,127.44,128.02,203300,63.795,64.635,63.72,64.01,406600,0.0,1.0
IDXX,2014-03-12 00:00:00+00:00,128.26,128.47,126.22,126.81,248500,64.13,64.235,63.11,63.405,497000,0.0,1.0
IDXX,2014-03-13 00:00:00+00:00,126.09,128.56,126.03,128.56,217600,63.045,64.28,63.015,64.28,435200,0.0,1.0
IDXX,2014-03-14 00:00:00+00:00,127.91,128.05,125.59,125.59,288400,63.955,64.025,62.795,62.795,576800,0.0,1.0
IDXX,2014-03-17 00:00:00+00:00,123.68,129.17,123.64,127.99,627500,61.84,64.585,61.82,63.995,1255000,0.0,1.0
IDXX,2014-03-18 00:00:00+00:00,124.94,125.62,123.14,124.09,279800,62.47,62.81,61.57,62.045,559600,0.0,1.0
IDXX,2014-03-19 00:00:00+00:00,123.74,124.71,122.96,124.71,311300,61.87,62.355,61.48,62.355,622600,0.0,1.0
IDXX,2014-03-20 00:00:00+00:00,123.54,124.15,122.87,123.89,263100,61.77,62.075,61.435,61.945,526200,0.0,1.0
IDXX,2014-03-21 00:00:00+00:00,121.75,124.822,121.49,123.99,542300,60.875,62.411,60.745,61.995,1084600,0.0,1.0
IDXX,2014-03-24 00:00:00+00:00,121.73,122.38,120.05,122.32,415200,60.865,61.19,60.025,61.16,830400,0.0,1.0
IDXX,2014-03-25 00:00:00+00:00,122.18,123.45,121.63,121.95,305400,61.09,61.725,60.815,60.975,610800,0.0,1.0
IDXX,2014-03-26 00:00:00+00:00,121.55,123.1,121.5,122.98,202000,60.775,61.55,60.75,61.49,404000,0.0,1.0
IDXX,2014-03-27 00:00:00+00:00,121.55,122.52,120.19,121.68,212000,60.775,61.26,60.095,60.84,424000,0.0,1.0
IDXX,2014-03-28 00:00:00+00:00,121.59,122.72,120.96,122.09,145300,60.795,61.36,60.48,61.045,290600,0.0,1.0
IDXX,2014-03-31 00:00:00+00:00,121.4,122.35,121.27,121.94,524100,60.7,61.175,60.635,60.97,1048200,0.0,1.0
IDXX,2014-04-01 00:00:00+00:00,121.65,122.0,120.81,122.0,439300,60.825,61.0,60.405,61.0,878600,0.0,1.0
IDXX,2014-04-02 00:00:00+00:00,122.32,122.36,121.2,122.0,342400,61.16,61.18,60.6,61.0,684800,0.0,1.0
IDXX,2014-04-03 00:00:00+00:00,124.2,124.65,121.3101,122.49,851500,62.1,62.325,60.65505,61.245,1703000,0.0,1.0
IDXX,2014-04-04 00:00:00+00:00,121.95,125.2,121.78,124.99,229600,60.975,62.6,60.89,62.495,459200,0.0,1.0
IDXX,2014-04-07 00:00:00+00:00,120.02,122.73,119.58,121.44,408900,60.01,61.365,59.79,60.72,817800,0.0,1.0
IDXX,2014-04-08 00:00:00+00:00,120.97,121.2,118.92,120.21,328100,60.485,60.6,59.46,60.105,656200,0.0,1.0
IDXX,2014-04-09 00:00:00+00:00,122.54,122.63,120.67,121.48,240700,61.27,61.315,60.335,60.74,481400,0.0,1.0
IDXX,2014-04-10 00:00:00+00:00,119.64,123.83,119.175,122.51,174000,59.82,61.915,59.5875,61.255,348000,0.0,1.0
IDXX,2014-04-11 00:00:00+00:00,117.5,120.17,117.38,118.83,200900,58.75,60.085,58.69,59.415,401800,0.0,1.0
IDXX,2014-04-14 00:00:00+00:00,118.39,119.54,116.11,118.87,234000,59.195,59.77,58.055,59.435,468000,0.0,1.0
IDXX,2014-04-15 00:00:00+00:00,118.14,119.255,115.84,118.63,170500,59.07,59.6275,57.92,59.315,341000,0.0,1.0
IDXX,2014-04-16 00:00:00+00:00,118.24,119.52,117.89,118.72,219900,59.12,59.76,58.945,59.36,439800,0.0,1.0
IDXX,2014-04-17 00:00:00+00:00,117.94,119.73,117.86,118.42,151700,58.97,59.865,58.93,59.21,303400,0.0,1.0
IDXX,2014-04-21 00:00:00+00:00,118.33,119.16,118.03,118.3,282600,59.165,59.58,59.015,59.15,565200,0.0,1.0
IDXX,2014-04-22 00:00:00+00:00,118.75,119.48,117.15,118.35,249300,59.375,59.74,58.575,59.175,498600,0.0,1.0
IDXX,2014-04-23 00:00:00+00:00,119.88,119.9,117.73,118.76,203200,59.94,59.95,58.865,59.38,406400,0.0,1.0
IDXX,2014-04-24 00:00:00+00:00,120.65,121.15,118.62,120.55,312400,60.325,60.575,59.31,60.275,624800,0.0,1.0
IDXX,2014-04-25 00:00:00+00:00,123.75,125.332,120.01,122.2,466000,61.875,62.666,60.005,61.1,932000,0.0,1.0
IDXX,2014-04-28 00:00:00+00:00,124.09,125.469,122.24,124.35,214400,62.045,62.7345,61.12,62.175,428800,0.0,1.0
IDXX,2014-04-29 00:00:00+00:00,126.51,126.73,124.21,124.21,401400,63.255,63.365,62.105,62.105,802800,0.0,1.0
IDXX,2014-04-30 00:00:00+00:00,126.44,126.83,125.76,126.05,287500,63.22,63.415,62.88,63.025,575000,0.0,1.0
IDXX,2014-05-01 00:00:00+00:00,127.72,128.2,125.67,126.45,302900,63.86,64.1,62.835,63.225,605800,0.0,1.0
IDXX,2014-05-02 00:00:00+00:00,128.38,128.83,127.0944,127.59,253600,64.19,64.415,63.5472,63.795,507200,0.0,1.0
IDXX,2014-05-05 00:00:00+00:00,129.88,129.98,127.03,128.81,351500,64.94,64.99,63.515,64.405,703000,0.0,1.0
IDXX,2014-05-06 00:00:00+00:00,129.93,130.15,128.27,129.4,348600,64.965,65.075,64.135,64.7,697200,0.0,1.0
IDXX,2014-05-07 00:00:00+00:00,129.38,131.0,127.691,130.22,483300,64.69,65.5,63.8455,65.11,966600,0.0,1.0
IDXX,2014-05-08 00:00:00+00:00,130.85,131.92,128.9525,129.61,336700,65.425,65.96,64.47625,64.805,673400,0.0,1.0
IDXX,2014-05-09 00:00:00+00:00,131.3,131.44,129.66,130.55,261900,65.65,65.72,64.83,65.275,523800,0.0,1.0
IDXX,2014-05-12 00:00:00+00:00,132.46,133.4,131.94,132.21,201200,66.23,66.7,65.97,66.105,402400,0.0,1.0
IDXX,2014-05-13 00:00:00+00:00,128.88,132.31,128.38,132.31,423100,64.44,66.155,64.19,66.155,846200,0.0,1.0
IDXX,2014-05-14 00:00:00+00:00,127.98,128.79,127.59,128.41,337400,63.99,64.395,63.795,64.205,674800,0.0,1.0
IDXX,2014-05-15 00:00:00+00:00,126.79,128.9399,126.04,127.77,247600,63.395,64.46995,63.02,63.885,495200,0.0,1.0
IDXX,2014-05-16 00:00:00+00:00,127.09,127.46,126.13,127.0,257100,63.545,63.73,63.065,63.5,514200,0.0,1.0
IDXX,2014-05-19 00:00:00+00:00,127.71,128.57,125.963,126.73,237900,63.855,64.285,62.9815,63.365,475800,0.0,1.0
IDXX,2014-05-20 00:00:00+00:00,127.56,128.48,126.2003,127.44,179400,63.78,64.24,63.10015,63.72,358800,0.0,1.0
IDXX,2014-05-21 00:00:00+00:00,127.64,128.54,126.7701,127.76,184800,63.82,64.27,63.38505,63.88,369600,0.0,1.0
IDXX,2014-05-22 00:00:00+00:00,128.24,129.07,127.57,127.63,139500,64.12,64.535,63.785,63.815,279000,0.0,1.0
IDXX,2014-05-23 00:00:00+00:00,128.59,128.98,127.5,128.22,198100,64.295,64.49,63.75,64.11,396200,0.0,1.0
IDXX,2014-05-27 00:00:00+00:00,129.2,130.075,128.38,128.69,161500,64.6,65.0375,64.19,64.345,323000,0.0,1.0
IDXX,2014-05-28 00:00:00+00:00,127.55,129.0,127.0,128.96,290300,63.775,64.5,63.5,64.48,580600,0.0,1.0
IDXX,2014-05-29 00:00:00+00:00,128.1,128.1,126.71,128.03,176300,64.05,64.05,63.355,64.015,352600,0.0,1.0
IDXX,2014-05-30 00:00:00+00:00,128.48,128.95,127.85,128.38,315200,64.24,64.475,63.925,64.19,630400,0.0,1.0
IDXX,2014-06-02 00:00:00+00:00,129.17,129.47,127.52,128.5,153100,64.585,64.735,63.76,64.25,306200,0.0,1.0
IDXX,2014-06-03 00:00:00+00:00,129.83,130.23,128.53,128.77,186900,64.915,65.115,64.265,64.385,373800,0.0,1.0
IDXX,2014-06-04 00:00:00+00:00,130.77,131.04,129.05,129.51,143300,65.385,65.52,64.525,64.755,286600,0.0,1.0
IDXX,2014-06-05 00:00:00+00:00,130.97,131.93,130.33,131.21,139400,65.485,65.965,65.165,65.605,278800,0.0,1.0
IDXX,2014-06-06 00:00:00+00:00,131.35,132.08,130.42,131.0,145300,65.675,66.04,65.21,65.5,290600,0.0,1.0
IDXX,2014-06-09 00:00:00+00:00,130.79,131.25,130.34,131.25,134100,65.395,65.625,65.17,65.625,268200,0.0,1.0
IDXX,2014-06-10 00:00:00+00:00,130.68,130.92,129.31,130.39,160500,65.34,65.46,64.655,65.195,321000,0.0,1.0
IDXX,2014-06-11 00:00:00+00:00,131.94,132.83,130.18,130.36,244100,65.97,66.415,65.09,65.18,488200,0.0,1.0
IDXX,2014-06-12 00:00:00+00:00,131.02,132.27,130.93,132.04,217200,65.51,66.135,65.465,66.02,434400,0.0,1.0
IDXX,2014-06-13 00:00:00+00:00,130.98,131.76,130.162,131.03,121600,65.49,65.88,65.081,65.515,243200,0.0,1.0
IDXX,2014-06-16 00:00:00+00:00,130.29,131.66,129.84,130.51,215900,65.145,65.83,64.92,65.255,431800,0.0,1.0
IDXX,2014-06-17 00:00:00+00:00,130.72,132.3,129.53,130.44,239100,65.36,66.15,64.765,65.22,478200,0.0,1.0
IDXX,2014-06-18 00:00:00+00:00,131.35,132.18,130.57,130.73,156600,65.675,66.09,65.285,65.365,313200,0.0,1.0
IDXX,2014-06-19 00:00:00+00:00,130.7,131.7,130.39,131.7,215300,65.35,65.85,65.195,65.85,430600,0.0,1.0
IDXX,2014-06-20 00:00:00+00:00,131.94,132.07,130.63,130.66,457800,65.97,66.035,65.315,65.33,915600,0.0,1.0
IDXX,2014-06-23 00:00:00+00:00,132.62,133.27,130.81,131.68,204200,66.31,66.635,65.405,65.84,408400,0.0,1.0
IDXX,2014-06-24 00:00:00+00:00,134.38,136.13,134.16,134.16,407800,67.19,68.065,67.08,67.08,815600,0.0,1.0
IDXX,2014-06-25 00:00:00+00:00,134.88,135.97,134.5305,134.93,194900,67.44,67.985,67.26525,67.465,389800,0.0,1.0
IDXX,2014-06-26 00:00:00+00:00,134.17,135.745,133.36,134.45,199500,67.085,67.8725,66.68,67.225,399000,0.0,1.0
IDXX,2014-06-27 00:00:00+00:00,133.71,134.38,132.96,133.62,273500,66.855,67.19,66.48,66.81,547000,0.0,1.0
IDXX,2014-06-30 00:00:00+00:00,133.57,134.42,132.26,133.78,250600,66.785,67.21,66.13,66.89,501200,0.0,1.0
IDXX,2014-07-01 00:00:00+00:00,136.71,137.015,132.72,133.57,410800,68.355,68.5075,66.36,66.785,821600,0.0,1.0
IDXX,2014-07-02 00:00:00+00:00,135.51,137.6825,135.19,136.51,164900,67.755,68.84125,67.595,68.255,329800,0.0,1.0
IDXX,2014-07-03 00:00:00+00:00,136.41,136.72,135.36,135.76,120200,68.205,68.36,67.68,67.88,240400,0.0,1.0
IDXX,2014-07-07 00:00:00+00:00,135.01,136.305,134.82,136.13,157600,67.505,68.1525,67.41,68.065,315200,0.0,1.0
IDXX,2014-07-08 00:00:00+00:00,133.97,135.095,133.43,134.68,209900,66.985,67.5475,66.715,67.34,419800,0.0,1.0
IDXX,2014-07-09 00:00:00+00:00,134.3,135.02,132.99,134.53,163600,67.15,67.51,66.495,67.265,327200,0.0,1.0
IDXX,2014-07-10 00:00:00+00:00,133.39,133.9,131.74,132.8,192200,66.695,66.95,65.87,66.4,384400,0.0,1.0
IDXX,2014-07-11 00:00:00+00:00,133.61,134.22,132.58,133.74,134100,66.805,67.11,66.29,66.87,268200,0.0,1.0
IDXX,2014-07-14 00:00:00+00:00,135.29,135.56,133.64,134.56,261800,67.645,67.78,66.82,67.28,523600,0.0,1.0
IDXX,2014-07-15 00:00:00+00:00,132.81,135.43,132.72,135.0,232700,66.405,67.715,66.36,67.5,465400,0.0,1.0
IDXX,2014-07-16 00:00:00+00:00,131.43,134.0,130.38,133.0,437200,65.715,67.0,65.19,66.5,874400,0.0,1.0
IDXX,2014-07-17 00:00:00+00:00,130.2,131.48,129.96,130.76,245100,65.1,65.74,64.98,65.38,490200,0.0,1.0
IDXX,2014-07-18 00:00:00+00:00,131.25,133.15,129.4501,130.25,470200,65.625,66.575,64.72505,65.125,940400,0.0,1.0
IDXX,2014-07-21 00:00:00+00:00,129.96,131.15,129.69,131.15,356400,64.98,65.575,64.845,65.575,712800,0.0,1.0
IDXX,2014-07-22 00:00:00+00:00,131.55,132.69,130.685,130.85,445700,65.775,66.345,65.3425,65.425,891400,0.0,1.0
IDXX,2014-07-23 00:00:00+00:00,133.51,133.81,131.88,131.88,436700,66.755,66.905,65.94,65.94,873400,0.0,1.0
IDXX,2014-07-24 00:00:00+00:00,133.05,134.32,132.57,134.09,577400,66.525,67.16,66.285,67.045,1154800,0.0,1.0
IDXX,2014-07-25 00:00:00+00:00,129.06,140.0,128.18,140.0,1435700,64.53,70.0,64.09,70.0,2871400,0.0,1.0
IDXX,2014-07-28 00:00:00+00:00,129.4,130.77,128.85,129.82,490900,64.7,65.385,64.425,64.91,981800,0.0,1.0
IDXX,2014-07-29 00:00:00+00:00,128.27,129.7,128.26,129.09,372300,64.135,64.85,64.13,64.545,744600,0.0,1.0
IDXX,2014-07-30 00:00:00+00:00,126.71,129.99,125.58,129.15,588100,63.355,64.995,62.79,64.575,1176200,0.0,1.0
IDXX,2014-07-31 00:00:00+00:00,124.48,126.505,124.44,126.14,421100,62.24,63.2525,62.22,63.07,842200,0.0,1.0
IDXX,2014-08-01 00:00:00+00:00,124.67,125.48,123.66,124.43,689100,62.335,62.74,61.83,62.215,1378200,0.0,1.0
IDXX,2014-08-04 00:00:00+00:00,126.32,126.632,124.295,125.19,351700,63.16,63.316,62.1475,62.595,703400,0.0,1.0
IDXX,2014-08-05 00:00:00+00:00,125.76,126.663,125.19,125.59,485400,62.88,63.3315,62.595,62.795,970800,0.0,1.0
IDXX,2014-08-06 00:00:00+00:00,126.21,126.93,125.38,125.47,316300,63.105,63.465,62.69,62.735,632600,0.0,1.0
IDXX,2014-08-07 00:00:00+00:00,126.27,127.44,125.94,126.55,393400,63.135,63.72,62.97,63.275,786800,0.0,1.0
IDXX,2014-08-08 00:00:00+00:00,127.88,127.95,126.33,126.58,291900,63.94,63.975,63.165,63.29,583800,0.0,1.0
IDXX,2014-08-11 00:00:00+00:00,125.9,129.091,125.72,128.87,465700,62.95,64.5455,62.86,64.435,931400,0.0,1.0
IDXX,2014-08-12 00:00:00+00:00,126.65,126.84,125.41,125.9,403700,63.325,63.42,62.705,62.95,807400,0.0,1.0
IDXX,2014-08-13 00:00:00+00:00,127.585,128.135,126.62,126.84,274700,63.7925,64.0675,63.31,63.42,549400,0.0,1.0
IDXX,2014-08-14 00:00:00+00:00,127.3,128.662,126.4,127.95,327200,63.65,64.331,63.2,63.975,654400,0.0,1.0
IDXX,2014-08-15 00:00:00+00:00,126.34,128.13,125.58,127.92,244100,63.17,64.065,62.79,63.96,488200,0.0,1.0
IDXX,2014-08-18 00:00:00+00:00,127.37,127.816,126.37,127.25,297600,63.685,63.908,63.185,63.625,595200,0.0,1.0
IDXX,2014-08-19 00:00:00+00:00,128.78,128.8,126.72,127.68,254300,64.39,64.4,63.36,63.84,508600,0.0,1.0
IDXX,2014-08-20 00:00:00+00:00,124.84,127.07,124.17,126.9,1106600,62.42,63.535,62.085,63.45,2213200,0.0,1.0
IDXX,2014-08-21 00:00:00+00:00,122.39,124.99,122.08,124.76,702300,61.195,62.495,61.04,62.38,1404600,0.0,1.0
IDXX,2014-08-22 00:00:00+00:00,123.1,123.647,121.54,122.15,425500,61.55,61.8235,60.77,61.075,851000,0.0,1.0
IDXX,2014-08-25 00:00:00+00:00,124.51,125.075,123.35,123.92,362800,62.255,62.5375,61.675,61.96,725600,0.0,1.0
IDXX,2014-08-26 00:00:00+00:00,124.87,125.12,124.035,124.45,285000,62.435,62.56,62.0175,62.225,570000,0.0,1.0
IDXX,2014-08-27 00:00:00+00:00,124.0,125.4399,123.92,124.76,218000,62.0,62.71995,61.96,62.38,436000,0.0,1.0
IDXX,2014-08-28 00:00:00+00:00,123.71,123.94,123.15,123.84,213900,61.855,61.97,61.575,61.92,427800,0.0,1.0
IDXX,2014-08-29 00:00:00+00:00,123.97,124.12,122.84,124.0,336700,61.985,62.06,61.42,62.0,673400,0.0,1.0
IDXX,2014-09-02 00:00:00+00:00,124.02,125.1,123.37,124.3,356400,62.01,62.55,61.685,62.15,712800,0.0,1.0
IDXX,2014-09-03 00:00:00+00:00,126.72,127.76,125.0,125.0,670500,63.36,63.88,62.5,62.5,1341000,0.0,1.0
IDXX,2014-09-04 00:00:00+00:00,126.51,127.62,125.85,126.57,494200,63.255,63.81,62.925,63.285,988400,0.0,1.0
IDXX,2014-09-05 00:00:00+00:00,125.57,126.51,124.93,126.44,209900,62.785,63.255,62.465,63.22,419800,0.0,1.0
IDXX,2014-09-08 00:00:00+00:00,124.93,126.24,123.75,125.61,408000,62.465,63.12,61.875,62.805,816000,0.0,1.0
IDXX,2014-09-09 00:00:00+00:00,124.89,125.92,124.52,124.52,380300,62.445,62.96,62.26,62.26,760600,0.0,1.0
IDXX,2014-09-10 00:00:00+00:00,124.65,125.2837,124.17,124.67,366200,62.325,62.64185,62.085,62.335,732400,0.0,1.0
IDXX,2014-09-11 00:00:00+00:00,124.12,125.18,123.94,124.24,329100,62.06,62.59,61.97,62.12,658200,0.0,1.0
IDXX,2014-09-12 00:00:00+00:00,123.68,125.2749,123.61,123.85,383800,61.84,62.63745,61.805,61.925,767600,0.0,1.0
IDXX,2014-09-15 00:00:00+00:00,121.78,123.6682,120.69,122.9,405700,60.89,61.8341,60.345,61.45,811400,0.0,1.0
IDXX,2014-09-16 00:00:00+00:00,122.71,122.92,121.03,121.43,311600,61.355,61.46,60.515,60.715,623200,0.0,1.0
IDXX,2014-09-17 00:00:00+00:00,120.9,122.912,120.71,122.34,408200,60.45,61.456,60.355,61.17,816400,0.0,1.0
IDXX,2014-09-18 00:00:00+00:00,119.79,121.27,119.68,121.27,591200,59.895,60.635,59.84,60.635,1182400,0.0,1.0
IDXX,2014-09-19 00:00:00+00:00,116.78,121.12,116.475,119.77,1373600,58.39,60.56,58.2375,59.885,2747200,0.0,1.0
IDXX,2014-09-22 00:00:00+00:00,114.67,116.54,114.52,116.54,936900,57.335,58.27,57.26,58.27,1873800,0.0,1.0
IDXX,2014-09-23 00:00:00+00:00,115.25,116.1058,113.49,113.99,900300,57.625,58.0529,56.745,56.995,1800600,0.0,1.0
IDXX,2014-09-24 00:00:00+00:00,118.71,119.04,115.405,115.53,746994,59.355,59.52,57.7025,57.765,1493988,0.0,1.0
IDXX,2014-09-25 00:00:00+00:00,117.31,119.83,117.31,118.63,631669,58.655,59.915,58.655,59.315,1263338,0.0,1.0
IDXX,2014-09-26 00:00:00+00:00,117.76,118.37,117.04,117.31,449891,58.88,59.185,58.52,58.655,899782,0.0,1.0
IDXX,2014-09-29 00:00:00+00:00,119.52,119.77,116.59,116.66,437556,59.76,59.885,58.295,58.33,875112,0.0,1.0
IDXX,2014-09-30 00:00:00+00:00,117.83,119.77,117.79,119.52,712727,58.915,59.885,58.895,59.76,1425454,0.0,1.0
IDXX,2014-10-01 00:00:00+00:00,120.96,122.1,116.01,117.39,1360463,60.48,61.05,58.005,58.695,2720926,0.0,1.0
IDXX,2014-10-02 00:00:00+00:00,121.56,121.9,120.36,120.62,688621,60.78,60.95,60.18,60.31,1377242,0.0,1.0
IDXX,2014-10-03 00:00:00+00:00,121.95,122.61,120.49,122.61,1036379,60.975,61.305,60.245,61.305,2072758,0.0,1.0
IDXX,2014-10-06 00:00:00+00:00,122.05,123.32,121.7,122.29,419993,61.025,61.66,60.85,61.145,839986,0.0,1.0
IDXX,2014-10-07 00:00:00+00:00,121.5,122.69,121.11,121.82,459827,60.75,61.345,60.555,60.91,919654,0.0,1.0
IDXX,2014-10-08 00:00:00+00:00,122.98,123.19,120.43,121.39,380328,61.49,61.595,60.215,60.695,760656,0.0,1.0
IDXX,2014-10-09 00:00:00+00:00,120.84,123.15,120.49,122.69,669647,60.42,61.575,60.245,61.345,1339294,0.0,1.0
IDXX,2014-10-10 00:00:00+00:00,119.99,122.17,119.96,120.94,611507,59.995,61.085,59.98,60.47,1223014,0.0,1.0
IDXX,2014-10-13 00:00:00+00:00,118.455,120.72,118.32,120.2,454005,59.2275,60.36,59.16,60.1,908010,0.0,1.0
IDXX,2014-10-14 00:00:00+00:00,117.81,119.39,117.3673,118.75,331687,58.905,59.695,58.68365,59.375,663374,0.0,1.0
IDXX,2014-10-15 00:00:00+00:00,117.67,118.47,115.12,116.33,444020,58.835,59.235,57.56,58.165,888040,0.0,1.0
IDXX,2014-10-16 00:00:00+00:00,118.19,118.6,115.826,115.98,553412,59.095,59.3,57.913,57.99,1106824,0.0,1.0
IDXX,2014-10-17 00:00:00+00:00,119.35,119.99,118.102,119.0,372902,59.675,59.995,59.051,59.5,745804,0.0,1.0
IDXX,2014-10-20 00:00:00+00:00,120.58,120.6,118.19,118.85,422200,60.29,60.3,59.095,59.425,844400,0.0,1.0
IDXX,2014-10-21 00:00:00+00:00,124.4,124.47,120.56,121.54,426317,62.2,62.235,60.28,60.77,852634,0.0,1.0
IDXX,2014-10-22 00:00:00+00:00,124.74,125.38,123.3,124.39,559209,62.37,62.69,61.65,62.195,1118418,0.0,1.0
IDXX,2014-10-23 00:00:00+00:00,126.35,126.42,123.915,125.87,576237,63.175,63.21,61.9575,62.935,1152474,0.0,1.0
IDXX,2014-10-24 00:00:00+00:00,135.2,140.42,130.06,133.0,1779800,67.6,70.21,65.03,66.5,3559600,0.0,1.0
IDXX,2014-10-27 00:00:00+00:00,138.76,138.99,135.33,135.33,626362,69.38,69.495,67.665,67.665,1252724,0.0,1.0
IDXX,2014-10-28 00:00:00+00:00,142.59,143.13,138.27,139.66,656646,71.295,71.565,69.135,69.83,1313292,0.0,1.0
IDXX,2014-10-29 00:00:00+00:00,141.95,143.68,140.62,142.17,563204,70.975,71.84,70.31,71.085,1126408,0.0,1.0
IDXX,2014-10-30 00:00:00+00:00,142.86,143.11,139.67,141.15,318027,71.43,71.555,69.835,70.575,636054,0.0,1.0
IDXX,2014-10-31 00:00:00+00:00,141.67,144.51,141.54,144.51,521124,70.835,72.255,70.77,72.255,1042248,0.0,1.0
IDXX,2014-11-03 00:00:00+00:00,142.83,142.9899,139.98,142.09,568532,71.415,71.49495,69.99,71.045,1137064,0.0,1.0
IDXX,2014-11-04 00:00:00+00:00,144.29,144.45,141.83,142.84,485909,72.145,72.225,70.915,71.42,971818,0.0,1.0
IDXX,2014-11-05 00:00:00+00:00,144.11,145.62,142.15,144.93,601306,72.055,72.81,71.075,72.465,1202612,0.0,1.0
IDXX,2014-11-06 00:00:00+00:00,145.91,145.94,143.04,144.43,469841,72.955,72.97,71.52,72.215,939682,0.0,1.0
IDXX,2014-11-07 00:00:00+00:00,145.16,146.0,143.86,145.61,995088,72.58,73.0,71.93,72.805,1990176,0.0,1.0
IDXX,2014-11-10 00:00:00+00:00,147.18,147.67,144.185,145.75,560134,73.59,73.835,72.0925,72.875,1120268,0.0,1.0
IDXX,2014-11-11 00:00:00+00:00,152.19,152.23,146.62,147.09,889003,76.095,76.115,73.31,73.545,1778006,0.0,1.0
IDXX,2014-11-12 00:00:00+00:00,152.88,153.16,150.96,151.4,429860,76.44,76.58,75.48,75.7,859720,0.0,1.0
IDXX,2014-11-13 00:00:00+00:00,152.5,153.89,152.12,153.48,513489,76.25,76.945,76.06,76.74,1026978,0.0,1.0
IDXX,2014-11-14 00:00:00+00:00,150.22,152.11,149.52,152.08,478696,75.11,76.055,74.76,76.04,957392,0.0,1.0
IDXX,2014-11-17 00:00:00+00:00,149.41,151.0,149.4,150.01,668975,74.705,75.5,74.7,75.005,1337950,0.0,1.0
IDXX,2014-11-18 00:00:00+00:00,149.97,150.945,149.25,149.36,467675,74.985,75.4725,74.625,74.68,935350,0.0,1.0
IDXX,2014-11-19 00:00:00+00:00,148.58,150.07,147.94,149.99,334978,74.29,75.035,73.97,74.995,669956,0.0,1.0
IDXX,2014-11-20 00:00:00+00:00,147.86,149.05,146.7001,147.72,390478,73.93,74.525,73.35005,73.86,780956,0.0,1.0
IDXX,2014-11-21 00:00:00+00:00,147.75,149.51,147.46,149.35,277196,73.875,74.755,73.73,74.675,554392,0.0,1.0
IDXX,2014-11-24 00:00:00+00:00,149.59,149.75,147.5,148.26,339321,74.795,74.875,73.75,74.13,678642,0.0,1.0
IDXX,2014-11-25 00:00:00+00:00,148.12,150.0,146.85,149.48,395262,74.06,75.0,73.425,74.74,790524,0.0,1.0
IDXX,2014-11-26 00:00:00+00:00,148.94,149.68,147.21,148.02,249409,74.47,74.84,73.605,74.01,498818,0.0,1.0
IDXX,2014-11-28 00:00:00+00:00,149.35,150.4499,147.805,148.86,208297,74.675,75.22495,73.9025,74.43,416594,0.0,1.0
IDXX,2014-12-01 00:00:00+00:00,147.55,150.28,147.11,149.12,400072,73.775,75.14,73.555,74.56,800144,0.0,1.0
IDXX,2014-12-02 00:00:00+00:00,149.07,149.99,147.13,147.83,307835,74.535,74.995,73.565,73.915,615670,0.0,1.0
IDXX,2014-12-03 00:00:00+00:00,148.65,149.05,147.37,149.0,289281,74.325,74.525,73.685,74.5,578562,0.0,1.0
IDXX,2014-12-04 00:00:00+00:00,148.715,150.14,147.5,148.1,343185,74.3575,75.07,73.75,74.05,686370,0.0,1.0
IDXX,2014-12-05 00:00:00+00:00,148.62,149.85,148.18,148.85,305906,74.31,74.925,74.09,74.425,611812,0.0,1.0
IDXX,2014-12-08 00:00:00+00:00,147.84,148.22,146.21,148.22,429885,73.92,74.11,73.105,74.11,859770,0.0,1.0
IDXX,2014-12-09 00:00:00+00:00,149.26,149.49,145.01,146.41,328171,74.63,74.745,72.505,73.205,656342,0.0,1.0
IDXX,2014-12-10 00:00:00+00:00,147.04,149.73,146.89,149.55,250534,73.52,74.865,73.445,74.775,501068,0.0,1.0
IDXX,2014-12-11 00:00:00+00:00,149.09,150.16,147.15,148.06,357692,74.545,75.08,73.575,74.03,715384,0.0,1.0
IDXX,2014-12-12 00:00:00+00:00,148.86,150.37,147.75,148.08,313878,74.43,75.185,73.875,74.04,627756,0.0,1.0
IDXX,2014-12-15 00:00:00+00:00,146.5,150.45,146.47,149.29,491654,73.25,75.225,73.235,74.645,983308,0.0,1.0
IDXX,2014-12-16 00:00:00+00:00,143.37,147.17,143.26,146.35,476621,71.685,73.585,71.63,73.175,953242,0.0,1.0
IDXX,2014-12-17 00:00:00+00:00,144.5,145.13,142.63,143.98,345723,72.25,72.565,71.315,71.99,691446,0.0,1.0
IDXX,2014-12-18 00:00:00+00:00,147.98,148.01,144.615,146.11,289003,73.99,74.005,72.3075,73.055,578006,0.0,1.0
IDXX,2014-12-19 00:00:00+00:00,148.24,150.1975,147.93,147.93,794520,74.12,75.09875,73.965,73.965,1589040,0.0,1.0
IDXX,2014-12-22 00:00:00+00:00,148.48,149.66,147.07,147.89,249667,74.24,74.83,73.535,73.945,499334,0.0,1.0
IDXX,2014-12-23 00:00:00+00:00,147.23,149.64,146.26,149.45,230126,73.615,74.82,73.13,74.725,460252,0.0,1.0
IDXX,2014-12-24 00:00:00+00:00,148.68,150.19,146.7,147.19,98475,74.34,75.095,73.35,73.595,196950,0.0,1.0
IDXX,2014-12-26 00:00:00+00:00,148.64,150.14,148.17,148.85,209006,74.32,75.07,74.085,74.425,418012,0.0,1.0
IDXX,2014-12-29 00:00:00+00:00,150.25,150.71,147.52,148.22,293122,75.125,75.355,73.76,74.11,586244,0.0,1.0
IDXX,2014-12-30 00:00:00+00:00,149.7,150.99,149.4218,150.0,169311,74.85,75.495,74.7109,75.0,338622,0.0,1.0
IDXX,2014-12-31 00:00:00+00:00,148.27,150.605,148.11,150.0,309545,74.135,75.3025,74.055,75.0,619090,0.0,1.0
IDXX,2015-01-02 00:00:00+00:00,147.33,150.15,146.29,148.63,257320,73.665,75.075,73.145,74.315,514640,0.0,1.0
IDXX,2015-01-05 00:00:00+00:00,146.31,147.955,145.47,147.52,311183,73.155,73.9775,72.735,73.76,622366,0.0,1.0
IDXX,2015-01-06 00:00:00+00:00,146.78,147.81,144.76,146.62,650922,73.39,73.905,72.38,73.31,1301844,0.0,1.0
IDXX,2015-01-07 00:00:00+00:00,149.74,149.8,146.39,147.88,286440,74.87,74.9,73.195,73.94,572880,0.0,1.0
IDXX,2015-01-08 00:00:00+00:00,150.83,151.43,149.69,150.25,479967,75.415,75.715,74.845,75.125,959934,0.0,1.0
IDXX,2015-01-09 00:00:00+00:00,149.99,151.5143,149.33,150.64,351009,74.995,75.75715,74.665,75.32,702018,0.0,1.0
IDXX,2015-01-12 00:00:00+00:00,151.27,152.25,150.0,150.44,295462,75.635,76.125,75.0,75.22,590924,0.0,1.0
IDXX,2015-01-13 00:00:00+00:00,156.0,156.05,151.29,152.42,461254,78.0,78.025,75.645,76.21,922508,0.0,1.0
IDXX,2015-01-14 00:00:00+00:00,160.45,162.46,153.7,155.26,940573,80.225,81.23,76.85,77.63,1881146,0.0,1.0
IDXX,2015-01-15 00:00:00+00:00,158.33,161.52,157.91,160.45,465317,79.165,80.76,78.955,80.225,930634,0.0,1.0
IDXX,2015-01-16 00:00:00+00:00,159.49,164.86,156.71,159.32,374933,79.745,82.43,78.355,79.66,749866,0.0,1.0
IDXX,2015-01-20 00:00:00+00:00,160.0,160.88,157.6101,160.35,367131,80.0,80.44,78.80505,80.175,734262,0.0,1.0
IDXX,2015-01-21 00:00:00+00:00,159.83,161.09,158.69,160.45,280669,79.915,80.545,79.345,80.225,561338,0.0,1.0
IDXX,2015-01-22 00:00:00+00:00,165.34,166.54,158.77,160.0,504583,82.67,83.27,79.385,80.0,1009166,0.0,1.0
IDXX,2015-01-23 00:00:00+00:00,167.06,168.51,164.475,165.5,393168,83.53,84.255,82.2375,82.75,786336,0.0,1.0
IDXX,2015-01-26 00:00:00+00:00,166.1,168.28,164.62,167.63,469762,83.05,84.14,82.31,83.815,939524,0.0,1.0
IDXX,2015-01-27 00:00:00+00:00,164.88,166.08,163.54,164.41,439716,82.44,83.04,81.77,82.205,879432,0.0,1.0
IDXX,2015-01-28 00:00:00+00:00,162.125,166.33,161.592,166.26,525592,81.0625,83.165,80.796,83.13,1051184,0.0,1.0
IDXX,2015-01-29 00:00:00+00:00,163.32,164.23,161.2,163.3,450123,81.66,82.115,80.6,81.65,900246,0.0,1.0
IDXX,2015-01-30 00:00:00+00:00,158.42,164.23,157.92,162.26,844235,79.21,82.115,78.96,81.13,1688470,0.0,1.0
IDXX,2015-02-02 00:00:00+00:00,158.26,160.92,155.61,159.07,653643,79.13,80.46,77.805,79.535,1307286,0.0,1.0
IDXX,2015-02-03 00:00:00+00:00,156.91,159.84,154.61,158.26,406571,78.455,79.92,77.305,79.13,813142,0.0,1.0
IDXX,2015-02-04 00:00:00+00:00,155.37,157.625,154.68,156.63,305717,77.685,78.8125,77.34,78.315,611434,0.0,1.0
IDXX,2015-02-05 00:00:00+00:00,155.98,157.4,155.6,156.1,299730,77.99,78.7,77.8,78.05,599460,0.0,1.0
IDXX,2015-02-06 00:00:00+00:00,154.74,157.72,153.44,155.75,399976,77.37,78.86,76.72,77.875,799952,0.0,1.0
IDXX,2015-02-09 00:00:00+00:00,152.87,155.17,152.32,153.77,381796,76.435,77.585,76.16,76.885,763592,0.0,1.0
IDXX,2015-02-10 00:00:00+00:00,154.3,155.53,152.875,154.27,302931,77.15,77.765,76.4375,77.135,605862,0.0,1.0
IDXX,2015-02-11 00:00:00+00:00,157.27,158.16,153.32,153.77,580827,78.635,79.08,76.66,76.885,1161654,0.0,1.0
IDXX,2015-02-12 00:00:00+00:00,157.36,158.32,155.37,157.49,349577,78.68,79.16,77.685,78.745,699154,0.0,1.0
IDXX,2015-02-13 00:00:00+00:00,159.08,159.71,157.375,158.82,387714,79.54,79.855,78.6875,79.41,775428,0.0,1.0
IDXX,2015-02-17 00:00:00+00:00,156.01,159.98,155.21,157.62,468358,78.005,79.99,77.605,78.81,936716,0.0,1.0
IDXX,2015-02-18 00:00:00+00:00,156.68,157.08,154.53,155.57,312623,78.34,78.54,77.265,77.785,625246,0.0,1.0
IDXX,2015-02-19 00:00:00+00:00,156.54,157.44,155.46,155.9,212910,78.27,78.72,77.73,77.95,425820,0.0,1.0
IDXX,2015-02-20 00:00:00+00:00,158.15,158.72,155.74,155.95,240894,79.075,79.36,77.87,77.975,481788,0.0,1.0
IDXX,2015-02-23 00:00:00+00:00,158.46,159.58,157.48,157.96,242756,79.23,79.79,78.74,78.98,485512,0.0,1.0
IDXX,2015-02-24 00:00:00+00:00,156.99,159.184,156.27,158.31,214408,78.495,79.592,78.135,79.155,428816,0.0,1.0
IDXX,2015-02-25 00:00:00+00:00,157.09,157.8099,156.01,157.2,224618,78.545,78.90495,78.005,78.6,449236,0.0,1.0
IDXX,2015-02-26 00:00:00+00:00,158.03,158.425,156.15,157.33,229691,79.015,79.2125,78.075,78.665,459382,0.0,1.0
IDXX,2015-02-27 00:00:00+00:00,156.83,159.0,156.72,158.2,284368,78.415,79.5,78.36,79.1,568736,0.0,1.0
IDXX,2015-03-02 00:00:00+00:00,159.46,159.86,156.53,156.53,309574,79.73,79.93,78.265,78.265,619148,0.0,1.0
IDXX,2015-03-03 00:00:00+00:00,157.23,159.08,155.852,158.82,249881,78.615,79.54,77.926,79.41,499762,0.0,1.0
IDXX,2015-03-04 00:00:00+00:00,157.57,158.89,156.23,157.01,347655,78.785,79.445,78.115,78.505,695310,0.0,1.0
IDXX,2015-03-05 00:00:00+00:00,157.89,159.709,156.64,157.6,359074,78.945,79.8545,78.32,78.8,718148,0.0,1.0
IDXX,2015-03-06 00:00:00+00:00,154.53,157.655,153.9,157.11,296616,77.265,78.8275,76.95,78.555,593232,0.0,1.0
IDXX,2015-03-09 00:00:00+00:00,152.42,154.31,152.016,154.28,448738,76.21,77.155,76.008,77.14,897476,0.0,1.0
IDXX,2015-03-10 00:00:00+00:00,150.48,152.05,149.28,152.0,431366,75.24,76.025,74.64,76.0,862732,0.0,1.0
IDXX,2015-03-11 00:00:00+00:00,149.97,150.86,149.12,150.86,293674,74.985,75.43,74.56,75.43,587348,0.0,1.0
IDXX,2015-03-12 00:00:00+00:00,150.32,150.64,148.6265,150.02,239693,75.16,75.32,74.31325,75.01,479386,0.0,1.0
IDXX,2015-03-13 00:00:00+00:00,149.0,150.33,148.74,149.55,254665,74.5,75.165,74.37,74.775,509330,0.0,1.0
IDXX,2015-03-16 00:00:00+00:00,152.43,153.682,150.0,150.24,329963,76.215,76.841,75.0,75.12,659926,0.0,1.0
IDXX,2015-03-17 00:00:00+00:00,151.68,152.63,151.06,152.49,179852,75.84,76.315,75.53,76.245,359704,0.0,1.0
IDXX,2015-03-18 00:00:00+00:00,151.65,152.84,150.45,151.06,295830,75.825,76.42,75.225,75.53,591660,0.0,1.0
IDXX,2015-03-19 00:00:00+00:00,154.45,155.72,150.42,151.4,319314,77.225,77.86,75.21,75.7,638628,0.0,1.0
IDXX,2015-03-20 00:00:00+00:00,152.8,156.37,150.835,155.24,549815,76.4,78.185,75.4175,77.62,1099630,0.0,1.0
IDXX,2015-03-23 00:00:00+00:00,154.43,154.65,151.43,152.56,325533,77.215,77.325,75.715,76.28,651066,0.0,1.0
IDXX,2015-03-24 00:00:00+00:00,152.57,155.7362,152.51,154.93,235420,76.285,77.8681,76.255,77.465,470840,0.0,1.0
IDXX,2015-03-25 00:00:00+00:00,150.1,153.4852,149.69,152.42,205189,75.05,76.7426,74.845,76.21,410378,0.0,1.0
IDXX,2015-03-26 00:00:00+00:00,150.15,151.32,148.04,148.96,171680,75.075,75.66,74.02,74.48,343360,0.0,1.0
IDXX,2015-03-27 00:00:00+00:00,153.17,153.45,149.5,150.17,227215,76.585,76.725,74.75,75.085,454430,0.0,1.0
IDXX,2015-03-30 00:00:00+00:00,156.11,157.2,153.42,154.3,331340,78.055,78.6,76.71,77.15,662680,0.0,1.0
IDXX,2015-03-31 00:00:00+00:00,154.48,157.32,154.38,155.16,335398,77.24,78.66,77.19,77.58,670796,0.0,1.0
IDXX,2015-04-01 00:00:00+00:00,151.76,153.77,150.05,153.77,325479,75.88,76.885,75.025,76.885,650958,0.0,1.0
IDXX,2015-04-02 00:00:00+00:00,153.08,153.65,151.48,152.05,199484,76.54,76.825,75.74,76.025,398968,0.0,1.0
IDXX,2015-04-06 00:00:00+00:00,153.08,154.61,152.06,152.16,364621,76.54,77.305,76.03,76.08,729242,0.0,1.0
IDXX,2015-04-07 00:00:00+00:00,151.07,153.9,150.87,152.94,214099,75.535,76.95,75.435,76.47,428198,0.0,1.0
IDXX,2015-04-08 00:00:00+00:00,153.41,154.61,150.57,151.0,293531,76.705,77.305,75.285,75.5,587062,0.0,1.0
IDXX,2015-04-09 00:00:00+00:00,152.78,154.06,151.38,154.04,116090,76.39,77.03,75.69,77.02,232180,0.0,1.0
IDXX,2015-04-10 00:00:00+00:00,153.56,154.52,153.14,153.26,106972,76.78,77.26,76.57,76.63,213944,0.0,1.0
IDXX,2015-04-13 00:00:00+00:00,152.81,154.7,152.65,153.16,110321,76.405,77.35,76.325,76.58,220642,0.0,1.0
IDXX,2015-04-14 00:00:00+00:00,151.81,153.0425,150.18,152.92,177170,75.905,76.52125,75.09,76.46,354340,0.0,1.0
IDXX,2015-04-15 00:00:00+00:00,150.99,153.11,150.66,152.01,104832,75.495,76.555,75.33,76.005,209664,0.0,1.0
IDXX,2015-04-16 00:00:00+00:00,151.99,152.22,149.78,150.19,162692,75.995,76.11,74.89,75.095,325384,0.0,1.0
IDXX,2015-04-17 00:00:00+00:00,149.42,151.315,148.345,150.91,191992,74.71,75.6575,74.1725,75.455,383984,0.0,1.0
IDXX,2015-04-20 00:00:00+00:00,152.12,154.15,149.36,150.08,251912,76.06,77.075,74.68,75.04,503824,0.0,1.0
IDXX,2015-04-21 00:00:00+00:00,155.22,155.74,152.37,152.86,194958,77.61,77.87,76.185,76.43,389916,0.0,1.0
IDXX,2015-04-22 00:00:00+00:00,155.97,156.11,153.425,155.7,245384,77.985,78.055,76.7125,77.85,490768,0.0,1.0
IDXX,2015-04-23 00:00:00+00:00,159.4,162.0,155.01,155.01,417074,79.7,81.0,77.505,77.505,834148,0.0,1.0
IDXX,2015-04-24 00:00:00+00:00,164.05,164.475,158.82,160.0,533995,82.025,82.2375,79.41,80.0,1067990,0.0,1.0
IDXX,2015-04-27 00:00:00+00:00,161.06,163.94,160.59,163.84,531192,80.53,81.97,80.295,81.92,1062384,0.0,1.0
IDXX,2015-04-28 00:00:00+00:00,133.56,149.5,133.461,147.01,2453974,66.78,74.75,66.7305,73.505,4907948,0.0,1.0
IDXX,2015-04-29 00:00:00+00:00,130.58,131.91,122.74,129.77,1982268,65.29,65.955,61.37,64.885,3964536,0.0,1.0
IDXX,2015-04-30 00:00:00+00:00,125.37,130.6,124.99,130.05,954003,62.685,65.3,62.495,65.025,1908006,0.0,1.0
IDXX,2015-05-01 00:00:00+00:00,132.93,133.06,125.0,125.0,965061,66.465,66.53,62.5,62.5,1930122,0.0,1.0
IDXX,2015-05-04 00:00:00+00:00,130.52,133.9,130.2,132.99,658190,65.26,66.95,65.1,66.495,1316380,0.0,1.0
IDXX,2015-05-05 00:00:00+00:00,126.96,131.5,126.17,131.41,566302,63.48,65.75,63.085,65.705,1132604,0.0,1.0
IDXX,2015-05-06 00:00:00+00:00,127.9,133.646,126.44,131.82,674967,63.95,66.823,63.22,65.91,1349934,0.0,1.0
IDXX,2015-05-07 00:00:00+00:00,130.26,131.95,128.25,128.5,604655,65.13,65.975,64.125,64.25,1209310,0.0,1.0
IDXX,2015-05-08 00:00:00+00:00,130.2,133.07,129.6311,131.59,405287,65.1,66.535,64.81555,65.795,810574,0.0,1.0
IDXX,2015-05-11 00:00:00+00:00,130.54,131.03,129.28,130.0,354162,65.27,65.515,64.64,65.0,708324,0.0,1.0
IDXX,2015-05-12 00:00:00+00:00,131.69,132.49,129.57,130.0,396831,65.845,66.245,64.785,65.0,793662,0.0,1.0
IDXX,2015-05-13 00:00:00+00:00,130.74,133.36,130.33,132.0,618541,65.37,66.68,65.165,66.0,1237082,0.0,1.0
IDXX,2015-05-14 00:00:00+00:00,133.28,133.82,130.12,131.89,280217,66.64,66.91,65.06,65.945,560434,0.0,1.0
IDXX,2015-05-15 00:00:00+00:00,135.24,136.17,132.22,133.73,469206,67.62,68.085,66.11,66.865,938412,0.0,1.0
IDXX,2015-05-18 00:00:00+00:00,135.54,136.48,134.18,135.02,252000,67.77,68.24,67.09,67.51,504000,0.0,1.0
IDXX,2015-05-19 00:00:00+00:00,135.35,136.6199,133.61,135.96,330841,67.675,68.30995,66.805,67.98,661682,0.0,1.0
IDXX,2015-05-20 00:00:00+00:00,137.14,139.25,135.785,136.03,487748,68.57,69.625,67.8925,68.015,975496,0.0,1.0
IDXX,2015-05-21 00:00:00+00:00,138.03,138.12,134.96,136.8,336722,69.015,69.06,67.48,68.4,673444,0.0,1.0
IDXX,2015-05-22 00:00:00+00:00,138.72,139.63,137.3201,138.47,351716,69.36,69.815,68.66005,69.235,703432,0.0,1.0
IDXX,2015-05-26 00:00:00+00:00,137.81,139.2,136.29,137.84,374281,68.905,69.6,68.145,68.92,748562,0.0,1.0
IDXX,2015-05-27 00:00:00+00:00,137.34,137.75,135.69,137.61,374408,68.67,68.875,67.845,68.805,748816,0.0,1.0
IDXX,2015-05-28 00:00:00+00:00,136.05,137.676,133.81,137.48,572876,68.025,68.838,66.905,68.74,1145752,0.0,1.0
IDXX,2015-05-29 00:00:00+00:00,135.6,137.37,134.9,136.34,483007,67.8,68.685,67.45,68.17,966014,0.0,1.0
IDXX,2015-06-01 00:00:00+00:00,135.53,137.03,134.17,135.78,335351,67.765,68.515,67.085,67.89,670702,0.0,1.0
IDXX,2015-06-02 00:00:00+00:00,134.07,136.34,133.78,134.56,370989,67.035,68.17,66.89,67.28,741978,0.0,1.0
IDXX,2015-06-03 00:00:00+00:00,132.17,134.98,131.0,134.98,815982,66.085,67.49,65.5,67.49,1631964,0.0,1.0
IDXX,2015-06-04 00:00:00+00:00,132.41,133.35,131.16,132.04,414514,66.205,66.675,65.58,66.02,829028,0.0,1.0
IDXX,2015-06-05 00:00:00+00:00,131.2,132.35,130.63,131.89,509187,65.6,66.175,65.315,65.945,1018374,0.0,1.0
IDXX,2015-06-08 00:00:00+00:00,130.99,132.23,130.39,130.84,387763,65.495,66.115,65.195,65.42,775526,0.0,1.0
IDXX,2015-06-09 00:00:00+00:00,129.26,131.17,128.78,130.48,362298,64.63,65.585,64.39,65.24,724596,0.0,1.0
IDXX,2015-06-10 00:00:00+00:00,130.29,130.7,128.13,129.32,414956,65.145,65.35,64.065,64.66,829912,0.0,1.0
IDXX,2015-06-11 00:00:00+00:00,130.8,131.77,129.61,130.36,352033,65.4,65.885,64.805,65.18,704066,0.0,1.0
IDXX,2015-06-12 00:00:00+00:00,129.63,130.78,129.52,129.93,366778,64.815,65.39,64.76,64.965,733556,0.0,1.0
IDXX,2015-06-15 00:00:00+00:00,132.44,132.44,128.0,129.0,482778,66.22,66.22,64.0,64.5,965556,0.0,1.0
IDXX,2015-06-16 00:00:00+00:00,66.435,66.97,66.01,66.4,409478,66.435,66.97,66.01,66.4,409478,0.0,2.0
IDXX,2015-06-17 00:00:00+00:00,66.4,67.16,66.2,66.34,425025,66.4,67.16,66.2,66.34,425025,0.0,1.0
IDXX,2015-06-18 00:00:00+00:00,67.26,67.95,66.47,66.47,611372,67.26,67.95,66.47,66.47,611372,0.0,1.0
IDXX,2015-06-19 00:00:00+00:00,66.5,67.78,66.4,67.47,853877,66.5,67.78,66.4,67.47,853877,0.0,1.0
IDXX,2015-06-22 00:00:00+00:00,66.51,66.73,66.08,66.5,675930,66.51,66.73,66.08,66.5,675930,0.0,1.0
IDXX,2015-06-23 00:00:00+00:00,65.77,66.48,65.53,66.37,533191,65.77,66.48,65.53,66.37,533191,0.0,1.0
IDXX,2015-06-24 00:00:00+00:00,64.78,65.91,64.57,65.83,460484,64.78,65.91,64.57,65.83,460484,0.0,1.0
IDXX,2015-06-25 00:00:00+00:00,64.38,65.63,64.26,65.12,608770,64.38,65.63,64.26,65.12,608770,0.0,1.0
IDXX,2015-06-26 00:00:00+00:00,63.69,64.722,63.465,64.35,1250700,63.69,64.722,63.465,64.35,1250700,0.0,1.0
IDXX,2015-06-29 00:00:00+00:00,63.52,65.85,63.385,63.5,1283524,63.52,65.85,63.385,63.5,1283524,0.0,1.0
IDXX,2015-06-30 00:00:00+00:00,64.14,64.628,63.37,64.17,1181837,64.14,64.628,63.37,64.17,1181837,0.0,1.0
IDXX,2015-07-01 00:00:00+00:00,63.13,65.252,62.9,64.97,985185,63.13,65.252,62.9,64.97,985185,0.0,1.0
IDXX,2015-07-02 00:00:00+00:00,62.4,63.4808,62.09,62.96,768366,62.4,63.4808,62.09,62.96,768366,0.0,1.0
IDXX,2015-07-06 00:00:00+00:00,62.59,63.07,61.91,62.0,1942033,62.59,63.07,61.91,62.0,1942033,0.0,1.0
IDXX,2015-07-07 00:00:00+00:00,62.64,63.12,61.58,62.9,641598,62.64,63.12,61.58,62.9,641598,0.0,1.0
IDXX,2015-07-08 00:00:00+00:00,61.96,63.33,61.77,62.11,655500,61.96,63.33,61.77,62.11,655500,0.0,1.0
IDXX,2015-07-09 00:00:00+00:00,62.87,63.45,62.31,62.51,688198,62.87,63.45,62.31,62.51,688198,0.0,1.0
IDXX,2015-07-10 00:00:00+00:00,64.09,64.39,62.97,63.5,561063,64.09,64.39,62.97,63.5,561063,0.0,1.0
IDXX,2015-07-13 00:00:00+00:00,64.9,65.047,64.06,64.57,387373,64.9,65.047,64.06,64.57,387373,0.0,1.0
IDXX,2015-07-14 00:00:00+00:00,64.72,65.24,64.57,64.86,487556,64.72,65.24,64.57,64.86,487556,0.0,1.0
IDXX,2015-07-15 00:00:00+00:00,64.12,65.356,63.54,64.64,690903,64.12,65.356,63.54,64.64,690903,0.0,1.0
IDXX,2015-07-16 00:00:00+00:00,63.83,64.89,63.01,64.76,718659,63.83,64.89,63.01,64.76,718659,0.0,1.0
IDXX,2015-07-17 00:00:00+00:00,63.25,64.14,63.05,63.92,508348,63.25,64.14,63.05,63.92,508348,0.0,1.0
IDXX,2015-07-20 00:00:00+00:00,63.4,63.58,62.63,63.14,762688,63.4,63.58,62.63,63.14,762688,0.0,1.0
IDXX,2015-07-21 00:00:00+00:00,63.99,64.39,63.47,63.47,776153,63.99,64.39,63.47,63.47,776153,0.0,1.0
IDXX,2015-07-22 00:00:00+00:00,70.36,70.36,63.89,63.89,2241007,70.36,70.36,63.89,63.89,2241007,0.0,1.0
IDXX,2015-07-23 00:00:00+00:00,67.05,71.17,66.79,70.88,2217644,67.05,71.17,66.79,70.88,2217644,0.0,1.0
IDXX,2015-07-24 00:00:00+00:00,66.27,66.8,65.54,66.6,848541,66.27,66.8,65.54,66.6,848541,0.0,1.0
IDXX,2015-07-27 00:00:00+00:00,66.3,67.11,65.61,66.25,607787,66.3,67.11,65.61,66.25,607787,0.0,1.0
IDXX,2015-07-28 00:00:00+00:00,65.84,66.34,65.28,66.27,765555,65.84,66.34,65.28,66.27,765555,0.0,1.0
IDXX,2015-07-29 00:00:00+00:00,66.46,66.84,65.56,65.84,1169003,66.46,66.84,65.56,65.84,1169003,0.0,1.0
IDXX,2015-07-30 00:00:00+00:00,71.34,73.42,66.0,66.0,718947,71.34,73.42,66.0,66.0,718947,0.0,1.0
IDXX,2015-07-31 00:00:00+00:00,72.73,73.77,71.62,71.95,1565227,72.73,73.77,71.62,71.95,1565227,0.0,1.0
IDXX,2015-08-03 00:00:00+00:00,74.17,74.27,72.88,73.19,1239189,74.17,74.27,72.88,73.19,1239189,0.0,1.0
IDXX,2015-08-04 00:00:00+00:00,73.45,74.8,73.08,74.31,718497,73.45,74.8,73.08,74.31,718497,0.0,1.0
IDXX,2015-08-05 00:00:00+00:00,75.12,75.21,73.44,73.44,975635,75.12,75.21,73.44,73.44,975635,0.0,1.0
IDXX,2015-08-06 00:00:00+00:00,75.21,77.7,74.87,75.98,1514693,75.21,77.7,74.87,75.98,1514693,0.0,1.0
IDXX,2015-08-07 00:00:00+00:00,76.55,76.68,74.55,75.34,842549,76.55,76.68,74.55,75.34,842549,0.0,1.0
IDXX,2015-08-10 00:00:00+00:00,77.47,78.19,76.76,76.92,967995,77.47,78.19,76.76,76.92,967995,0.0,1.0
IDXX,2015-08-11 00:00:00+00:00,77.23,78.06,76.5,76.95,651709,77.23,78.06,76.5,76.95,651709,0.0,1.0
IDXX,2015-08-12 00:00:00+00:00,77.13,77.2,75.8,76.73,465866,77.13,77.2,75.8,76.73,465866,0.0,1.0
IDXX,2015-08-13 00:00:00+00:00,77.16,77.76,76.51,77.21,360646,77.16,77.76,76.51,77.21,360646,0.0,1.0
IDXX,2015-08-14 00:00:00+00:00,77.61,77.8,76.75,77.35,327155,77.61,77.8,76.75,77.35,327155,0.0,1.0
IDXX,2015-08-17 00:00:00+00:00,78.66,78.855,76.86,77.22,592882,78.66,78.855,76.86,77.22,592882,0.0,1.0
IDXX,2015-08-18 00:00:00+00:00,78.4,79.62,78.14,78.14,503149,78.4,79.62,78.14,78.14,503149,0.0,1.0
IDXX,2015-08-19 00:00:00+00:00,78.21,78.81,77.29,78.47,507926,78.21,78.81,77.29,78.47,507926,0.0,1.0
IDXX,2015-08-20 00:00:00+00:00,75.83,77.34,75.77,77.17,556383,75.83,77.34,75.77,77.17,556383,0.0,1.0
IDXX,2015-08-21 00:00:00+00:00,74.2,75.8,73.96,75.29,695766,74.2,75.8,73.96,75.29,695766,0.0,1.0
IDXX,2015-08-24 00:00:00+00:00,70.86,73.78,69.9,71.28,1224507,70.86,73.78,69.9,71.28,1224507,0.0,1.0
IDXX,2015-08-25 00:00:00+00:00,69.94,73.78,69.88,72.96,894891,69.94,73.78,69.88,72.96,894891,0.0,1.0
IDXX,2015-08-26 00:00:00+00:00,71.93,72.06,69.77,71.23,474807,71.93,72.06,69.77,71.23,474807,0.0,1.0
IDXX,2015-08-27 00:00:00+00:00,73.42,73.48,71.61,73.02,406596,73.42,73.48,71.61,73.02,406596,0.0,1.0
IDXX,2015-08-28 00:00:00+00:00,73.21,73.68,71.17,71.95,564329,73.21,73.68,71.17,71.95,564329,0.0,1.0
IDXX,2015-08-31 00:00:00+00:00,71.47,73.8599,71.25,73.06,526487,71.47,73.8599,71.25,73.06,526487,0.0,1.0
IDXX,2015-09-01 00:00:00+00:00,70.54,71.41,69.46,69.94,1015427,70.54,71.41,69.46,69.94,1015427,0.0,1.0
IDXX,2015-09-02 00:00:00+00:00,72.91,72.91,71.08,71.62,614965,72.91,72.91,71.08,71.62,614965,0.0,1.0
IDXX,2015-09-03 00:00:00+00:00,72.97,73.68,72.2,72.95,563279,72.97,73.68,72.2,72.95,563279,0.0,1.0
IDXX,2015-09-04 00:00:00+00:00,72.56,72.916,71.89,71.97,319963,72.56,72.916,71.89,71.97,319963,0.0,1.0
IDXX,2015-09-08 00:00:00+00:00,74.76,74.97,73.01,73.5,507395,74.76,74.97,73.01,73.5,507395,0.0,1.0
IDXX,2015-09-09 00:00:00+00:00,74.35,75.48,74.21,75.21,478667,74.35,75.48,74.21,75.21,478667,0.0,1.0
IDXX,2015-09-10 00:00:00+00:00,75.33,75.93,74.19,74.48,536192,75.33,75.93,74.19,74.48,536192,0.0,1.0
IDXX,2015-09-11 00:00:00+00:00,76.35,76.58,74.56,75.13,308779,76.35,76.58,74.56,75.13,308779,0.0,1.0
IDXX,2015-09-14 00:00:00+00:00,75.7,76.4,74.66,76.4,509650,75.7,76.4,74.66,76.4,509650,0.0,1.0
IDXX,2015-09-15 00:00:00+00:00,76.94,77.12,74.96,75.76,370553,76.94,77.12,74.96,75.76,370553,0.0,1.0
IDXX,2015-09-16 00:00:00+00:00,76.96,77.24,76.04,76.55,349513,76.96,77.24,76.04,76.55,349513,0.0,1.0
IDXX,2015-09-17 00:00:00+00:00,77.92,79.11,76.8217,77.17,535158,77.92,79.11,76.8217,77.17,535158,0.0,1.0
IDXX,2015-09-18 00:00:00+00:00,76.64,77.54,76.47,76.8,1075416,76.64,77.54,76.47,76.8,1075416,0.0,1.0
IDXX,2015-09-21 00:00:00+00:00,76.45,78.32,76.12,77.03,517999,76.45,78.32,76.12,77.03,517999,0.0,1.0
IDXX,2015-09-22 00:00:00+00:00,76.16,76.36,75.4,75.63,521155,76.16,76.36,75.4,75.63,521155,0.0,1.0
IDXX,2015-09-23 00:00:00+00:00,76.65,77.52,75.98,76.13,414023,76.65,77.52,75.98,76.13,414023,0.0,1.0
IDXX,2015-09-24 00:00:00+00:00,76.08,76.53,75.14,76.05,384156,76.08,76.53,75.14,76.05,384156,0.0,1.0
IDXX,2015-09-25 00:00:00+00:00,74.54,76.91,73.93,76.9,358196,74.54,76.91,73.93,76.9,358196,0.0,1.0
IDXX,2015-09-28 00:00:00+00:00,72.45,74.57,71.81,74.26,635539,72.45,74.57,71.81,74.26,635539,0.0,1.0
IDXX,2015-09-29 00:00:00+00:00,72.03,72.94,71.29,72.58,667303,72.03,72.94,71.29,72.58,667303,0.0,1.0
IDXX,2015-09-30 00:00:00+00:00,74.25,74.42,71.9,72.77,871004,74.25,74.42,71.9,72.77,871004,0.0,1.0
IDXX,2015-10-01 00:00:00+00:00,73.68,74.47,72.19,74.08,901611,73.68,74.47,72.19,74.08,901611,0.0,1.0
IDXX,2015-10-02 00:00:00+00:00,75.56,75.59,72.17,73.08,614902,75.56,75.59,72.17,73.08,614902,0.0,1.0
IDXX,2015-10-05 00:00:00+00:00,75.01,77.27,74.55,75.83,1577334,75.01,77.27,74.55,75.83,1577334,0.0,1.0
IDXX,2015-10-06 00:00:00+00:00,71.7,75.07,70.93,75.07,1063458,71.7,75.07,70.93,75.07,1063458,0.0,1.0
IDXX,2015-10-07 00:00:00+00:00,72.64,74.25,71.14,71.74,759244,72.64,74.25,71.14,71.74,759244,0.0,1.0
IDXX,2015-10-08 00:00:00+00:00,73.2,73.44,70.97,72.35,464318,73.2,73.44,70.97,72.35,464318,0.0,1.0
IDXX,2015-10-09 00:00:00+00:00,74.05,74.65,72.743,73.62,391210,74.05,74.65,72.743,73.62,391210,0.0,1.0
IDXX,2015-10-12 00:00:00+00:00,75.21,75.41,73.73,73.9,292722,75.21,75.41,73.73,73.9,292722,0.0,1.0
IDXX,2015-10-13 00:00:00+00:00,72.74,75.135,72.65,74.74,559294,72.74,75.135,72.65,74.74,559294,0.0,1.0
IDXX,2015-10-14 00:00:00+00:00,71.57,73.75,71.06,72.99,598317,71.57,73.75,71.06,72.99,598317,0.0,1.0
IDXX,2015-10-15 00:00:00+00:00,73.36,73.55,71.18,71.25,406463,73.36,73.55,71.18,71.25,406463,0.0,1.0
IDXX,2015-10-16 00:00:00+00:00,73.7,74.41,72.41,73.69,527933,73.7,74.41,72.41,73.69,527933,0.0,1.0
IDXX,2015-10-19 00:00:00+00:00,74.22,74.91,73.3307,73.75,465287,74.22,74.91,73.3307,73.75,465287,0.0,1.0
IDXX,2015-10-20 00:00:00+00:00,74.27,74.86,73.49,73.91,491183,74.27,74.86,73.49,73.91,491183,0.0,1.0
IDXX,2015-10-21 00:00:00+00:00,74.68,75.48,73.663,74.93,462809,74.68,75.48,73.663,74.93,462809,0.0,1.0
IDXX,2015-10-22 00:00:00+00:00,73.3,75.1,71.67,75.03,647961,73.3,75.1,71.67,75.03,647961,0.0,1.0
IDXX,2015-10-23 00:00:00+00:00,75.02,75.12,73.15,74.01,705280,75.02,75.12,73.15,74.01,705280,0.0,1.0
IDXX,2015-10-26 00:00:00+00:00,75.94,76.2,74.448,74.8,638182,75.94,76.2,74.448,74.8,638182,0.0,1.0
IDXX,2015-10-27 00:00:00+00:00,76.74,77.075,73.68,75.78,1385465,76.74,77.075,73.68,75.78,1385465,0.0,1.0
IDXX,2015-10-28 00:00:00+00:00,68.92,69.13,65.03,68.75,3941733,68.92,69.13,65.03,68.75,3941733,0.0,1.0
IDXX,2015-10-29 00:00:00+00:00,69.96,71.9,66.89,67.92,2245322,69.96,71.9,66.89,67.92,2245322,0.0,1.0
IDXX,2015-10-30 00:00:00+00:00,68.62,70.2999,67.85,70.27,1067365,68.62,70.2999,67.85,70.27,1067365,0.0,1.0
IDXX,2015-11-02 00:00:00+00:00,69.6,69.61,68.56,68.66,654716,69.6,69.61,68.56,68.66,654716,0.0,1.0
IDXX,2015-11-03 00:00:00+00:00,70.03,70.44,68.29,69.2,623063,70.03,70.44,68.29,69.2,623063,0.0,1.0
IDXX,2015-11-04 00:00:00+00:00,70.42,71.44,68.962,70.26,691964,70.42,71.44,68.962,70.26,691964,0.0,1.0
IDXX,2015-11-05 00:00:00+00:00,70.7,70.91,69.2,70.12,409129,70.7,70.91,69.2,70.12,409129,0.0,1.0
IDXX,2015-11-06 00:00:00+00:00,70.54,70.99,69.91,70.6,424981,70.54,70.99,69.91,70.6,424981,0.0,1.0
IDXX,2015-11-09 00:00:00+00:00,70.68,70.92,69.25,70.01,509307,70.68,70.92,69.25,70.01,509307,0.0,1.0
IDXX,2015-11-10 00:00:00+00:00,70.85,71.16,69.425,70.45,425882,70.85,71.16,69.425,70.45,425882,0.0,1.0
IDXX,2015-11-11 00:00:00+00:00,69.74,71.34,69.0,71.34,556749,69.74,71.34,69.0,71.34,556749,0.0,1.0
IDXX,2015-11-12 00:00:00+00:00,67.21,69.77,67.13,69.64,754779,67.21,69.77,67.13,69.64,754779,0.0,1.0
IDXX,2015-11-13 00:00:00+00:00,66.96,68.02,66.08,68.02,750605,66.96,68.02,66.08,68.02,750605,0.0,1.0
IDXX,2015-11-16 00:00:00+00:00,67.92,68.15,66.5101,66.98,522302,67.92,68.15,66.5101,66.98,522302,0.0,1.0
IDXX,2015-11-17 00:00:00+00:00,68.18,68.55,67.43,68.17,603835,68.18,68.55,67.43,68.17,603835,0.0,1.0
IDXX,2015-11-18 00:00:00+00:00,68.37,68.59,67.7,68.32,881604,68.37,68.59,67.7,68.32,881604,0.0,1.0
IDXX,2015-11-19 00:00:00+00:00,69.06,69.38,68.0297,68.59,425895,69.06,69.38,68.0297,68.59,425895,0.0,1.0
IDXX,2015-11-20 00:00:00+00:00,69.23,70.53,68.94,69.5,373569,69.23,70.53,68.94,69.5,373569,0.0,1.0
IDXX,2015-11-23 00:00:00+00:00,69.08,69.99,68.01,68.66,568993,69.08,69.99,68.01,68.66,568993,0.0,1.0
IDXX,2015-11-24 00:00:00+00:00,69.01,69.16,68.16,68.59,427690,69.01,69.16,68.16,68.59,427690,0.0,1.0
IDXX,2015-11-25 00:00:00+00:00,70.24,70.47,68.87,69.15,312299,70.24,70.47,68.87,69.15,312299,0.0,1.0
IDXX,2015-11-27 00:00:00+00:00,70.67,71.2,69.98,70.28,161981,70.67,71.2,69.98,70.28,161981,0.0,1.0
IDXX,2015-11-30 00:00:00+00:00,70.82,71.35,69.53,70.86,525051,70.82,71.35,69.53,70.86,525051,0.0,1.0
IDXX,2015-12-01 00:00:00+00:00,71.54,71.87,69.16,70.25,500628,71.54,71.87,69.16,70.25,500628,0.0,1.0
IDXX,2015-12-02 00:00:00+00:00,71.88,72.8,71.05,71.54,620365,71.88,72.8,71.05,71.54,620365,0.0,1.0
IDXX,2015-12-03 00:00:00+00:00,70.02,72.57,69.85,71.96,464987,70.02,72.57,69.85,71.96,464987,0.0,1.0
IDXX,2015-12-04 00:00:00+00:00,70.4,71.175,69.69,70.0,459502,70.4,71.175,69.69,70.0,459502,0.0,1.0
IDXX,2015-12-07 00:00:00+00:00,70.19,70.71,69.71,70.52,399805,70.19,70.71,69.71,70.52,399805,0.0,1.0
IDXX,2015-12-08 00:00:00+00:00,69.54,70.9499,68.6115,69.75,476236,69.54,70.9499,68.6115,69.75,476236,0.0,1.0
IDXX,2015-12-09 00:00:00+00:00,69.01,69.89,68.12,69.34,653504,69.01,69.89,68.12,69.34,653504,0.0,1.0
IDXX,2015-12-10 00:00:00+00:00,69.05,69.61,68.0001,69.16,370456,69.05,69.61,68.0001,69.16,370456,0.0,1.0
IDXX,2015-12-11 00:00:00+00:00,68.45,69.58,68.18,68.32,352545,68.45,69.58,68.18,68.32,352545,0.0,1.0
IDXX,2015-12-14 00:00:00+00:00,68.82,69.45,68.05,68.29,436055,68.82,69.45,68.05,68.29,436055,0.0,1.0
IDXX,2015-12-15 00:00:00+00:00,69.2,69.7391,68.545,69.33,492532,69.2,69.7391,68.545,69.33,492532,0.0,1.0
IDXX,2015-12-16 00:00:00+00:00,69.82,70.2662,68.25,69.75,539398,69.82,70.2662,68.25,69.75,539398,0.0,1.0
IDXX,2015-12-17 00:00:00+00:00,69.83,70.195,69.41,70.04,377899,69.83,70.195,69.41,70.04,377899,0.0,1.0
IDXX,2015-12-18 00:00:00+00:00,69.96,70.56,68.84,69.82,1061827,69.96,70.56,68.84,69.82,1061827,0.0,1.0
IDXX,2015-12-21 00:00:00+00:00,71.34,71.37,70.05,70.24,494463,71.34,71.37,70.05,70.24,494463,0.0,1.0
IDXX,2015-12-22 00:00:00+00:00,72.2,72.34,71.3028,71.52,475691,72.2,72.34,71.3028,71.52,475691,0.0,1.0
IDXX,2015-12-23 00:00:00+00:00,72.47,73.59,72.165,72.53,353567,72.47,73.59,72.165,72.53,353567,0.0,1.0
IDXX,2015-12-24 00:00:00+00:00,72.95,73.24,71.91,72.48,204002,72.95,73.24,71.91,72.48,204002,0.0,1.0
IDXX,2015-12-28 00:00:00+00:00,74.16,74.36,72.48,72.79,440712,74.16,74.36,72.48,72.79,440712,0.0,1.0
IDXX,2015-12-29 00:00:00+00:00,74.3,74.97,73.75,74.32,303179,74.3,74.97,73.75,74.32,303179,0.0,1.0
IDXX,2015-12-30 00:00:00+00:00,73.97,74.99,73.698,74.33,336076,73.97,74.99,73.698,74.33,336076,0.0,1.0
IDXX,2015-12-31 00:00:00+00:00,72.92,74.17,72.9,73.53,361894,72.92,74.17,72.9,73.53,361894,0.0,1.0
IDXX,2016-01-04 00:00:00+00:00,71.12,72.66,70.6,72.35,766436,71.12,72.66,70.6,72.35,766436,0.0,1.0
IDXX,2016-01-05 00:00:00+00:00,71.83,72.8199,70.95,71.23,548861,71.83,72.8199,70.95,71.23,548861,0.0,1.0
IDXX,2016-01-06 00:00:00+00:00,71.32,72.74,70.58,71.5,1646055,71.32,72.74,70.58,71.5,1646055,0.0,1.0
IDXX,2016-01-07 00:00:00+00:00,69.81,70.74,69.6,70.49,666119,69.81,70.74,69.6,70.49,666119,0.0,1.0
IDXX,2016-01-08 00:00:00+00:00,69.1,70.95,69.05,70.35,639967,69.1,70.95,69.05,70.35,639967,0.0,1.0
IDXX,2016-01-11 00:00:00+00:00,68.47,69.775,67.93,69.3,504971,68.47,69.775,67.93,69.3,504971,0.0,1.0
IDXX,2016-01-12 00:00:00+00:00,69.26,69.78,68.65,68.95,454388,69.26,69.78,68.65,68.95,454388,0.0,1.0
IDXX,2016-01-13 00:00:00+00:00,67.4,69.725,67.33,69.5,914887,67.4,69.725,67.33,69.5,914887,0.0,1.0
IDXX,2016-01-14 00:00:00+00:00,68.1,68.36,66.7,67.48,877113,68.1,68.36,66.7,67.48,877113,0.0,1.0
IDXX,2016-01-15 00:00:00+00:00,67.12,68.0,66.18,66.87,777968,67.12,68.0,66.18,66.87,777968,0.0,1.0
IDXX,2016-01-19 00:00:00+00:00,66.95,68.375,66.42,67.67,885979,66.95,68.375,66.42,67.67,885979,0.0,1.0
IDXX,2016-01-20 00:00:00+00:00,66.43,67.0,63.84,66.2,1142979,66.43,67.0,63.84,66.2,1142979,0.0,1.0
IDXX,2016-01-21 00:00:00+00:00,65.58,67.24,65.39,66.71,1005916,65.58,67.24,65.39,66.71,1005916,0.0,1.0
IDXX,2016-01-22 00:00:00+00:00,66.36,66.47,63.66,66.01,1600615,66.36,66.47,63.66,66.01,1600615,0.0,1.0
IDXX,2016-01-25 00:00:00+00:00,65.87,66.73,65.57,66.18,761234,65.87,66.73,65.57,66.18,761234,0.0,1.0
IDXX,2016-01-26 00:00:00+00:00,65.79,66.49,65.26,66.04,755497,65.79,66.49,65.26,66.04,755497,0.0,1.0
IDXX,2016-01-27 00:00:00+00:00,65.19,66.5375,64.84,65.62,883382,65.19,66.5375,64.84,65.62,883382,0.0,1.0
IDXX,2016-01-28 00:00:00+00:00,64.67,65.68,63.48,65.61,847002,64.67,65.68,63.48,65.61,847002,0.0,1.0
IDXX,2016-01-29 00:00:00+00:00,70.14,70.44,67.5,67.7,1915802,70.14,70.44,67.5,67.7,1915802,0.0,1.0
IDXX,2016-02-01 00:00:00+00:00,71.4,71.89,68.56,69.85,1373115,71.4,71.89,68.56,69.85,1373115,0.0,1.0
IDXX,2016-02-02 00:00:00+00:00,71.44,72.01,70.29,70.29,1144048,71.44,72.01,70.29,70.29,1144048,0.0,1.0
IDXX,2016-02-03 00:00:00+00:00,71.46,71.95,70.42,71.68,1153263,71.46,71.95,70.42,71.68,1153263,0.0,1.0
IDXX,2016-02-04 00:00:00+00:00,70.92,72.3689,70.72,71.59,722524,70.92,72.3689,70.72,71.59,722524,0.0,1.0
IDXX,2016-02-05 00:00:00+00:00,71.04,71.825,69.7,70.76,1405092,71.04,71.825,69.7,70.76,1405092,0.0,1.0
IDXX,2016-02-08 00:00:00+00:00,69.58,70.46,68.44,70.27,2259950,69.58,70.46,68.44,70.27,2259950,0.0,1.0
IDXX,2016-02-09 00:00:00+00:00,68.49,70.07,67.22,67.74,938024,68.49,70.07,67.22,67.74,938024,0.0,1.0
IDXX,2016-02-10 00:00:00+00:00,69.66,71.05,68.96,69.05,541623,69.66,71.05,68.96,69.05,541623,0.0,1.0
IDXX,2016-02-11 00:00:00+00:00,67.27,69.55,67.0,68.66,680083,67.27,69.55,67.0,68.66,680083,0.0,1.0
IDXX,2016-02-12 00:00:00+00:00,67.85,68.865,66.82,68.09,1039847,67.85,68.865,66.82,68.09,1039847,0.0,1.0
IDXX,2016-02-16 00:00:00+00:00,69.41,69.93,68.16,68.39,490160,69.41,69.93,68.16,68.39,490160,0.0,1.0
IDXX,2016-02-17 00:00:00+00:00,71.52,71.6,69.5301,69.7,531632,71.52,71.6,69.5301,69.7,531632,0.0,1.0
IDXX,2016-02-18 00:00:00+00:00,70.63,71.52,70.03,71.52,436113,70.63,71.52,70.03,71.52,436113,0.0,1.0
IDXX,2016-02-19 00:00:00+00:00,71.34,71.61,70.08,70.11,400549,71.34,71.61,70.08,70.11,400549,0.0,1.0
IDXX,2016-02-22 00:00:00+00:00,71.42,72.49,71.0492,71.84,301503,71.42,72.49,71.0492,71.84,301503,0.0,1.0
IDXX,2016-02-23 00:00:00+00:00,71.7,71.97,70.43,71.17,436148,71.7,71.97,70.43,71.17,436148,0.0,1.0
IDXX,2016-02-24 00:00:00+00:00,72.06,72.26,70.26,71.09,337756,72.06,72.26,70.26,71.09,337756,0.0,1.0
IDXX,2016-02-25 00:00:00+00:00,73.16,73.21,71.58,71.73,470840,73.16,73.21,71.58,71.73,470840,0.0,1.0
IDXX,2016-02-26 00:00:00+00:00,73.48,74.12,73.04,73.51,432788,73.48,74.12,73.04,73.51,432788,0.0,1.0
IDXX,2016-02-29 00:00:00+00:00,73.16,74.4,72.82,73.31,477711,73.16,74.4,72.82,73.31,477711,0.0,1.0
IDXX,2016-03-01 00:00:00+00:00,75.48,75.76,72.6,73.42,731363,75.48,75.76,72.6,73.42,731363,0.0,1.0
IDXX,2016-03-02 00:00:00+00:00,75.59,75.94,74.715,75.23,546018,75.59,75.94,74.715,75.23,546018,0.0,1.0
IDXX,2016-03-03 00:00:00+00:00,75.5,75.88,74.37,75.21,570192,75.5,75.88,74.37,75.21,570192,0.0,1.0
IDXX,2016-03-04 00:00:00+00:00,76.43,76.6,75.235,75.7,769833,76.43,76.6,75.235,75.7,769833,0.0,1.0
IDXX,2016-03-07 00:00:00+00:00,77.77,77.94,76.22,76.22,617798,77.77,77.94,76.22,76.22,617798,0.0,1.0
IDXX,2016-03-08 00:00:00+00:00,77.18,77.82,76.19,77.8,553477,77.18,77.82,76.19,77.8,553477,0.0,1.0
IDXX,2016-03-09 00:00:00+00:00,77.91,78.04,75.08,77.18,598096,77.91,78.04,75.08,77.18,598096,0.0,1.0
IDXX,2016-03-10 00:00:00+00:00,77.41,78.38,76.66,78.38,535188,77.41,78.38,76.66,78.38,535188,0.0,1.0
IDXX,2016-03-11 00:00:00+00:00,78.15,78.49,77.605,78.0,353177,78.15,78.49,77.605,78.0,353177,0.0,1.0
IDXX,2016-03-14 00:00:00+00:00,78.18,78.38,76.84,78.13,328429,78.18,78.38,76.84,78.13,328429,0.0,1.0
IDXX,2016-03-15 00:00:00+00:00,77.04,78.17,76.79,77.49,845745,77.04,78.17,76.79,77.49,845745,0.0,1.0
IDXX,2016-03-16 00:00:00+00:00,74.36,76.41,72.88,76.26,1192109,74.36,76.41,72.88,76.26,1192109,0.0,1.0
IDXX,2016-03-17 00:00:00+00:00,74.62,74.87,72.29,74.1,649341,74.62,74.87,72.29,74.1,649341,0.0,1.0
IDXX,2016-03-18 00:00:00+00:00,75.45,75.57,74.16,74.23,924719,75.45,75.57,74.16,74.23,924719,0.0,1.0
IDXX,2016-03-21 00:00:00+00:00,76.16,76.675,75.45,75.9,497280,76.16,76.675,75.45,75.9,497280,0.0,1.0
IDXX,2016-03-22 00:00:00+00:00,76.6,76.91,75.67,75.67,547655,76.6,76.91,75.67,75.67,547655,0.0,1.0
IDXX,2016-03-23 00:00:00+00:00,75.46,76.53,75.3,76.37,434539,75.46,76.53,75.3,76.37,434539,0.0,1.0
IDXX,2016-03-24 00:00:00+00:00,75.59,75.74,74.48,75.4,416384,75.59,75.74,74.48,75.4,416384,0.0,1.0
IDXX,2016-03-28 00:00:00+00:00,75.86,76.35,75.39,76.0,345755,75.86,76.35,75.39,76.0,345755,0.0,1.0
IDXX,2016-03-29 00:00:00+00:00,78.13,78.34,75.55,75.71,488709,78.13,78.34,75.55,75.71,488709,0.0,1.0
IDXX,2016-03-30 00:00:00+00:00,77.75,78.95,77.56,78.43,402987,77.75,78.95,77.56,78.43,402987,0.0,1.0
IDXX,2016-03-31 00:00:00+00:00,78.32,79.0299,75.03,77.5,625923,78.32,79.0299,75.03,77.5,625923,0.0,1.0
IDXX,2016-04-01 00:00:00+00:00,79.37,79.43,76.55,77.53,683189,79.37,79.43,76.55,77.53,683189,0.0,1.0
IDXX,2016-04-04 00:00:00+00:00,79.75,80.195,78.58,79.27,654416,79.75,80.195,78.58,79.27,654416,0.0,1.0
IDXX,2016-04-05 00:00:00+00:00,79.19,79.84,78.82,79.23,847258,79.19,79.84,78.82,79.23,847258,0.0,1.0
IDXX,2016-04-06 00:00:00+00:00,80.16,80.23,76.98,79.08,434112,80.16,80.23,76.98,79.08,434112,0.0,1.0
IDXX,2016-04-07 00:00:00+00:00,80.48,80.56,78.9,80.0,923925,80.48,80.56,78.9,80.0,923925,0.0,1.0
IDXX,2016-04-08 00:00:00+00:00,80.54,81.19,79.025,80.92,400354,80.54,81.19,79.025,80.92,400354,0.0,1.0
IDXX,2016-04-11 00:00:00+00:00,80.33,81.2,80.065,81.02,392239,80.33,81.2,80.065,81.02,392239,0.0,1.0
IDXX,2016-04-12 00:00:00+00:00,80.34,80.88,79.745,80.29,682000,80.34,80.88,79.745,80.29,682000,0.0,1.0
IDXX,2016-04-13 00:00:00+00:00,80.45,80.99,79.97,80.99,729591,80.45,80.99,79.97,80.99,729591,0.0,1.0
IDXX,2016-04-14 00:00:00+00:00,79.82,80.77,79.29,80.36,1025269,79.82,80.77,79.29,80.36,1025269,0.0,1.0
IDXX,2016-04-15 00:00:00+00:00,79.73,79.955,78.87,79.62,930741,79.73,79.955,78.87,79.62,930741,0.0,1.0
IDXX,2016-04-18 00:00:00+00:00,79.93,80.345,79.295,79.73,925706,79.93,80.345,79.295,79.73,925706,0.0,1.0
IDXX,2016-04-19 00:00:00+00:00,80.32,80.42,79.86,80.42,816125,80.32,80.42,79.86,80.42,816125,0.0,1.0
IDXX,2016-04-20 00:00:00+00:00,80.99,81.43,80.11,80.44,883582,80.99,81.43,80.11,80.44,883582,0.0,1.0
IDXX,2016-04-21 00:00:00+00:00,80.73,81.23,80.17,80.82,812236,80.73,81.23,80.17,80.82,812236,0.0,1.0
IDXX,2016-04-22 00:00:00+00:00,81.11,81.64,80.325,80.48,599951,81.11,81.64,80.325,80.48,599951,0.0,1.0
IDXX,2016-04-25 00:00:00+00:00,81.22,81.49,80.53,80.91,770120,81.22,81.49,80.53,80.91,770120,0.0,1.0
IDXX,2016-04-26 00:00:00+00:00,81.84,81.99,81.05,81.29,747793,81.84,81.99,81.05,81.29,747793,0.0,1.0
IDXX,2016-04-27 00:00:00+00:00,81.93,82.41,80.615,81.61,776324,81.93,82.41,80.615,81.61,776324,0.0,1.0
IDXX,2016-04-28 00:00:00+00:00,80.79,82.06,80.57,81.52,803397,80.79,82.06,80.57,81.52,803397,0.0,1.0
IDXX,2016-04-29 00:00:00+00:00,84.35,84.5,81.39,84.0,2620558,84.35,84.5,81.39,84.0,2620558,0.0,1.0
IDXX,2016-05-02 00:00:00+00:00,85.28,85.43,84.35,85.0,1034880,85.28,85.43,84.35,85.0,1034880,0.0,1.0
IDXX,2016-05-03 00:00:00+00:00,85.15,85.29,84.395,84.48,614474,85.15,85.29,84.395,84.48,614474,0.0,1.0
IDXX,2016-05-04 00:00:00+00:00,85.0,85.46,83.65,84.72,602340,85.0,85.46,83.65,84.72,602340,0.0,1.0
IDXX,2016-05-05 00:00:00+00:00,86.13,86.61,84.48,84.48,750444,86.13,86.61,84.48,84.48,750444,0.0,1.0
IDXX,2016-05-06 00:00:00+00:00,86.59,87.19,85.63,85.63,702219,86.59,87.19,85.63,85.63,702219,0.0,1.0
IDXX,2016-05-09 00:00:00+00:00,87.2,87.37,86.23,86.23,628747,87.2,87.37,86.23,86.23,628747,0.0,1.0
IDXX,2016-05-10 00:00:00+00:00,87.81,87.85,87.09,87.67,939601,87.81,87.85,87.09,87.67,939601,0.0,1.0
IDXX,2016-05-11 00:00:00+00:00,87.12,87.87,87.08,87.82,502824,87.12,87.87,87.08,87.82,502824,0.0,1.0
IDXX,2016-05-12 00:00:00+00:00,87.15,87.76,86.52,87.52,703305,87.15,87.76,86.52,87.52,703305,0.0,1.0
IDXX,2016-05-13 00:00:00+00:00,86.67,87.53,86.52,87.03,1043636,86.67,87.53,86.52,87.03,1043636,0.0,1.0
IDXX,2016-05-16 00:00:00+00:00,88.46,88.54,86.97,87.06,1075193,88.46,88.54,86.97,87.06,1075193,0.0,1.0
IDXX,2016-05-17 00:00:00+00:00,87.23,88.62,86.74,88.02,1051524,87.23,88.62,86.74,88.02,1051524,0.0,1.0
IDXX,2016-05-18 00:00:00+00:00,88.33,88.88,87.21,87.23,940562,88.33,88.88,87.21,87.23,940562,0.0,1.0
IDXX,2016-05-19 00:00:00+00:00,88.18,88.39,87.22,87.75,542663,88.18,88.39,87.22,87.75,542663,0.0,1.0
IDXX,2016-05-20 00:00:00+00:00,88.97,89.24,88.29,88.29,1099074,88.97,89.24,88.29,88.29,1099074,0.0,1.0
IDXX,2016-05-23 00:00:00+00:00,88.12,89.38,87.9,89.27,729317,88.12,89.38,87.9,89.27,729317,0.0,1.0
IDXX,2016-05-24 00:00:00+00:00,90.22,90.33,88.39,88.71,893219,90.22,90.33,88.39,88.71,893219,0.0,1.0
IDXX,2016-05-25 00:00:00+00:00,90.08,91.38,89.7,90.8,593375,90.08,91.38,89.7,90.8,593375,0.0,1.0
IDXX,2016-05-26 00:00:00+00:00,89.74,91.9448,89.495,89.99,740047,89.74,91.9448,89.495,89.99,740047,0.0,1.0
IDXX,2016-05-27 00:00:00+00:00,90.07,90.45,89.42,89.63,906956,90.07,90.45,89.42,89.63,906956,0.0,1.0
IDXX,2016-05-31 00:00:00+00:00,87.57,90.48,87.3,89.96,5798864,87.57,90.48,87.3,89.96,5798864,0.0,1.0
IDXX,2016-06-01 00:00:00+00:00,88.18,88.23,87.14,87.56,1124862,88.18,88.23,87.14,87.56,1124862,0.0,1.0
IDXX,2016-06-02 00:00:00+00:00,88.89,88.89,87.42,87.42,632259,88.89,88.89,87.42,87.42,632259,0.0,1.0
IDXX,2016-06-03 00:00:00+00:00,88.1,89.04,88.03,89.04,500240,88.1,89.04,88.03,89.04,500240,0.0,1.0
IDXX,2016-06-06 00:00:00+00:00,88.04,88.47,87.0,88.06,509163,88.04,88.47,87.0,88.06,509163,0.0,1.0
IDXX,2016-06-07 00:00:00+00:00,88.81,89.3199,88.04,88.38,735775,88.81,89.3199,88.04,88.38,735775,0.0,1.0
IDXX,2016-06-08 00:00:00+00:00,88.88,89.34,87.68,88.63,637914,88.88,89.34,87.68,88.63,637914,0.0,1.0
IDXX,2016-06-09 00:00:00+00:00,90.25,90.25,88.52,88.52,747148,90.25,90.25,88.52,88.52,747148,0.0,1.0
IDXX,2016-06-10 00:00:00+00:00,88.88,89.98,88.65,89.76,526093,88.88,89.98,88.65,89.76,526093,0.0,1.0
IDXX,2016-06-13 00:00:00+00:00,88.92,89.43,88.56,88.6,521685,88.92,89.43,88.56,88.6,521685,0.0,1.0
IDXX,2016-06-14 00:00:00+00:00,89.57,89.62,88.36,89.03,561905,89.57,89.62,88.36,89.03,561905,0.0,1.0
IDXX,2016-06-15 00:00:00+00:00,88.99,89.92,88.77,89.92,553325,88.99,89.92,88.77,89.92,553325,0.0,1.0
IDXX,2016-06-16 00:00:00+00:00,89.01,89.02,87.805,88.24,568256,89.01,89.02,87.805,88.24,568256,0.0,1.0
IDXX,2016-06-17 00:00:00+00:00,87.66,89.415,87.05,88.71,873349,87.66,89.415,87.05,88.71,873349,0.0,1.0
IDXX,2016-06-20 00:00:00+00:00,89.13,90.24,88.44,88.71,687544,89.13,90.24,88.44,88.71,687544,0.0,1.0
IDXX,2016-06-21 00:00:00+00:00,89.66,89.82,88.83,89.13,584387,89.66,89.82,88.83,89.13,584387,0.0,1.0
IDXX,2016-06-22 00:00:00+00:00,90.04,90.57,89.199,89.81,412217,90.04,90.57,89.199,89.81,412217,0.0,1.0
IDXX,2016-06-23 00:00:00+00:00,91.67,91.74,89.25,90.59,526865,91.67,91.74,89.25,90.59,526865,0.0,1.0
IDXX,2016-06-24 00:00:00+00:00,87.76,89.77,87.68,88.88,944217,87.76,89.77,87.68,88.88,944217,0.0,1.0
IDXX,2016-06-27 00:00:00+00:00,86.62,88.625,85.98,87.52,594001,86.62,88.625,85.98,87.52,594001,0.0,1.0
IDXX,2016-06-28 00:00:00+00:00,88.53,88.545,86.84,87.83,570847,88.53,88.545,86.84,87.83,570847,0.0,1.0
IDXX,2016-06-29 00:00:00+00:00,91.11,91.15,89.1,89.5,615917,91.11,91.15,89.1,89.5,615917,0.0,1.0
IDXX,2016-06-30 00:00:00+00:00,92.86,92.87,90.7,91.6,804991,92.86,92.87,90.7,91.6,804991,0.0,1.0
IDXX,2016-07-01 00:00:00+00:00,93.07,93.66,92.575,93.16,409435,93.07,93.66,92.575,93.16,409435,0.0,1.0
IDXX,2016-07-05 00:00:00+00:00,93.38,93.69,92.73,93.1,462028,93.38,93.69,92.73,93.1,462028,0.0,1.0
IDXX,2016-07-06 00:00:00+00:00,93.57,93.7,92.72,93.5,502925,93.57,93.7,92.72,93.5,502925,0.0,1.0
IDXX,2016-07-07 00:00:00+00:00,93.86,94.15,93.4401,93.86,403948,93.86,94.15,93.4401,93.86,403948,0.0,1.0
IDXX,2016-07-08 00:00:00+00:00,94.96,95.0,93.68,94.2,562082,94.96,95.0,93.68,94.2,562082,0.0,1.0
IDXX,2016-07-11 00:00:00+00:00,94.6,95.3,94.45,94.97,480560,94.6,95.3,94.45,94.97,480560,0.0,1.0
IDXX,2016-07-12 00:00:00+00:00,94.22,95.5,94.08,94.8,353101,94.22,95.5,94.08,94.8,353101,0.0,1.0
IDXX,2016-07-13 00:00:00+00:00,93.65,94.675,93.44,94.23,383482,93.65,94.675,93.44,94.23,383482,0.0,1.0
IDXX,2016-07-14 00:00:00+00:00,93.21,94.02,93.03,93.81,473780,93.21,94.02,93.03,93.81,473780,0.0,1.0
IDXX,2016-07-15 00:00:00+00:00,93.49,93.56,92.93,93.22,401555,93.49,93.56,92.93,93.22,401555,0.0,1.0
IDXX,2016-07-18 00:00:00+00:00,93.76,94.2399,93.51,93.69,283178,93.76,94.2399,93.51,93.69,283178,0.0,1.0
IDXX,2016-07-19 00:00:00+00:00,94.06,94.16,93.0,93.51,394283,94.06,94.16,93.0,93.51,394283,0.0,1.0
IDXX,2016-07-20 00:00:00+00:00,95.25,95.4699,94.325,94.63,334913,95.25,95.4699,94.325,94.63,334913,0.0,1.0
IDXX,2016-07-21 00:00:00+00:00,94.26,95.55,93.96,95.0,235894,94.26,95.55,93.96,95.0,235894,0.0,1.0
IDXX,2016-07-22 00:00:00+00:00,94.44,94.565,93.33,94.55,265983,94.44,94.565,93.33,94.55,265983,0.0,1.0
IDXX,2016-07-25 00:00:00+00:00,93.07,94.51,92.9,94.51,429092,93.07,94.51,92.9,94.51,429092,0.0,1.0
IDXX,2016-07-26 00:00:00+00:00,93.7,93.83,93.0,93.0,368436,93.7,93.83,93.0,93.0,368436,0.0,1.0
IDXX,2016-07-27 00:00:00+00:00,92.77,94.16,92.54,93.75,677200,92.77,94.16,92.54,93.75,677200,0.0,1.0
IDXX,2016-07-28 00:00:00+00:00,93.21,93.785,92.52,92.77,598631,93.21,93.785,92.52,92.77,598631,0.0,1.0
IDXX,2016-07-29 00:00:00+00:00,93.79,94.46,93.01,93.01,362736,93.79,94.46,93.01,93.01,362736,0.0,1.0
IDXX,2016-08-01 00:00:00+00:00,93.51,94.46,93.14,93.43,588050,93.51,94.46,93.14,93.43,588050,0.0,1.0
IDXX,2016-08-02 00:00:00+00:00,105.88,108.64,103.13,103.76,2737665,105.88,108.64,103.13,103.76,2737665,0.0,1.0
IDXX,2016-08-03 00:00:00+00:00,107.97,109.93,104.02,105.0,1488302,107.97,109.93,104.02,105.0,1488302,0.0,1.0
IDXX,2016-08-04 00:00:00+00:00,107.98,108.5,107.02,107.18,975472,107.98,108.5,107.02,107.18,975472,0.0,1.0
IDXX,2016-08-05 00:00:00+00:00,109.05,109.492,108.11,108.57,421544,109.05,109.492,108.11,108.57,421544,0.0,1.0
IDXX,2016-08-08 00:00:00+00:00,108.62,109.365,108.27,108.8,504653,108.62,109.365,108.27,108.8,504653,0.0,1.0
IDXX,2016-08-09 00:00:00+00:00,110.98,111.37,108.72,108.87,580637,110.98,111.37,108.72,108.87,580637,0.0,1.0
IDXX,2016-08-10 00:00:00+00:00,109.89,110.75,109.06,110.75,512927,109.89,110.75,109.06,110.75,512927,0.0,1.0
IDXX,2016-08-11 00:00:00+00:00,110.96,111.13,109.74,110.0,596798,110.96,111.13,109.74,110.0,596798,0.0,1.0
IDXX,2016-08-12 00:00:00+00:00,110.78,111.195,110.38,110.9,255455,110.78,111.195,110.38,110.9,255455,0.0,1.0
IDXX,2016-08-15 00:00:00+00:00,111.92,112.26,111.07,111.48,430940,111.92,112.26,111.07,111.48,430940,0.0,1.0
IDXX,2016-08-16 00:00:00+00:00,110.94,111.98,110.87,111.75,446718,110.94,111.98,110.87,111.75,446718,0.0,1.0
IDXX,2016-08-17 00:00:00+00:00,110.81,111.41,110.36,111.41,306836,110.81,111.41,110.36,111.41,306836,0.0,1.0
IDXX,2016-08-18 00:00:00+00:00,110.84,111.15,110.36,110.87,290173,110.84,111.15,110.36,110.87,290173,0.0,1.0
IDXX,2016-08-19 00:00:00+00:00,111.17,111.765,110.27,111.0,320813,111.17,111.765,110.27,111.0,320813,0.0,1.0
IDXX,2016-08-22 00:00:00+00:00,110.46,111.875,110.05,111.43,558743,110.46,111.875,110.05,111.43,558743,0.0,1.0
IDXX,2016-08-23 00:00:00+00:00,110.68,111.38,110.35,110.36,379547,110.68,111.38,110.35,110.36,379547,0.0,1.0
IDXX,2016-08-24 00:00:00+00:00,109.76,110.79,109.4986,110.34,323351,109.76,110.79,109.4986,110.34,323351,0.0,1.0
IDXX,2016-08-25 00:00:00+00:00,109.91,110.555,109.43,109.48,337246,109.91,110.555,109.43,109.48,337246,0.0,1.0
IDXX,2016-08-26 00:00:00+00:00,110.15,111.27,109.48,109.74,433504,110.15,111.27,109.48,109.74,433504,0.0,1.0
IDXX,2016-08-29 00:00:00+00:00,112.09,112.78,110.02,110.15,447794,112.09,112.78,110.02,110.15,447794,0.0,1.0
IDXX,2016-08-30 00:00:00+00:00,113.06,113.48,112.21,112.35,697738,113.06,113.48,112.21,112.35,697738,0.0,1.0
IDXX,2016-08-31 00:00:00+00:00,112.68,113.07,111.75,112.6,422786,112.68,113.07,111.75,112.6,422786,0.0,1.0
IDXX,2016-09-01 00:00:00+00:00,113.16,113.89,112.26,113.01,385749,113.16,113.89,112.26,113.01,385749,0.0,1.0
IDXX,2016-09-02 00:00:00+00:00,114.09,114.19,113.3,113.3,313383,114.09,114.19,113.3,113.3,313383,0.0,1.0
IDXX,2016-09-06 00:00:00+00:00,113.95,114.51,113.08,114.21,435636,113.95,114.51,113.08,114.21,435636,0.0,1.0
IDXX,2016-09-07 00:00:00+00:00,114.76,115.06,113.8,114.07,435901,114.76,115.06,113.8,114.07,435901,0.0,1.0
IDXX,2016-09-08 00:00:00+00:00,114.2,114.83,113.82,114.61,339361,114.2,114.83,113.82,114.61,339361,0.0,1.0
IDXX,2016-09-09 00:00:00+00:00,109.97,113.39,109.92,113.35,422432,109.97,113.39,109.92,113.35,422432,0.0,1.0
IDXX,2016-09-12 00:00:00+00:00,111.64,111.75,109.17,109.6,431159,111.64,111.75,109.17,109.6,431159,0.0,1.0
IDXX,2016-09-13 00:00:00+00:00,108.17,111.0,108.16,111.0,602111,108.17,111.0,108.16,111.0,602111,0.0,1.0
IDXX,2016-09-14 00:00:00+00:00,108.57,109.04,107.71,108.18,376684,108.57,109.04,107.71,108.18,376684,0.0,1.0
IDXX,2016-09-15 00:00:00+00:00,109.56,109.84,108.31,108.48,392109,109.56,109.84,108.31,108.48,392109,0.0,1.0
IDXX,2016-09-16 00:00:00+00:00,109.54,110.0,108.11,108.89,816211,109.54,110.0,108.11,108.89,816211,0.0,1.0
IDXX,2016-09-19 00:00:00+00:00,110.64,111.26,109.495,109.53,324022,110.64,111.26,109.495,109.53,324022,0.0,1.0
IDXX,2016-09-20 00:00:00+00:00,111.83,112.22,111.07,111.7,390475,111.83,112.22,111.07,111.7,390475,0.0,1.0
IDXX,2016-09-21 00:00:00+00:00,112.07,112.49,110.42,111.85,508590,112.07,112.49,110.42,111.85,508590,0.0,1.0
IDXX,2016-09-22 00:00:00+00:00,113.09,114.1,112.45,112.89,442241,113.09,114.1,112.45,112.89,442241,0.0,1.0
IDXX,2016-09-23 00:00:00+00:00,111.36,112.87,111.13,112.51,353683,111.36,112.87,111.13,112.51,353683,0.0,1.0
IDXX,2016-09-26 00:00:00+00:00,110.96,111.695,110.865,111.55,203736,110.96,111.695,110.865,111.55,203736,0.0,1.0
IDXX,2016-09-27 00:00:00+00:00,113.27,113.98,110.51,111.29,423250,113.27,113.98,110.51,111.29,423250,0.0,1.0
IDXX,2016-09-28 00:00:00+00:00,113.41,113.52,112.32,113.36,272688,113.41,113.52,112.32,113.36,272688,0.0,1.0
IDXX,2016-09-29 00:00:00+00:00,111.87,113.29,111.27,112.94,369505,111.87,113.29,111.27,112.94,369505,0.0,1.0
IDXX,2016-09-30 00:00:00+00:00,112.73,113.22,111.57,111.98,404716,112.73,113.22,111.57,111.98,404716,0.0,1.0
IDXX,2016-10-03 00:00:00+00:00,113.12,113.27,112.07,112.37,412737,113.12,113.27,112.07,112.37,412737,0.0,1.0
IDXX,2016-10-04 00:00:00+00:00,112.93,113.81,112.22,112.92,579428,112.93,113.81,112.22,112.92,579428,0.0,1.0
IDXX,2016-10-05 00:00:00+00:00,112.92,113.69,112.57,112.95,501008,112.92,113.69,112.57,112.95,501008,0.0,1.0
IDXX,2016-10-06 00:00:00+00:00,113.11,114.07,112.65,112.9,529481,113.11,114.07,112.65,112.9,529481,0.0,1.0
IDXX,2016-10-07 00:00:00+00:00,115.32,115.52,112.765,113.33,794646,115.32,115.52,112.765,113.33,794646,0.0,1.0
IDXX,2016-10-10 00:00:00+00:00,117.04,117.84,115.458,115.47,271210,117.04,117.84,115.458,115.47,271210,0.0,1.0
IDXX,2016-10-11 00:00:00+00:00,112.84,117.03,112.45,117.03,371572,112.84,117.03,112.45,117.03,371572,0.0,1.0
IDXX,2016-10-12 00:00:00+00:00,111.73,113.73,111.57,113.14,464118,111.73,113.73,111.57,113.14,464118,0.0,1.0
IDXX,2016-10-13 00:00:00+00:00,110.73,111.71,110.47,111.01,514964,110.73,111.71,110.47,111.01,514964,0.0,1.0
IDXX,2016-10-14 00:00:00+00:00,111.1,111.73,110.65,111.61,405187,111.1,111.73,110.65,111.61,405187,0.0,1.0
IDXX,2016-10-17 00:00:00+00:00,111.27,111.725,110.57,111.0,549706,111.27,111.725,110.57,111.0,549706,0.0,1.0
IDXX,2016-10-18 00:00:00+00:00,112.57,113.12,111.7,112.6,344136,112.57,113.12,111.7,112.6,344136,0.0,1.0
IDXX,2016-10-19 00:00:00+00:00,112.78,113.3,112.21,112.39,363794,112.78,113.3,112.21,112.39,363794,0.0,1.0
IDXX,2016-10-20 00:00:00+00:00,112.06,113.26,111.6,112.42,299949,112.06,113.26,111.6,112.42,299949,0.0,1.0
IDXX,2016-10-21 00:00:00+00:00,110.48,111.31,110.24,111.31,294955,110.48,111.31,110.24,111.31,294955,0.0,1.0
IDXX,2016-10-24 00:00:00+00:00,113.38,113.64,110.65,111.28,417163,113.38,113.64,110.65,111.28,417163,0.0,1.0
IDXX,2016-10-25 00:00:00+00:00,110.98,114.11,110.83,113.68,287808,110.98,114.11,110.83,113.68,287808,0.0,1.0
IDXX,2016-10-26 00:00:00+00:00,106.67,110.43,105.89,109.5,909062,106.67,110.43,105.89,109.5,909062,0.0,1.0
IDXX,2016-10-27 00:00:00+00:00,104.91,107.27,104.55,107.21,695374,104.91,107.27,104.55,107.21,695374,0.0,1.0
IDXX,2016-10-28 00:00:00+00:00,105.05,106.47,104.22,104.32,505786,105.05,106.47,104.22,104.32,505786,0.0,1.0
IDXX,2016-10-31 00:00:00+00:00,107.14,107.65,103.765,104.9,777922,107.14,107.65,103.765,104.9,777922,0.0,1.0
IDXX,2016-11-01 00:00:00+00:00,103.98,110.45,102.45,110.05,1163331,103.98,110.45,102.45,110.05,1163331,0.0,1.0
IDXX,2016-11-02 00:00:00+00:00,105.44,105.89,103.2582,103.71,816938,105.44,105.89,103.2582,103.71,816938,0.0,1.0
IDXX,2016-11-03 00:00:00+00:00,105.07,106.44,104.93,105.4,533933,105.07,106.44,104.93,105.4,533933,0.0,1.0
IDXX,2016-11-04 00:00:00+00:00,106.21,107.65,105.49,105.49,593627,106.21,107.65,105.49,105.49,593627,0.0,1.0
IDXX,2016-11-07 00:00:00+00:00,108.53,109.66,107.567,107.9,470237,108.53,109.66,107.567,107.9,470237,0.0,1.0
IDXX,2016-11-08 00:00:00+00:00,109.45,110.97,107.97,108.31,346309,109.45,110.97,107.97,108.31,346309,0.0,1.0
IDXX,2016-11-09 00:00:00+00:00,109.11,109.27,104.211,107.35,540078,109.11,109.27,104.211,107.35,540078,0.0,1.0
IDXX,2016-11-10 00:00:00+00:00,108.76,111.03,106.55,110.13,594636,108.76,111.03,106.55,110.13,594636,0.0,1.0
IDXX,2016-11-11 00:00:00+00:00,109.17,109.64,107.59,108.46,441036,109.17,109.64,107.59,108.46,441036,0.0,1.0
IDXX,2016-11-14 00:00:00+00:00,109.3,110.35,108.99,109.91,472921,109.3,110.35,108.99,109.91,472921,0.0,1.0
IDXX,2016-11-15 00:00:00+00:00,113.09,113.43,109.35,109.35,648275,113.09,113.43,109.35,109.35,648275,0.0,1.0
IDXX,2016-11-16 00:00:00+00:00,112.75,114.17,112.41,112.41,471297,112.75,114.17,112.41,112.41,471297,0.0,1.0
IDXX,2016-11-17 00:00:00+00:00,115.19,115.406,112.67,112.76,552207,115.19,115.406,112.67,112.76,552207,0.0,1.0
IDXX,2016-11-18 00:00:00+00:00,116.13,116.5,114.72,115.53,490275,116.13,116.5,114.72,115.53,490275,0.0,1.0
IDXX,2016-11-21 00:00:00+00:00,118.54,119.86,118.12,119.64,799010,118.54,119.86,118.12,119.64,799010,0.0,1.0
IDXX,2016-11-22 00:00:00+00:00,119.88,120.08,117.78,118.74,823882,119.88,120.08,117.78,118.74,823882,0.0,1.0
IDXX,2016-11-23 00:00:00+00:00,120.16,120.78,119.09,119.9,520541,120.16,120.78,119.09,119.9,520541,0.0,1.0
IDXX,2016-11-25 00:00:00+00:00,120.27,120.8,119.78,120.16,217757,120.27,120.8,119.78,120.16,217757,0.0,1.0
IDXX,2016-11-28 00:00:00+00:00,119.48,120.7934,118.82,120.15,450119,119.48,120.7934,118.82,120.15,450119,0.0,1.0
IDXX,2016-11-29 00:00:00+00:00,120.34,121.06,119.435,119.75,490278,120.34,121.06,119.435,119.75,490278,0.0,1.0
IDXX,2016-11-30 00:00:00+00:00,117.65,120.81,117.65,120.53,708257,117.65,120.81,117.65,120.53,708257,0.0,1.0
IDXX,2016-12-01 00:00:00+00:00,114.17,120.94,113.47,118.19,897682,114.17,120.94,113.47,118.19,897682,0.0,1.0
IDXX,2016-12-02 00:00:00+00:00,114.58,115.81,114.11,114.17,625519,114.58,115.81,114.11,114.17,625519,0.0,1.0
IDXX,2016-12-05 00:00:00+00:00,114.1,115.87,113.735,114.8,757549,114.1,115.87,113.735,114.8,757549,0.0,1.0
IDXX,2016-12-06 00:00:00+00:00,115.72,115.76,113.71,114.71,577669,115.72,115.76,113.71,114.71,577669,0.0,1.0
IDXX,2016-12-07 00:00:00+00:00,118.02,118.47,115.04,115.73,456040,118.02,118.47,115.04,115.73,456040,0.0,1.0
IDXX,2016-12-08 00:00:00+00:00,118.79,118.84,117.05,118.11,401022,118.79,118.84,117.05,118.11,401022,0.0,1.0
IDXX,2016-12-09 00:00:00+00:00,118.24,119.79,118.1,119.21,482963,118.24,119.79,118.1,119.21,482963,0.0,1.0
IDXX,2016-12-12 00:00:00+00:00,120.29,120.48,117.77,118.36,515116,120.29,120.48,117.77,118.36,515116,0.0,1.0
IDXX,2016-12-13 00:00:00+00:00,120.83,121.7699,119.85,120.75,414423,120.83,121.7699,119.85,120.75,414423,0.0,1.0
IDXX,2016-12-14 00:00:00+00:00,119.77,121.6,119.2,121.06,582014,119.77,121.6,119.2,121.06,582014,0.0,1.0
IDXX,2016-12-15 00:00:00+00:00,119.91,120.773,119.3,119.64,450810,119.91,120.773,119.3,119.64,450810,0.0,1.0
IDXX,2016-12-16 00:00:00+00:00,119.43,120.47,119.12,119.2,1208326,119.43,120.47,119.12,119.2,1208326,0.0,1.0
IDXX,2016-12-19 00:00:00+00:00,119.03,120.48,118.82,120.21,445841,119.03,120.48,118.82,120.21,445841,0.0,1.0
IDXX,2016-12-20 00:00:00+00:00,118.4,119.55,118.12,119.13,441112,118.4,119.55,118.12,119.13,441112,0.0,1.0
IDXX,2016-12-21 00:00:00+00:00,119.56,120.1,118.66,118.66,350118,119.56,120.1,118.66,118.66,350118,0.0,1.0
IDXX,2016-12-22 00:00:00+00:00,119.09,120.0,118.92,119.59,280760,119.09,120.0,118.92,119.59,280760,0.0,1.0
IDXX,2016-12-23 00:00:00+00:00,119.88,120.33,119.0,119.34,250450,119.88,120.33,119.0,119.34,250450,0.0,1.0
IDXX,2016-12-27 00:00:00+00:00,119.75,120.85,119.64,120.12,268088,119.75,120.85,119.64,120.12,268088,0.0,1.0
IDXX,2016-12-28 00:00:00+00:00,117.75,120.895,117.59,119.79,301677,117.75,120.895,117.59,119.79,301677,0.0,1.0
IDXX,2016-12-29 00:00:00+00:00,118.08,118.68,117.53,117.73,430863,118.08,118.68,117.53,117.73,430863,0.0,1.0
IDXX,2016-12-30 00:00:00+00:00,117.27,118.935,117.15,118.61,535087,117.27,118.935,117.15,118.61,535087,0.0,1.0
IDXX,2017-01-03 00:00:00+00:00,117.6,119.18,117.1701,118.29,569453,117.6,119.18,117.1701,118.29,569453,0.0,1.0
IDXX,2017-01-04 00:00:00+00:00,115.95,118.26,113.92,118.02,20606473,115.95,118.26,113.92,118.02,20606473,0.0,1.0
IDXX,2017-01-05 00:00:00+00:00,115.96,118.36,115.9,116.15,1312358,115.96,118.36,115.9,116.15,1312358,0.0,1.0
IDXX,2017-01-06 00:00:00+00:00,118.36,118.91,115.3,115.99,946358,118.36,118.91,115.3,115.99,946358,0.0,1.0
IDXX,2017-01-09 00:00:00+00:00,119.02,120.86,118.07,120.26,1038924,119.02,120.86,118.07,120.26,1038924,0.0,1.0
IDXX,2017-01-10 00:00:00+00:00,120.71,121.81,119.11,119.14,958328,120.71,121.81,119.11,119.14,958328,0.0,1.0
IDXX,2017-01-11 00:00:00+00:00,121.12,121.69,119.83,120.99,700022,121.12,121.69,119.83,120.99,700022,0.0,1.0
IDXX,2017-01-12 00:00:00+00:00,120.64,120.83,118.71,120.83,706687,120.64,120.83,118.71,120.83,706687,0.0,1.0
IDXX,2017-01-13 00:00:00+00:00,120.8,121.72,120.03,120.44,651573,120.8,121.72,120.03,120.44,651573,0.0,1.0
IDXX,2017-01-17 00:00:00+00:00,120.01,121.535,119.43,120.88,813556,120.01,121.535,119.43,120.88,813556,0.0,1.0
IDXX,2017-01-18 00:00:00+00:00,118.9,120.418,118.24,120.16,730228,118.9,120.418,118.24,120.16,730228,0.0,1.0
IDXX,2017-01-19 00:00:00+00:00,120.28,120.49,118.4,119.24,546860,120.28,120.49,118.4,119.24,546860,0.0,1.0
IDXX,2017-01-20 00:00:00+00:00,118.88,120.79,118.69,120.43,605350,118.88,120.79,118.69,120.43,605350,0.0,1.0
IDXX,2017-01-23 00:00:00+00:00,117.74,119.22,116.54,119.02,611756,117.74,119.22,116.54,119.02,611756,0.0,1.0
IDXX,2017-01-24 00:00:00+00:00,118.51,118.98,117.4,118.07,466432,118.51,118.98,117.4,118.07,466432,0.0,1.0
IDXX,2017-01-25 00:00:00+00:00,121.4,121.47,118.65,118.84,550342,121.4,121.47,118.65,118.84,550342,0.0,1.0
IDXX,2017-01-26 00:00:00+00:00,119.61,121.39,118.8,120.88,762012,119.61,121.39,118.8,120.88,762012,0.0,1.0
IDXX,2017-01-27 00:00:00+00:00,121.66,121.78,119.65,120.02,531517,121.66,121.78,119.65,120.02,531517,0.0,1.0
IDXX,2017-01-30 00:00:00+00:00,120.5,121.57,119.84,121.57,789769,120.5,121.57,119.84,121.57,789769,0.0,1.0
IDXX,2017-01-31 00:00:00+00:00,122.33,122.47,120.23,120.51,869795,122.33,122.47,120.23,120.51,869795,0.0,1.0
IDXX,2017-02-01 00:00:00+00:00,122.8,123.26,121.19,122.4,944366,122.8,123.26,121.19,122.4,944366,0.0,1.0
IDXX,2017-02-02 00:00:00+00:00,139.07,139.9,125.02,125.5,27967,139.07,139.9,125.02,125.5,27967,0.0,1.0
IDXX,2017-02-03 00:00:00+00:00,142.02,142.86,138.52,139.53,1758148,142.02,142.86,138.52,139.53,1758148,0.0,1.0
IDXX,2017-02-06 00:00:00+00:00,142.01,142.32,140.21,142.0,1145044,142.01,142.32,140.21,142.0,1145044,0.0,1.0
IDXX,2017-02-07 00:00:00+00:00,143.13,143.47,141.79,142.23,864817,143.13,143.47,141.79,142.23,864817,0.0,1.0
IDXX,2017-02-08 00:00:00+00:00,141.11,143.09,141.0,142.83,1358731,141.11,143.09,141.0,142.83,1358731,0.0,1.0
IDXX,2017-02-09 00:00:00+00:00,142.11,142.54,140.86,141.48,776761,142.11,142.54,140.86,141.48,776761,0.0,1.0
IDXX,2017-02-10 00:00:00+00:00,141.83,142.51,141.49,142.07,435483,141.83,142.51,141.49,142.07,435483,0.0,1.0
IDXX,2017-02-13 00:00:00+00:00,141.7,142.9,141.32,142.73,570982,141.7,142.9,141.32,142.73,570982,0.0,1.0
IDXX,2017-02-14 00:00:00+00:00,141.6,142.0,140.63,141.11,682783,141.6,142.0,140.63,141.11,682783,0.0,1.0
IDXX,2017-02-15 00:00:00+00:00,141.74,142.09,140.65,140.89,859407,141.74,142.09,140.65,140.89,859407,0.0,1.0
IDXX,2017-02-16 00:00:00+00:00,141.95,142.38,140.99,141.93,407324,141.95,142.38,140.99,141.93,407324,0.0,1.0
IDXX,2017-02-17 00:00:00+00:00,142.23,142.7,141.12,141.71,426961,142.23,142.7,141.12,141.71,426961,0.0,1.0
IDXX,2017-02-21 00:00:00+00:00,142.4,143.06,141.52,142.3,539709,142.4,143.06,141.52,142.3,539709,0.0,1.0
IDXX,2017-02-22 00:00:00+00:00,142.25,143.05,141.8,142.16,584507,142.25,143.05,141.8,142.16,584507,0.0,1.0
IDXX,2017-02-23 00:00:00+00:00,143.02,143.56,141.83,142.63,510486,143.02,143.56,141.83,142.63,510486,0.0,1.0
IDXX,2017-02-24 00:00:00+00:00,143.06,143.92,141.02,142.81,571682,143.06,143.92,141.02,142.81,571682,0.0,1.0
IDXX,2017-02-27 00:00:00+00:00,143.61,144.33,142.5,143.35,573370,143.61,144.33,142.5,143.35,573370,0.0,1.0
IDXX,2017-02-28 00:00:00+00:00,144.94,146.17,143.8,143.94,744706,144.94,146.17,143.8,143.94,744706,0.0,1.0
IDXX,2017-03-01 00:00:00+00:00,147.01,148.22,145.37,145.84,796928,147.01,148.22,145.37,145.84,796928,0.0,1.0
IDXX,2017-03-02 00:00:00+00:00,146.1,147.26,145.75,147.0,523140,146.1,147.26,145.75,147.0,523140,0.0,1.0
IDXX,2017-03-03 00:00:00+00:00,147.13,147.67,146.22,146.66,658902,147.13,147.67,146.22,146.66,658902,0.0,1.0
IDXX,2017-03-06 00:00:00+00:00,147.08,147.75,145.52,146.36,638106,147.08,147.75,145.52,146.36,638106,0.0,1.0
IDXX,2017-03-07 00:00:00+00:00,147.03,147.7,145.24,146.74,752590,147.03,147.7,145.24,146.74,752590,0.0,1.0
IDXX,2017-03-08 00:00:00+00:00,146.88,147.7,146.51,147.35,412618,146.88,147.7,146.51,147.35,412618,0.0,1.0
IDXX,2017-03-09 00:00:00+00:00,149.41,149.57,146.42,146.77,628446,149.41,149.57,146.42,146.77,628446,0.0,1.0
IDXX,2017-03-10 00:00:00+00:00,150.28,151.99,149.1,150.33,725131,150.28,151.99,149.1,150.33,725131,0.0,1.0
IDXX,2017-03-13 00:00:00+00:00,151.6,151.97,150.19,150.66,500890,151.6,151.97,150.19,150.66,500890,0.0,1.0
IDXX,2017-03-14 00:00:00+00:00,151.21,151.89,150.45,151.73,388728,151.21,151.89,150.45,151.73,388728,0.0,1.0
IDXX,2017-03-15 00:00:00+00:00,153.68,153.87,151.07,151.45,583579,153.68,153.87,151.07,151.45,583579,0.0,1.0
IDXX,2017-03-16 00:00:00+00:00,151.62,153.95,151.28,153.94,1033559,151.62,153.95,151.28,153.94,1033559,0.0,1.0
IDXX,2017-03-17 00:00:00+00:00,151.95,152.43,151.3,151.77,3389175,151.95,152.43,151.3,151.77,3389175,0.0,1.0
IDXX,2017-03-20 00:00:00+00:00,151.54,152.42,150.49,152.18,764524,151.54,152.42,150.49,152.18,764524,0.0,1.0
IDXX,2017-03-21 00:00:00+00:00,150.11,152.34,148.61,151.9,680347,150.11,152.34,148.61,151.9,680347,0.0,1.0
IDXX,2017-03-22 00:00:00+00:00,152.88,153.94,150.56,152.22,618481,152.88,153.94,150.56,152.22,618481,0.0,1.0
IDXX,2017-03-23 00:00:00+00:00,152.89,153.69,151.65,152.44,522088,152.89,153.69,151.65,152.44,522088,0.0,1.0
IDXX,2017-03-24 00:00:00+00:00,153.74,154.57,152.87,153.22,538419,153.74,154.57,152.87,153.22,538419,0.0,1.0
IDXX,2017-03-27 00:00:00+00:00,153.96,154.49,151.8,152.98,460058,153.96,154.49,151.8,152.98,460058,0.0,1.0
IDXX,2017-03-28 00:00:00+00:00,153.81,154.41,152.34,153.51,423183,153.81,154.41,152.34,153.51,423183,0.0,1.0
IDXX,2017-03-29 00:00:00+00:00,154.72,154.9,153.57,153.57,397978,154.72,154.9,153.57,153.57,397978,0.0,1.0
IDXX,2017-03-30 00:00:00+00:00,154.52,154.99,153.9,154.45,244427,154.52,154.99,153.9,154.45,244427,0.0,1.0
IDXX,2017-03-31 00:00:00+00:00,154.61,155.65,153.69,154.0,466473,154.61,155.65,153.69,154.0,466473,0.0,1.0
IDXX,2017-04-03 00:00:00+00:00,155.28,155.74,153.59,155.07,481211,155.28,155.74,153.59,155.07,481211,0.0,1.0
IDXX,2017-04-04 00:00:00+00:00,155.12,156.54,153.88,156.54,508511,155.12,156.54,153.88,156.54,508511,0.0,1.0
IDXX,2017-04-05 00:00:00+00:00,154.72,157.03,154.1,155.08,617755,154.72,157.03,154.1,155.08,617755,0.0,1.0
IDXX,2017-04-06 00:00:00+00:00,154.56,155.13,153.33,154.59,579647,154.56,155.13,153.33,154.59,579647,0.0,1.0
IDXX,2017-04-07 00:00:00+00:00,155.48,156.14,154.75,154.84,530698,155.48,156.14,154.75,154.84,530698,0.0,1.0
IDXX,2017-04-10 00:00:00+00:00,154.58,156.36,153.99,155.47,374406,154.58,156.36,153.99,155.47,374406,0.0,1.0
IDXX,2017-04-11 00:00:00+00:00,154.69,154.95,153.75,154.24,471390,154.69,154.95,153.75,154.24,471390,0.0,1.0
IDXX,2017-04-12 00:00:00+00:00,154.2,155.35,153.84,155.27,437259,154.2,155.35,153.84,155.27,437259,0.0,1.0
IDXX,2017-04-13 00:00:00+00:00,153.6,155.19,153.38,153.75,369315,153.6,155.19,153.38,153.75,369315,0.0,1.0
IDXX,2017-04-17 00:00:00+00:00,155.28,155.78,153.24,154.28,492159,155.28,155.78,153.24,154.28,492159,0.0,1.0
IDXX,2017-04-18 00:00:00+00:00,155.68,155.99,154.2,155.1,552427,155.68,155.99,154.2,155.1,552427,0.0,1.0
IDXX,2017-04-19 00:00:00+00:00,157.08,157.65,155.86,156.55,477335,157.08,157.65,155.86,156.55,477335,0.0,1.0
IDXX,2017-04-20 00:00:00+00:00,159.52,159.77,156.75,157.81,492499,159.52,159.77,156.75,157.81,492499,0.0,1.0
IDXX,2017-04-21 00:00:00+00:00,159.12,159.92,158.23,159.61,455639,159.12,159.92,158.23,159.61,455639,0.0,1.0
IDXX,2017-04-24 00:00:00+00:00,161.87,162.99,161.18,161.92,739901,161.87,162.99,161.18,161.92,739901,0.0,1.0
IDXX,2017-04-25 00:00:00+00:00,162.43,163.29,162.21,162.39,462739,162.43,163.29,162.21,162.39,462739,0.0,1.0
IDXX,2017-04-26 00:00:00+00:00,162.82,163.37,161.36,162.7,643228,162.82,163.37,161.36,162.7,643228,0.0,1.0
IDXX,2017-04-27 00:00:00+00:00,162.76,163.39,161.19,162.8,799451,162.76,163.39,161.19,162.8,799451,0.0,1.0
IDXX,2017-04-28 00:00:00+00:00,167.73,172.0,165.25,166.02,1693736,167.73,172.0,165.25,166.02,1693736,0.0,1.0
IDXX,2017-05-01 00:00:00+00:00,163.73,168.3,162.25,168.3,1229940,163.73,168.3,162.25,168.3,1229940,0.0,1.0
IDXX,2017-05-02 00:00:00+00:00,163.73,164.2,162.39,164.2,811556,163.73,164.2,162.39,164.2,811556,0.0,1.0
IDXX,2017-05-03 00:00:00+00:00,160.28,164.86,160.18,163.73,780282,160.28,164.86,160.18,163.73,780282,0.0,1.0
IDXX,2017-05-04 00:00:00+00:00,160.46,161.02,158.83,160.47,766092,160.46,161.02,158.83,160.47,766092,0.0,1.0
IDXX,2017-05-05 00:00:00+00:00,162.47,162.76,160.11,161.02,769841,162.47,162.76,160.11,161.02,769841,0.0,1.0
IDXX,2017-05-08 00:00:00+00:00,161.66,162.65,160.56,161.89,398156,161.66,162.65,160.56,161.89,398156,0.0,1.0
IDXX,2017-05-09 00:00:00+00:00,162.06,162.25,160.8,160.8,454250,162.06,162.25,160.8,160.8,454250,0.0,1.0
IDXX,2017-05-10 00:00:00+00:00,163.01,163.63,161.55,162.08,593467,163.01,163.63,161.55,162.08,593467,0.0,1.0
IDXX,2017-05-11 00:00:00+00:00,163.17,163.27,161.83,162.07,362635,163.17,163.27,161.83,162.07,362635,0.0,1.0
IDXX,2017-05-12 00:00:00+00:00,163.22,164.0,162.59,163.17,374102,163.22,164.0,162.59,163.17,374102,0.0,1.0
IDXX,2017-05-15 00:00:00+00:00,164.48,164.56,162.71,163.15,356996,164.48,164.56,162.71,163.15,356996,0.0,1.0
IDXX,2017-05-16 00:00:00+00:00,164.72,164.97,163.71,164.9,354250,164.72,164.97,163.71,164.9,354250,0.0,1.0
IDXX,2017-05-17 00:00:00+00:00,161.04,164.06,160.91,163.92,475267,161.04,164.06,160.91,163.92,475267,0.0,1.0
IDXX,2017-05-18 00:00:00+00:00,161.59,162.76,160.51,161.2,606013,161.59,162.76,160.51,161.2,606013,0.0,1.0
IDXX,2017-05-19 00:00:00+00:00,161.63,162.39,160.98,161.75,467673,161.63,162.39,160.98,161.75,467673,0.0,1.0
IDXX,2017-05-22 00:00:00+00:00,162.97,163.25,161.05,161.13,428707,162.97,163.25,161.05,161.13,428707,0.0,1.0
IDXX,2017-05-23 00:00:00+00:00,164.2,164.45,162.68,163.37,417922,164.2,164.45,162.68,163.37,417922,0.0,1.0
IDXX,2017-05-24 00:00:00+00:00,164.6,165.0,163.2,164.57,380608,164.6,165.0,163.2,164.57,380608,0.0,1.0
IDXX,2017-05-25 00:00:00+00:00,167.4,168.43,164.75,165.05,466174,167.4,168.43,164.75,165.05,466174,0.0,1.0
IDXX,2017-05-26 00:00:00+00:00,167.56,168.12,166.58,166.97,383500,167.56,168.12,166.58,166.97,383500,0.0,1.0
IDXX,2017-05-30 00:00:00+00:00,167.93,168.91,167.31,167.44,299308,167.93,168.91,167.31,167.44,299308,0.0,1.0
IDXX,2017-05-31 00:00:00+00:00,168.39,169.23,166.77,168.13,688092,168.39,169.23,166.77,168.13,688092,0.0,1.0
IDXX,2017-06-01 00:00:00+00:00,168.25,169.06,165.19,166.88,1004162,168.25,169.06,165.19,166.88,1004162,0.0,1.0
IDXX,2017-06-02 00:00:00+00:00,169.86,170.18,168.0,168.56,545530,169.86,170.18,168.0,168.56,545530,0.0,1.0
IDXX,2017-06-05 00:00:00+00:00,169.99,171.51,169.53,170.55,391759,169.99,171.51,169.53,170.55,391759,0.0,1.0
IDXX,2017-06-06 00:00:00+00:00,170.88,172.25,169.34,170.09,450793,170.88,172.25,169.34,170.09,450793,0.0,1.0
IDXX,2017-06-07 00:00:00+00:00,171.94,173.01,170.9,171.24,572870,171.94,173.01,170.9,171.24,572870,0.0,1.0
IDXX,2017-06-08 00:00:00+00:00,171.34,172.86,170.32,172.02,458435,171.34,172.86,170.32,172.02,458435,0.0,1.0
IDXX,2017-06-09 00:00:00+00:00,164.56,172.18,164.23,171.71,842828,164.56,172.18,164.23,171.71,842828,0.0,1.0
IDXX,2017-06-12 00:00:00+00:00,158.22,164.56,156.02,164.35,1354045,158.22,164.56,156.02,164.35,1354045,0.0,1.0
IDXX,2017-06-13 00:00:00+00:00,161.3,161.63,158.22,159.35,925944,161.3,161.63,158.22,159.35,925944,0.0,1.0
IDXX,2017-06-14 00:00:00+00:00,160.63,164.26,160.25,162.31,645066,160.63,164.26,160.25,162.31,645066,0.0,1.0
IDXX,2017-06-15 00:00:00+00:00,160.57,160.99,157.88,159.77,740980,160.57,160.99,157.88,159.77,740980,0.0,1.0
IDXX,2017-06-16 00:00:00+00:00,160.71,162.75,159.51,160.21,1081904,160.71,162.75,159.51,160.21,1081904,0.0,1.0
IDXX,2017-06-19 00:00:00+00:00,164.38,164.62,161.19,161.4,584220,164.38,164.62,161.19,161.4,584220,0.0,1.0
IDXX,2017-06-20 00:00:00+00:00,166.02,167.29,163.84,163.9,672386,166.02,167.29,163.84,163.9,672386,0.0,1.0
IDXX,2017-06-21 00:00:00+00:00,166.61,167.07,165.83,166.02,451390,166.61,167.07,165.83,166.02,451390,0.0,1.0
IDXX,2017-06-22 00:00:00+00:00,166.52,167.98,165.44,166.5,417293,166.52,167.98,165.44,166.5,417293,0.0,1.0
IDXX,2017-06-23 00:00:00+00:00,167.35,168.6,165.98,166.5,1112413,167.35,168.6,165.98,166.5,1112413,0.0,1.0
IDXX,2017-06-26 00:00:00+00:00,165.97,168.63,165.79,168.28,534054,165.97,168.63,165.79,168.28,534054,0.0,1.0
IDXX,2017-06-27 00:00:00+00:00,162.44,165.79,162.28,165.57,428375,162.44,165.79,162.28,165.57,428375,0.0,1.0
IDXX,2017-06-28 00:00:00+00:00,164.65,164.93,162.44,162.92,556413,164.65,164.93,162.44,162.92,556413,0.0,1.0
IDXX,2017-06-29 00:00:00+00:00,160.54,164.22,159.0,164.22,555562,160.54,164.22,159.0,164.22,555562,0.0,1.0
IDXX,2017-06-30 00:00:00+00:00,161.42,162.85,160.58,161.47,571952,161.42,162.85,160.58,161.47,571952,0.0,1.0
IDXX,2017-07-03 00:00:00+00:00,159.32,163.76,159.17,162.39,325179,159.32,163.76,159.17,162.39,325179,0.0,1.0
IDXX,2017-07-05 00:00:00+00:00,161.38,161.97,159.45,159.51,735479,161.38,161.97,159.45,159.51,735479,0.0,1.0
IDXX,2017-07-06 00:00:00+00:00,159.26,160.99,157.77,160.23,651141,159.26,160.99,157.77,160.23,651141,0.0,1.0
IDXX,2017-07-07 00:00:00+00:00,161.43,162.36,159.55,159.82,400344,161.43,162.36,159.55,159.82,400344,0.0,1.0
IDXX,2017-07-10 00:00:00+00:00,161.51,162.74,160.42,161.02,804817,161.51,162.74,160.42,161.02,804817,0.0,1.0
IDXX,2017-07-11 00:00:00+00:00,161.72,162.36,160.0,161.76,1150627,161.72,162.36,160.0,161.76,1150627,0.0,1.0
IDXX,2017-07-12 00:00:00+00:00,164.63,165.25,162.01,162.89,548564,164.63,165.25,162.01,162.89,548564,0.0,1.0
IDXX,2017-07-13 00:00:00+00:00,163.59,165.06,162.53,164.92,490450,163.59,165.06,162.53,164.92,490450,0.0,1.0
IDXX,2017-07-14 00:00:00+00:00,166.5,167.58,163.85,164.02,429347,166.5,167.58,163.85,164.02,429347,0.0,1.0
IDXX,2017-07-17 00:00:00+00:00,166.03,167.42,165.17,166.54,756129,166.03,167.42,165.17,166.54,756129,0.0,1.0
IDXX,2017-07-18 00:00:00+00:00,165.53,166.96,164.77,165.84,345635,165.53,166.96,164.77,165.84,345635,0.0,1.0
IDXX,2017-07-19 00:00:00+00:00,167.78,168.2,165.08,165.85,358316,167.78,168.2,165.08,165.85,358316,0.0,1.0
IDXX,2017-07-20 00:00:00+00:00,167.29,168.2,166.73,168.2,260244,167.29,168.2,166.73,168.2,260244,0.0,1.0
IDXX,2017-07-21 00:00:00+00:00,166.62,168.24,166.25,166.59,353579,166.62,168.24,166.25,166.59,353579,0.0,1.0
IDXX,2017-07-24 00:00:00+00:00,170.18,170.56,166.73,166.78,393635,170.18,170.56,166.73,166.78,393635,0.0,1.0
IDXX,2017-07-25 00:00:00+00:00,166.55,171.37,166.11,170.56,563624,166.55,171.37,166.11,170.56,563624,0.0,1.0
IDXX,2017-07-26 00:00:00+00:00,166.83,167.64,165.93,165.93,329778,166.83,167.64,165.93,165.93,329778,0.0,1.0
IDXX,2017-07-27 00:00:00+00:00,164.4,167.4,162.5,166.81,353276,164.4,167.4,162.5,166.81,353276,0.0,1.0
IDXX,2017-07-28 00:00:00+00:00,167.52,168.0,164.56,165.6,477896,167.52,168.0,164.56,165.6,477896,0.0,1.0
IDXX,2017-07-31 00:00:00+00:00,166.46,169.24,165.81,168.07,573371,166.46,169.24,165.81,168.07,573371,0.0,1.0
IDXX,2017-08-01 00:00:00+00:00,154.68,165.41,153.39,163.84,1371321,154.68,165.41,153.39,163.84,1371321,0.0,1.0
IDXX,2017-08-02 00:00:00+00:00,151.21,156.57,150.49,154.52,1098725,151.21,156.57,150.49,154.52,1098725,0.0,1.0
IDXX,2017-08-03 00:00:00+00:00,154.09,155.33,151.19,151.44,756242,154.09,155.33,151.19,151.44,756242,0.0,1.0
IDXX,2017-08-04 00:00:00+00:00,152.6,155.2,151.56,154.73,460708,152.6,155.2,151.56,154.73,460708,0.0,1.0
IDXX,2017-08-07 00:00:00+00:00,155.49,155.56,152.59,152.9,488177,155.49,155.56,152.59,152.9,488177,0.0,1.0
IDXX,2017-08-08 00:00:00+00:00,154.77,156.47,153.66,154.83,517988,154.77,156.47,153.66,154.83,517988,0.0,1.0
IDXX,2017-08-09 00:00:00+00:00,154.51,155.39,153.52,154.33,387019,154.51,155.39,153.52,154.33,387019,0.0,1.0
IDXX,2017-08-10 00:00:00+00:00,151.06,154.69,150.35,154.28,910489,151.06,154.69,150.35,154.28,910489,0.0,1.0
IDXX,2017-08-11 00:00:00+00:00,153.02,153.92,151.4,151.71,471274,153.02,153.92,151.4,151.71,471274,0.0,1.0
IDXX,2017-08-14 00:00:00+00:00,155.32,155.83,152.98,152.98,824564,155.32,155.83,152.98,152.98,824564,0.0,1.0
IDXX,2017-08-15 00:00:00+00:00,154.67,157.09,154.22,156.15,609982,154.67,157.09,154.22,156.15,609982,0.0,1.0
IDXX,2017-08-16 00:00:00+00:00,155.21,156.27,154.78,154.99,868103,155.21,156.27,154.78,154.99,868103,0.0,1.0
IDXX,2017-08-17 00:00:00+00:00,151.9,155.5,151.83,155.0,455081,151.9,155.5,151.83,155.0,455081,0.0,1.0
IDXX,2017-08-18 00:00:00+00:00,150.44,152.88,150.25,151.26,554914,150.44,152.88,150.25,151.26,554914,0.0,1.0
IDXX,2017-08-21 00:00:00+00:00,150.41,151.28,148.8,151.28,637239,150.41,151.28,148.8,151.28,637239,0.0,1.0
IDXX,2017-08-22 00:00:00+00:00,152.82,153.02,150.77,151.0,425230,152.82,153.02,150.77,151.0,425230,0.0,1.0
IDXX,2017-08-23 00:00:00+00:00,153.61,155.15,152.83,155.0,563332,153.61,155.15,152.83,155.0,563332,0.0,1.0
IDXX,2017-08-24 00:00:00+00:00,152.57,154.55,152.29,153.5,402398,152.57,154.55,152.29,153.5,402398,0.0,1.0
IDXX,2017-08-25 00:00:00+00:00,151.08,153.0,150.95,153.0,514638,151.08,153.0,150.95,153.0,514638,0.0,1.0
IDXX,2017-08-28 00:00:00+00:00,150.44,152.12,149.45,151.28,524929,150.44,152.12,149.45,151.28,524929,0.0,1.0
IDXX,2017-08-29 00:00:00+00:00,150.32,150.94,149.32,149.32,439987,150.32,150.94,149.32,149.32,439987,0.0,1.0
IDXX,2017-08-30 00:00:00+00:00,152.71,154.23,150.1,150.1,534424,152.71,154.23,150.1,150.1,534424,0.0,1.0
IDXX,2017-08-31 00:00:00+00:00,155.43,155.99,152.31,153.46,623497,155.43,155.99,152.31,153.46,623497,0.0,1.0
IDXX,2017-09-01 00:00:00+00:00,154.98,155.8,153.6,155.72,265066,154.98,155.8,153.6,155.72,265066,0.0,1.0
IDXX,2017-09-05 00:00:00+00:00,155.81,156.46,152.96,154.16,446763,155.81,156.46,152.96,154.16,446763,0.0,1.0
IDXX,2017-09-06 00:00:00+00:00,156.87,157.22,154.87,156.71,473443,156.87,157.22,154.87,156.71,473443,0.0,1.0
IDXX,2017-09-07 00:00:00+00:00,157.95,159.32,155.87,157.18,537371,157.95,159.32,155.87,157.18,537371,0.0,1.0
IDXX,2017-09-08 00:00:00+00:00,157.49,159.04,156.9,157.64,317474,157.49,159.04,156.9,157.64,317474,0.0,1.0
IDXX,2017-09-11 00:00:00+00:00,160.23,160.55,157.61,158.2,391022,160.23,160.55,157.61,158.2,391022,0.0,1.0
IDXX,2017-09-12 00:00:00+00:00,158.98,160.36,158.29,160.13,220536,158.98,160.36,158.29,160.13,220536,0.0,1.0
IDXX,2017-09-13 00:00:00+00:00,159.0,159.36,157.0,158.97,354668,159.0,159.36,157.0,158.97,354668,0.0,1.0
IDXX,2017-09-14 00:00:00+00:00,158.8,159.71,157.89,158.19,371714,158.8,159.71,157.89,158.19,371714,0.0,1.0
IDXX,2017-09-15 00:00:00+00:00,158.97,159.34,157.36,159.07,748107,158.97,159.34,157.36,159.07,748107,0.0,1.0
IDXX,2017-09-18 00:00:00+00:00,162.1,162.49,159.05,159.37,627942,162.1,162.49,159.05,159.37,627942,0.0,1.0
IDXX,2017-09-19 00:00:00+00:00,160.53,162.2,160.13,162.09,438564,160.53,162.2,160.13,162.09,438564,0.0,1.0
IDXX,2017-09-20 00:00:00+00:00,158.48,161.63,157.77,160.89,310621,158.48,161.63,157.77,160.89,310621,0.0,1.0
IDXX,2017-09-21 00:00:00+00:00,155.76,158.68,154.82,158.51,546867,155.76,158.68,154.82,158.51,546867,0.0,1.0
IDXX,2017-09-22 00:00:00+00:00,157.5,157.76,155.39,155.75,361198,157.5,157.76,155.39,155.75,361198,0.0,1.0
IDXX,2017-09-25 00:00:00+00:00,154.52,157.57,154.12,157.14,436921,154.52,157.57,154.12,157.14,436921,0.0,1.0
IDXX,2017-09-26 00:00:00+00:00,153.24,154.94,153.09,154.5,558764,153.24,154.94,153.09,154.5,558764,0.0,1.0
IDXX,2017-09-27 00:00:00+00:00,156.45,156.82,153.25,153.41,384298,156.45,156.82,153.25,153.41,384298,0.0,1.0
IDXX,2017-09-28 00:00:00+00:00,154.37,156.1,153.51,156.02,382295,154.37,156.1,153.51,156.02,382295,0.0,1.0
IDXX,2017-09-29 00:00:00+00:00,155.49,155.6,153.97,154.35,388222,155.49,155.6,153.97,154.35,388222,0.0,1.0
IDXX,2017-10-02 00:00:00+00:00,157.17,157.83,155.98,156.13,310595,157.17,157.83,155.98,156.13,310595,0.0,1.0
IDXX,2017-10-03 00:00:00+00:00,154.4,157.8,153.45,157.15,509668,154.4,157.8,153.45,157.15,509668,0.0,1.0
IDXX,2017-10-04 00:00:00+00:00,157.41,157.52,153.96,153.96,374084,157.41,157.52,153.96,153.96,374084,0.0,1.0
IDXX,2017-10-05 00:00:00+00:00,158.11,158.55,156.68,157.81,307892,158.11,158.55,156.68,157.81,307892,0.0,1.0
IDXX,2017-10-06 00:00:00+00:00,158.97,159.84,157.4,158.16,538428,158.97,159.84,157.4,158.16,538428,0.0,1.0
IDXX,2017-10-09 00:00:00+00:00,158.29,159.7,158.07,158.8,304245,158.29,159.7,158.07,158.8,304245,0.0,1.0
IDXX,2017-10-10 00:00:00+00:00,157.33,158.91,156.9,158.5,259497,157.33,158.91,156.9,158.5,259497,0.0,1.0
IDXX,2017-10-11 00:00:00+00:00,158.08,158.25,156.8,156.9,255851,158.08,158.25,156.8,156.9,255851,0.0,1.0
IDXX,2017-10-12 00:00:00+00:00,161.76,163.09,157.53,157.53,478950,161.76,163.09,157.53,157.53,478950,0.0,1.0
IDXX,2017-10-13 00:00:00+00:00,159.6,162.64,159.19,161.26,364504,159.6,162.64,159.19,161.26,364504,0.0,1.0
IDXX,2017-10-16 00:00:00+00:00,158.55,160.43,158.24,159.97,293342,158.55,160.43,158.24,159.97,293342,0.0,1.0
IDXX,2017-10-17 00:00:00+00:00,160.0,160.07,158.09,158.09,266553,160.0,160.07,158.09,158.09,266553,0.0,1.0
IDXX,2017-10-18 00:00:00+00:00,163.05,163.27,159.28,159.83,454519,163.05,163.27,159.28,159.83,454519,0.0,1.0
IDXX,2017-10-19 00:00:00+00:00,161.58,162.98,160.84,162.98,309219,161.58,162.98,160.84,162.98,309219,0.0,1.0
IDXX,2017-10-20 00:00:00+00:00,164.71,165.79,161.45,162.3,406454,164.71,165.79,161.45,162.3,406454,0.0,1.0
IDXX,2017-10-23 00:00:00+00:00,164.43,167.55,163.91,165.54,281468,164.43,167.55,163.91,165.54,281468,0.0,1.0
IDXX,2017-10-24 00:00:00+00:00,162.7,164.61,161.62,163.66,342383,162.7,164.61,161.62,163.66,342383,0.0,1.0
IDXX,2017-10-25 00:00:00+00:00,162.04,162.94,160.24,162.03,400410,162.04,162.94,160.24,162.03,400410,0.0,1.0
IDXX,2017-10-26 00:00:00+00:00,164.25,164.46,162.21,162.78,350584,164.25,164.46,162.21,162.78,350584,0.0,1.0
IDXX,2017-10-27 00:00:00+00:00,168.37,168.66,162.9,163.61,446773,168.37,168.66,162.9,163.61,446773,0.0,1.0
IDXX,2017-10-30 00:00:00+00:00,164.41,168.63,163.23,167.76,541039,164.41,168.63,163.23,167.76,541039,0.0,1.0
IDXX,2017-10-31 00:00:00+00:00,166.17,168.09,161.01,163.76,906446,166.17,168.09,161.01,163.76,906446,0.0,1.0
IDXX,2017-11-01 00:00:00+00:00,159.24,167.79,159.15,167.79,531791,159.24,167.79,159.15,167.79,531791,0.0,1.0
IDXX,2017-11-02 00:00:00+00:00,151.83,159.23,151.13,159.23,1445169,151.83,159.23,151.13,159.23,1445169,0.0,1.0
IDXX,2017-11-03 00:00:00+00:00,155.49,155.82,150.6,150.69,800811,155.49,155.82,150.6,150.69,800811,0.0,1.0
IDXX,2017-11-06 00:00:00+00:00,151.49,154.95,149.0,154.81,1022013,151.49,154.95,149.0,154.81,1022013,0.0,1.0
IDXX,2017-11-07 00:00:00+00:00,150.08,151.48,147.05,149.81,792382,150.08,151.48,147.05,149.81,792382,0.0,1.0
IDXX,2017-11-08 00:00:00+00:00,150.07,151.41,149.13,149.83,526561,150.07,151.41,149.13,149.83,526561,0.0,1.0
IDXX,2017-11-09 00:00:00+00:00,150.19,150.74,149.0,149.45,438712,150.19,150.74,149.0,149.45,438712,0.0,1.0
IDXX,2017-11-10 00:00:00+00:00,147.68,149.83,146.76,149.15,493135,147.68,149.83,146.76,149.15,493135,0.0,1.0
IDXX,2017-11-13 00:00:00+00:00,147.79,148.04,146.09,146.91,673405,147.79,148.04,146.09,146.91,673405,0.0,1.0
IDXX,2017-11-14 00:00:00+00:00,149.54,149.73,146.91,146.91,626887,149.54,149.73,146.91,146.91,626887,0.0,1.0
IDXX,2017-11-15 00:00:00+00:00,151.4,151.91,148.5,149.49,628521,151.4,151.91,148.5,149.49,628521,0.0,1.0
IDXX,2017-11-16 00:00:00+00:00,154.08,154.79,151.53,151.77,719757,154.08,154.79,151.53,151.77,719757,0.0,1.0
IDXX,2017-11-17 00:00:00+00:00,154.88,155.66,153.36,153.8,511829,154.88,155.66,153.36,153.8,511829,0.0,1.0
IDXX,2017-11-20 00:00:00+00:00,155.4,155.84,154.24,154.7,394943,155.4,155.84,154.24,154.7,394943,0.0,1.0
IDXX,2017-11-21 00:00:00+00:00,155.59,156.48,154.41,156.48,404742,155.59,156.48,154.41,156.48,404742,0.0,1.0
IDXX,2017-11-22 00:00:00+00:00,154.06,157.07,153.95,155.93,284901,154.06,157.07,153.95,155.93,284901,0.0,1.0
IDXX,2017-11-24 00:00:00+00:00,154.81,155.19,153.7,153.72,148782,154.81,155.19,153.7,153.72,148782,0.0,1.0
IDXX,2017-11-27 00:00:00+00:00,155.43,156.535,153.87,154.75,371975,155.43,156.535,153.87,154.75,371975,0.0,1.0
IDXX,2017-11-28 00:00:00+00:00,155.02,156.45,154.1764,156.06,389606,155.02,156.45,154.1764,156.06,389606,0.0,1.0
IDXX,2017-11-29 00:00:00+00:00,154.0,155.68,153.42,155.25,398787,154.0,155.68,153.42,155.25,398787,0.0,1.0
IDXX,2017-11-30 00:00:00+00:00,156.41,156.78,152.891,154.01,840595,156.41,156.78,152.891,154.01,840595,0.0,1.0
IDXX,2017-12-01 00:00:00+00:00,155.0,156.88,151.7359,156.14,466836,155.0,156.88,151.7359,156.14,466836,0.0,1.0
IDXX,2017-12-04 00:00:00+00:00,159.3,160.0,155.61,155.74,957085,159.3,160.0,155.61,155.74,957085,0.0,1.0
IDXX,2017-12-05 00:00:00+00:00,159.78,165.77,158.6,159.92,1074437,159.78,165.77,158.6,159.92,1074437,0.0,1.0
IDXX,2017-12-06 00:00:00+00:00,159.99,162.21,158.95,160.36,581517,159.99,162.21,158.95,160.36,581517,0.0,1.0
IDXX,2017-12-07 00:00:00+00:00,159.78,160.705,158.03,159.69,398688,159.78,160.705,158.03,159.69,398688,0.0,1.0
IDXX,2017-12-08 00:00:00+00:00,160.57,161.19,159.2,160.57,261351,160.57,161.19,159.2,160.57,261351,0.0,1.0
IDXX,2017-12-11 00:00:00+00:00,159.7,160.57,157.8464,160.5,358448,159.7,160.57,157.8464,160.5,358448,0.0,1.0
IDXX,2017-12-12 00:00:00+00:00,159.27,159.97,157.11,159.76,348776,159.27,159.97,157.11,159.76,348776,0.0,1.0
IDXX,2017-12-13 00:00:00+00:00,158.2,160.24,158.08,159.54,453740,158.2,160.24,158.08,159.54,453740,0.0,1.0
IDXX,2017-12-14 00:00:00+00:00,155.25,158.405,155.14,158.35,386507,155.25,158.405,155.14,158.35,386507,0.0,1.0
IDXX,2017-12-15 00:00:00+00:00,156.6,157.99,155.16,156.51,837560,156.6,157.99,155.16,156.51,837560,0.0,1.0
IDXX,2017-12-18 00:00:00+00:00,157.3,158.12,156.32,157.53,404305,157.3,158.12,156.32,157.53,404305,0.0,1.0
IDXX,2017-12-19 00:00:00+00:00,157.39,158.94,156.13,157.29,407737,157.39,158.94,156.13,157.29,407737,0.0,1.0
IDXX,2017-12-20 00:00:00+00:00,158.68,159.09,156.06,157.57,320849,158.68,159.09,156.06,157.57,320849,0.0,1.0
IDXX,2017-12-21 00:00:00+00:00,157.28,159.95,157.01,159.58,237843,157.28,159.95,157.01,159.58,237843,0.0,1.0
IDXX,2017-12-22 00:00:00+00:00,157.65,158.07,154.88,156.81,261135,157.65,158.07,154.88,156.81,261135,0.0,1.0
IDXX,2017-12-26 00:00:00+00:00,157.07,157.65,156.12,157.28,255900,157.07,157.65,156.12,157.28,255900,0.0,1.0
IDXX,2017-12-27 00:00:00+00:00,156.69,158.55,156.39,157.47,283483,156.69,158.55,156.39,157.47,283483,0.0,1.0
IDXX,2017-12-28 00:00:00+00:00,158.79,158.99,155.33,156.79,285425,158.79,158.99,155.33,156.79,285425,0.0,1.0
IDXX,2017-12-29 00:00:00+00:00,156.38,159.65,156.25,158.87,363914,156.38,159.65,156.25,158.87,363914,0.0,1.0
IDXX,2018-01-02 00:00:00+00:00,157.81,160.53,157.53,157.59,398283,157.81,160.53,157.53,157.59,398283,0.0,1.0
IDXX,2018-01-03 00:00:00+00:00,162.05,162.37,157.855,157.9,400447,162.05,162.37,157.855,157.9,400447,0.0,1.0
IDXX,2018-01-04 00:00:00+00:00,163.96,165.7,162.51,162.91,518963,163.96,165.7,162.51,162.91,518963,0.0,1.0
IDXX,2018-01-05 00:00:00+00:00,166.6,166.74,163.26,165.05,500742,166.6,166.74,163.26,165.05,500742,0.0,1.0
IDXX,2018-01-08 00:00:00+00:00,165.08,167.71,164.78,166.5,434841,165.08,167.71,164.78,166.5,434841,0.0,1.0
IDXX,2018-01-09 00:00:00+00:00,165.73,166.08,164.07,165.38,392287,165.73,166.08,164.07,165.38,392287,0.0,1.0
IDXX,2018-01-10 00:00:00+00:00,166.14,166.42,163.46,165.53,502448,166.14,166.42,163.46,165.53,502448,0.0,1.0
IDXX,2018-01-11 00:00:00+00:00,171.51,171.55,166.26,166.69,511334,171.51,171.55,166.26,166.69,511334,0.0,1.0
IDXX,2018-01-12 00:00:00+00:00,173.24,173.82,170.035,171.35,623044,173.24,173.82,170.035,171.35,623044,0.0,1.0
IDXX,2018-01-16 00:00:00+00:00,176.1,177.25,173.41,174.5,701563,176.1,177.25,173.41,174.5,701563,0.0,1.0
IDXX,2018-01-17 00:00:00+00:00,179.36,180.2,175.99,177.14,539555,179.36,180.2,175.99,177.14,539555,0.0,1.0
IDXX,2018-01-18 00:00:00+00:00,179.0,180.3,177.44,178.7,542389,179.0,180.3,177.44,178.7,542389,0.0,1.0
IDXX,2018-01-19 00:00:00+00:00,180.63,180.88,179.12,179.5,587046,180.63,180.88,179.12,179.5,587046,0.0,1.0
IDXX,2018-01-22 00:00:00+00:00,180.95,181.37,179.21,181.0,417605,180.95,181.37,179.21,181.0,417605,0.0,1.0
IDXX,2018-01-23 00:00:00+00:00,182.23,183.13,179.49,180.65,413936,182.23,183.13,179.49,180.65,413936,0.0,1.0
IDXX,2018-01-24 00:00:00+00:00,184.08,185.76,181.77,183.23,513102,184.08,185.76,181.77,183.23,513102,0.0,1.0
IDXX,2018-01-25 00:00:00+00:00,185.73,187.11,183.9,184.7,391670,185.73,187.11,183.9,184.7,391670,0.0,1.0
IDXX,2018-01-26 00:00:00+00:00,187.03,187.24,184.335,186.4,349354,187.03,187.24,184.335,186.4,349354,0.0,1.0
IDXX,2018-01-29 00:00:00+00:00,186.78,187.43,185.5,186.7,400464,186.78,187.43,185.5,186.7,400464,0.0,1.0
IDXX,2018-01-30 00:00:00+00:00,186.59,187.66,185.37,186.26,454989,186.59,187.66,185.37,186.26,454989,0.0,1.0
IDXX,2018-01-31 00:00:00+00:00,187.04,188.55,185.0993,186.66,655127,187.04,188.55,185.0993,186.66,655127,0.0,1.0
IDXX,2018-02-01 00:00:00+00:00,193.95,198.73,185.7,189.53,857070,193.95,198.73,185.7,189.53,857070,0.0,1.0
IDXX,2018-02-02 00:00:00+00:00,186.36,195.66,186.23,193.53,762007,186.36,195.66,186.23,193.53,762007,0.0,1.0
IDXX,2018-02-05 00:00:00+00:00,180.36,184.3989,179.56,182.5,1126127,180.36,184.3989,179.56,182.5,1126127,0.0,1.0
IDXX,2018-02-06 00:00:00+00:00,180.05,180.44,173.4,177.3,1334686,180.05,180.44,173.4,177.3,1334686,0.0,1.0
IDXX,2018-02-07 00:00:00+00:00,176.83,180.43,175.71,179.58,674917,176.83,180.43,175.71,179.58,674917,0.0,1.0
IDXX,2018-02-08 00:00:00+00:00,169.28,176.52,169.2,175.7,734095,169.28,176.52,169.2,175.7,734095,0.0,1.0
IDXX,2018-02-09 00:00:00+00:00,172.95,174.43,166.7,170.41,653244,172.95,174.43,166.7,170.41,653244,0.0,1.0
IDXX,2018-02-12 00:00:00+00:00,175.06,177.01,172.51,174.42,421236,175.06,177.01,172.51,174.42,421236,0.0,1.0
IDXX,2018-02-13 00:00:00+00:00,175.39,176.46,172.37,173.93,1125794,175.39,176.46,172.37,173.93,1125794,0.0,1.0
IDXX,2018-02-14 00:00:00+00:00,178.26,179.87,173.626,174.35,997955,178.26,179.87,173.626,174.35,997955,0.0,1.0
IDXX,2018-02-15 00:00:00+00:00,181.45,181.52,178.0416,179.22,587851,181.45,181.52,178.0416,179.22,587851,0.0,1.0
IDXX,2018-02-16 00:00:00+00:00,182.48,183.782,180.84,181.13,407902,182.48,183.782,180.84,181.13,407902,0.0,1.0
IDXX,2018-02-20 00:00:00+00:00,183.16,185.17,182.43,182.43,418879,183.16,185.17,182.43,182.43,418879,0.0,1.0
IDXX,2018-02-21 00:00:00+00:00,183.94,187.6752,183.36,183.36,347771,183.94,187.6752,183.36,183.36,347771,0.0,1.0
IDXX,2018-02-22 00:00:00+00:00,183.86,187.13,183.25,184.15,547780,183.86,187.13,183.25,184.15,547780,0.0,1.0
IDXX,2018-02-23 00:00:00+00:00,187.61,187.63,183.48,185.12,457161,187.61,187.63,183.48,185.12,457161,0.0,1.0
IDXX,2018-02-26 00:00:00+00:00,186.09,188.78,185.51,187.6,471707,186.09,188.78,185.51,187.6,471707,0.0,1.0
IDXX,2018-02-27 00:00:00+00:00,187.98,188.809,186.21,186.38,421347,187.98,188.809,186.21,186.38,421347,0.0,1.0
IDXX,2018-02-28 00:00:00+00:00,187.23,191.899,187.19,188.8,724630,187.23,191.899,187.19,188.8,724630,0.0,1.0
IDXX,2018-03-01 00:00:00+00:00,182.51,188.45,181.06,187.39,683933,182.51,188.45,181.06,187.39,683933,0.0,1.0
IDXX,2018-03-02 00:00:00+00:00,185.77,186.12,180.331,181.34,540134,185.77,186.12,180.331,181.34,540134,0.0,1.0
IDXX,2018-03-05 00:00:00+00:00,191.14,191.63,183.39,184.37,644032,191.14,191.63,183.39,184.37,644032,0.0,1.0
IDXX,2018-03-06 00:00:00+00:00,190.59,191.94,187.65,191.14,648281,190.59,191.94,187.65,191.14,648281,0.0,1.0
IDXX,2018-03-07 00:00:00+00:00,194.42,194.93,184.5358,189.64,474247,194.42,194.93,184.5358,189.64,474247,0.0,1.0
IDXX,2018-03-08 00:00:00+00:00,197.45,198.71,193.67,195.0,485887,197.45,198.71,193.67,195.0,485887,0.0,1.0
IDXX,2018-03-09 00:00:00+00:00,203.17,203.26,197.81,198.32,629103,203.17,203.26,197.81,198.32,629103,0.0,1.0
IDXX,2018-03-12 00:00:00+00:00,204.35,205.9,202.32,203.44,468096,204.35,205.9,202.32,203.44,468096,0.0,1.0
IDXX,2018-03-13 00:00:00+00:00,204.53,206.49,202.56,205.14,440304,204.53,206.49,202.56,205.14,440304,0.0,1.0
IDXX,2018-03-14 00:00:00+00:00,203.58,205.74,202.51,205.74,421907,203.58,205.74,202.51,205.74,421907,0.0,1.0
IDXX,2018-03-15 00:00:00+00:00,203.37,205.79,201.7041,203.38,434513,203.37,205.79,201.7041,203.38,434513,0.0,1.0
IDXX,2018-03-16 00:00:00+00:00,204.73,207.14,203.32,203.76,766957,204.73,207.14,203.32,203.76,766957,0.0,1.0
IDXX,2018-03-19 00:00:00+00:00,199.06,204.116,197.82,203.47,619273,199.06,204.116,197.82,203.47,619273,0.0,1.0
IDXX,2018-03-20 00:00:00+00:00,200.72,201.45,198.72,199.96,318740,200.72,201.45,198.72,199.96,318740,0.0,1.0
IDXX,2018-03-21 00:00:00+00:00,200.23,201.82,198.3,200.49,411614,200.23,201.82,198.3,200.49,411614,0.0,1.0
IDXX,2018-03-22 00:00:00+00:00,193.88,199.05,193.7,198.21,532730,193.88,199.05,193.7,198.21,532730,0.0,1.0
IDXX,2018-03-23 00:00:00+00:00,190.31,196.69,190.16,194.02,596354,190.31,196.69,190.16,194.02,596354,0.0,1.0
IDXX,2018-03-26 00:00:00+00:00,197.3,197.48,191.59,192.93,559868,197.3,197.48,191.59,192.93,559868,0.0,1.0
IDXX,2018-03-27 00:00:00+00:00,190.9,199.42,189.73,199.18,483116,190.9,199.42,189.73,199.18,483116,0.0,1.0
IDXX,2018-03-28 00:00:00+00:00,188.79,192.55,187.93,191.26,616646,188.79,192.55,187.93,191.26,616646,0.0,1.0
IDXX,2018-03-29 00:00:00+00:00,191.39,193.63,188.37,189.7,723035,191.39,193.63,188.37,189.7,723035,0.0,1.0
IDXX,2018-04-02 00:00:00+00:00,186.62,191.95,184.48,191.29,479157,186.62,191.95,184.48,191.29,479157,0.0,1.0
IDXX,2018-04-03 00:00:00+00:00,188.71,189.35,186.04,187.61,604764,188.71,189.35,186.04,187.61,604764,0.0,1.0
IDXX,2018-04-04 00:00:00+00:00,190.83,191.59,185.51,186.4,421228,190.83,191.59,185.51,186.4,421228,0.0,1.0
IDXX,2018-04-05 00:00:00+00:00,190.88,192.99,189.75,192.3,363566,190.88,192.99,189.75,192.3,363566,0.0,1.0
IDXX,2018-04-06 00:00:00+00:00,185.56,191.1,183.86,189.76,403597,185.56,191.1,183.86,189.76,403597,0.0,1.0
IDXX,2018-04-09 00:00:00+00:00,187.13,190.18,185.67,186.37,352744,187.13,190.18,185.67,186.37,352744,0.0,1.0
IDXX,2018-04-10 00:00:00+00:00,193.26,194.56,189.065,189.3,401321,193.26,194.56,189.065,189.3,401321,0.0,1.0
IDXX,2018-04-11 00:00:00+00:00,192.41,193.87,190.92,191.26,275412,192.41,193.87,190.92,191.26,275412,0.0,1.0
IDXX,2018-04-12 00:00:00+00:00,194.21,195.51,192.886,193.13,297204,194.21,195.51,192.886,193.13,297204,0.0,1.0
IDXX,2018-04-13 00:00:00+00:00,191.78,195.015,190.74,194.76,301021,191.78,195.015,190.74,194.76,301021,0.0,1.0
IDXX,2018-04-16 00:00:00+00:00,195.62,197.0,191.32,193.44,291686,195.62,197.0,191.32,193.44,291686,0.0,1.0
IDXX,2018-04-17 00:00:00+00:00,199.62,200.51,196.19,196.92,441765,199.62,200.51,196.19,196.92,441765,0.0,1.0
IDXX,2018-04-18 00:00:00+00:00,200.84,202.26,199.0,199.66,260050,200.84,202.26,199.0,199.66,260050,0.0,1.0
IDXX,2018-04-19 00:00:00+00:00,197.82,200.515,196.43,200.38,340064,197.82,200.515,196.43,200.38,340064,0.0,1.0
IDXX,2018-04-20 00:00:00+00:00,196.75,199.71,195.81,198.27,350758,196.75,199.71,195.81,198.27,350758,0.0,1.0
IDXX,2018-04-23 00:00:00+00:00,197.63,200.35,196.78,197.7,212169,197.63,200.35,196.78,197.7,212169,0.0,1.0
IDXX,2018-04-24 00:00:00+00:00,193.85,201.15,192.34,199.08,430588,193.85,201.15,192.34,199.08,430588,0.0,1.0
IDXX,2018-04-25 00:00:00+00:00,194.61,195.25,191.54,193.69,324514,194.61,195.25,191.54,193.69,324514,0.0,1.0
IDXX,2018-04-26 00:00:00+00:00,199.06,199.55,194.741,195.15,400973,199.06,199.55,194.741,195.15,400973,0.0,1.0
IDXX,2018-04-27 00:00:00+00:00,197.19,199.75,195.78,199.59,289123,197.19,199.75,195.78,199.59,289123,0.0,1.0
IDXX,2018-04-30 00:00:00+00:00,194.49,198.335,194.09,197.82,425522,194.49,198.335,194.09,197.82,425522,0.0,1.0
IDXX,2018-05-01 00:00:00+00:00,195.06,195.48,193.36,194.02,447927,195.06,195.48,193.36,194.02,447927,0.0,1.0
IDXX,2018-05-02 00:00:00+00:00,193.17,195.87,192.07,194.69,617130,193.17,195.87,192.07,194.69,617130,0.0,1.0
IDXX,2018-05-03 00:00:00+00:00,195.78,195.97,189.415,191.97,553137,195.78,195.97,189.415,191.97,553137,0.0,1.0
IDXX,2018-05-04 00:00:00+00:00,212.2,212.47,198.31,200.0,939756,212.2,212.47,198.31,200.0,939756,0.0,1.0
IDXX,2018-05-07 00:00:00+00:00,207.53,217.89,206.0,215.75,804796,207.53,217.89,206.0,215.75,804796,0.0,1.0
IDXX,2018-05-08 00:00:00+00:00,204.96,207.0,203.15,205.48,544368,204.96,207.0,203.15,205.48,544368,0.0,1.0
IDXX,2018-05-09 00:00:00+00:00,206.62,207.95,203.83,205.82,292990,206.62,207.95,203.83,205.82,292990,0.0,1.0
IDXX,2018-05-10 00:00:00+00:00,209.1,209.98,206.15,206.79,427618,209.1,209.98,206.15,206.79,427618,0.0,1.0
IDXX,2018-05-11 00:00:00+00:00,211.38,211.8,209.3737,209.6,329078,211.38,211.8,209.3737,209.6,329078,0.0,1.0
IDXX,2018-05-14 00:00:00+00:00,210.88,212.7,209.89,211.0,230908,210.88,212.7,209.89,211.0,230908,0.0,1.0
IDXX,2018-05-15 00:00:00+00:00,208.92,209.569,205.63,209.28,361252,208.92,209.569,205.63,209.28,361252,0.0,1.0
IDXX,2018-05-16 00:00:00+00:00,199.42,206.0,196.0,206.0,1559121,199.42,206.0,196.0,206.0,1559121,0.0,1.0
IDXX,2018-05-17 00:00:00+00:00,195.59,200.0,194.04,199.3,887357,195.59,200.0,194.04,199.3,887357,0.0,1.0
IDXX,2018-05-18 00:00:00+00:00,200.76,201.25,195.15,195.87,539076,200.76,201.25,195.15,195.87,539076,0.0,1.0
IDXX,2018-05-21 00:00:00+00:00,201.19,203.39,200.49,202.43,432029,201.19,203.39,200.49,202.43,432029,0.0,1.0
IDXX,2018-05-22 00:00:00+00:00,199.99,201.97,199.73,201.51,375124,199.99,201.97,199.73,201.51,375124,0.0,1.0
IDXX,2018-05-23 00:00:00+00:00,204.16,204.56,199.44,199.44,516266,204.16,204.56,199.44,199.44,516266,0.0,1.0
IDXX,2018-05-24 00:00:00+00:00,202.37,205.0,202.04,203.93,267153,202.37,205.0,202.04,203.93,267153,0.0,1.0
IDXX,2018-05-25 00:00:00+00:00,203.7,204.01,202.42,202.42,360286,203.7,204.01,202.42,202.42,360286,0.0,1.0
IDXX,2018-05-29 00:00:00+00:00,205.25,205.48,201.541,201.94,496216,205.25,205.48,201.541,201.94,496216,0.0,1.0
IDXX,2018-05-30 00:00:00+00:00,209.08,212.27,206.0,206.05,595945,209.08,212.27,206.0,206.05,595945,0.0,1.0
IDXX,2018-05-31 00:00:00+00:00,208.21,211.92,207.83,208.53,633077,208.21,211.92,207.83,208.53,633077,0.0,1.0
IDXX,2018-06-01 00:00:00+00:00,215.36,216.96,210.51,210.51,608745,215.36,216.96,210.51,210.51,608745,0.0,1.0
IDXX,2018-06-04 00:00:00+00:00,218.81,219.35,215.89,215.89,530952,218.81,219.35,215.89,215.89,530952,0.0,1.0
IDXX,2018-06-05 00:00:00+00:00,217.45,220.9,217.3,219.96,452787,217.45,220.9,217.3,219.96,452787,0.0,1.0
IDXX,2018-06-06 00:00:00+00:00,219.51,219.62,216.25,217.44,387778,219.51,219.62,216.25,217.44,387778,0.0,1.0
IDXX,2018-06-07 00:00:00+00:00,218.04,221.1,214.07,220.13,401944,218.04,221.1,214.07,220.13,401944,0.0,1.0
IDXX,2018-06-08 00:00:00+00:00,219.72,219.82,216.99,218.23,262796,219.72,219.82,216.99,218.23,262796,0.0,1.0
IDXX,2018-06-11 00:00:00+00:00,221.07,222.3325,218.655,219.72,211143,221.07,222.3325,218.655,219.72,211143,0.0,1.0
IDXX,2018-06-12 00:00:00+00:00,222.34,223.88,220.642,221.17,397129,222.34,223.88,220.642,221.17,397129,0.0,1.0
IDXX,2018-06-13 00:00:00+00:00,222.58,224.5,221.52,222.74,410050,222.58,224.5,221.52,222.74,410050,0.0,1.0
IDXX,2018-06-14 00:00:00+00:00,226.08,226.2,222.43,224.2,347112,226.08,226.2,222.43,224.2,347112,0.0,1.0
IDXX,2018-06-15 00:00:00+00:00,227.9,229.01,225.47,227.25,637893,227.9,229.01,225.47,227.25,637893,0.0,1.0
IDXX,2018-06-18 00:00:00+00:00,226.25,227.0,224.7046,226.17,500918,226.25,227.0,224.7046,226.17,500918,0.0,1.0
IDXX,2018-06-19 00:00:00+00:00,225.38,226.635,223.56,224.51,393612,225.38,226.635,223.56,224.51,393612,0.0,1.0
IDXX,2018-06-20 00:00:00+00:00,224.98,227.39,224.5,225.55,245513,224.98,227.39,224.5,225.55,245513,0.0,1.0
IDXX,2018-06-21 00:00:00+00:00,221.91,226.535,220.71,225.11,255834,221.91,226.535,220.71,225.11,255834,0.0,1.0
IDXX,2018-06-22 00:00:00+00:00,222.9,224.165,220.64,222.48,520128,222.9,224.165,220.64,222.48,520128,0.0,1.0
IDXX,2018-06-25 00:00:00+00:00,217.49,223.75,216.11,222.03,401801,217.49,223.75,216.11,222.03,401801,0.0,1.0
IDXX,2018-06-26 00:00:00+00:00,217.34,219.78,216.76,217.78,428718,217.34,219.78,216.76,217.78,428718,0.0,1.0
IDXX,2018-06-27 00:00:00+00:00,212.74,219.43,211.66,218.31,416636,212.74,219.43,211.66,218.31,416636,0.0,1.0
IDXX,2018-06-28 00:00:00+00:00,217.47,218.7,212.33,212.33,314571,217.47,218.7,212.33,212.33,314571,0.0,1.0
IDXX,2018-06-29 00:00:00+00:00,217.94,220.86,217.325,217.94,475425,217.94,220.86,217.325,217.94,475425,0.0,1.0
IDXX,2018-07-02 00:00:00+00:00,221.28,221.5,215.28,216.83,325509,221.28,221.5,215.28,216.83,325509,0.0,1.0
IDXX,2018-07-03 00:00:00+00:00,218.82,222.73,218.03,222.09,234362,218.82,222.73,218.03,222.09,234362,0.0,1.0
IDXX,2018-07-05 00:00:00+00:00,221.84,222.36,217.25,220.26,407284,221.84,222.36,217.25,220.26,407284,0.0,1.0
IDXX,2018-07-06 00:00:00+00:00,225.53,225.94,222.18,222.18,346413,225.53,225.94,222.18,222.18,346413,0.0,1.0
IDXX,2018-07-09 00:00:00+00:00,229.51,229.98,226.43,226.43,540237,229.51,229.98,226.43,226.43,540237,0.0,1.0
IDXX,2018-07-10 00:00:00+00:00,234.1,237.94,230.35,230.48,684449,234.1,237.94,230.35,230.48,684449,0.0,1.0
IDXX,2018-07-11 00:00:00+00:00,234.16,235.9285,231.561,232.95,416461,234.16,235.9285,231.561,232.95,416461,0.0,1.0
IDXX,2018-07-12 00:00:00+00:00,237.46,237.52,234.59,235.31,329645,237.46,237.52,234.59,235.31,329645,0.0,1.0
IDXX,2018-07-13 00:00:00+00:00,238.15,238.715,236.106,237.46,198735,238.15,238.715,236.106,237.46,198735,0.0,1.0
IDXX,2018-07-16 00:00:00+00:00,237.92,239.6675,236.54,238.98,253693,237.92,239.6675,236.54,238.98,253693,0.0,1.0
IDXX,2018-07-17 00:00:00+00:00,239.79,240.5,236.63,236.63,340787,239.79,240.5,236.63,236.63,340787,0.0,1.0
IDXX,2018-07-18 00:00:00+00:00,239.1,241.61,238.4115,239.81,300869,239.1,241.61,238.4115,239.81,300869,0.0,1.0
IDXX,2018-07-19 00:00:00+00:00,242.82,243.74,238.15,239.15,380553,242.82,243.74,238.15,239.15,380553,0.0,1.0
IDXX,2018-07-20 00:00:00+00:00,248.14,248.65,242.27,243.18,562585,248.14,248.65,242.27,243.18,562585,0.0,1.0
IDXX,2018-07-23 00:00:00+00:00,248.55,248.719,243.44,248.29,369492,248.55,248.719,243.44,248.29,369492,0.0,1.0
IDXX,2018-07-24 00:00:00+00:00,248.07,252.395,247.02,249.8,474555,248.07,252.395,247.02,249.8,474555,0.0,1.0
IDXX,2018-07-25 00:00:00+00:00,251.13,251.41,247.54,247.67,485850,251.13,251.41,247.54,247.67,485850,0.0,1.0
IDXX,2018-07-26 00:00:00+00:00,247.98,252.49,247.62,252.49,331790,247.98,252.49,247.62,252.49,331790,0.0,1.0
IDXX,2018-07-27 00:00:00+00:00,241.27,249.0,239.35,248.72,513800,241.27,249.0,239.35,248.72,513800,0.0,1.0
IDXX,2018-07-30 00:00:00+00:00,237.76,242.49,235.67,240.64,619102,237.76,242.49,235.67,240.64,619102,0.0,1.0
IDXX,2018-07-31 00:00:00+00:00,244.93,245.25,237.0,238.17,537324,244.93,245.25,237.0,238.17,537324,0.0,1.0
IDXX,2018-08-01 00:00:00+00:00,236.15,244.93,227.7861,244.93,1092263,236.15,244.93,227.7861,244.93,1092263,0.0,1.0
IDXX,2018-08-02 00:00:00+00:00,240.8,243.04,234.2503,234.69,522068,240.8,243.04,234.2503,234.69,522068,0.0,1.0
IDXX,2018-08-03 00:00:00+00:00,242.64,243.37,238.38,241.0,440805,242.64,243.37,238.38,241.0,440805,0.0,1.0
IDXX,2018-08-06 00:00:00+00:00,242.91,244.31,240.56,242.06,357863,242.91,244.31,240.56,242.06,357863,0.0,1.0
IDXX,2018-08-07 00:00:00+00:00,245.52,246.205,243.78,243.99,515461,245.52,246.205,243.78,243.99,515461,0.0,1.0
IDXX,2018-08-08 00:00:00+00:00,246.22,246.77,243.49,246.26,547852,246.22,246.77,243.49,246.26,547852,0.0,1.0
IDXX,2018-08-09 00:00:00+00:00,244.63,249.18,244.27,246.73,380331,244.63,249.18,244.27,246.73,380331,0.0,1.0
IDXX,2018-08-10 00:00:00+00:00,243.52,245.83,242.04,242.92,298959,243.52,245.83,242.04,242.92,298959,0.0,1.0
IDXX,2018-08-13 00:00:00+00:00,240.57,245.47,240.32,243.65,384265,240.57,245.47,240.32,243.65,384265,0.0,1.0
IDXX,2018-08-14 00:00:00+00:00,243.37,244.91,239.88,242.05,316613,243.37,244.91,239.88,242.05,316613,0.0,1.0
IDXX,2018-08-15 00:00:00+00:00,241.57,242.81,238.4356,241.48,286332,241.57,242.81,238.4356,241.48,286332,0.0,1.0
IDXX,2018-08-16 00:00:00+00:00,243.26,244.04,241.61,242.99,302770,243.26,244.04,241.61,242.99,302770,0.0,1.0
IDXX,2018-08-17 00:00:00+00:00,243.5,243.89,240.89,242.98,309336,243.5,243.89,240.89,242.98,309336,0.0,1.0
IDXX,2018-08-20 00:00:00+00:00,242.48,245.57,240.73,244.83,480073,242.48,245.57,240.73,244.83,480073,0.0,1.0
IDXX,2018-08-21 00:00:00+00:00,242.52,245.41,242.33,242.7,392042,242.52,245.41,242.33,242.7,392042,0.0,1.0
IDXX,2018-08-22 00:00:00+00:00,245.89,246.535,241.311,242.0,303998,245.89,246.535,241.311,242.0,303998,0.0,1.0
IDXX,2018-08-23 00:00:00+00:00,245.97,248.99,245.34,245.86,408703,245.97,248.99,245.34,245.86,408703,0.0,1.0
IDXX,2018-08-24 00:00:00+00:00,249.5,251.2999,245.74,246.71,497120,249.5,251.2999,245.74,246.71,497120,0.0,1.0
IDXX,2018-08-27 00:00:00+00:00,251.34,255.085,248.64,250.67,492443,251.34,255.085,248.64,250.67,492443,0.0,1.0
IDXX,2018-08-28 00:00:00+00:00,251.7,253.46,250.8433,251.62,309239,251.7,253.46,250.8433,251.62,309239,0.0,1.0
IDXX,2018-08-29 00:00:00+00:00,254.46,256.22,251.7,251.7,449903,254.46,256.22,251.7,251.7,449903,0.0,1.0
IDXX,2018-08-30 00:00:00+00:00,253.48,254.77,252.11,253.75,307416,253.48,254.77,252.11,253.75,307416,0.0,1.0
IDXX,2018-08-31 00:00:00+00:00,254.04,255.15,252.21,253.37,374824,254.04,255.15,252.21,253.37,374824,0.0,1.0
IDXX,2018-09-04 00:00:00+00:00,251.0,254.28,249.64,253.37,526319,251.0,254.28,249.64,253.37,526319,0.0,1.0
IDXX,2018-09-05 00:00:00+00:00,245.65,251.7,243.64,251.09,734405,245.65,251.7,243.64,251.09,734405,0.0,1.0
IDXX,2018-09-06 00:00:00+00:00,244.26,247.3,242.84,245.43,511538,244.26,247.3,242.84,245.43,511538,0.0,1.0
IDXX,2018-09-07 00:00:00+00:00,242.55,246.4,241.92,244.17,379190,242.55,246.4,241.92,244.17,379190,0.0,1.0
IDXX,2018-09-10 00:00:00+00:00,246.11,247.99,243.55,244.5,508249,246.11,247.99,243.55,244.5,508249,0.0,1.0
IDXX,2018-09-11 00:00:00+00:00,242.43,248.09,241.32,246.48,641023,242.43,248.09,241.32,246.48,641023,0.0,1.0
IDXX,2018-09-12 00:00:00+00:00,245.65,246.06,241.695,242.4,343489,245.65,246.06,241.695,242.4,343489,0.0,1.0
IDXX,2018-09-13 00:00:00+00:00,249.29,249.75,245.71,246.14,362712,249.29,249.75,245.71,246.14,362712,0.0,1.0
IDXX,2018-09-14 00:00:00+00:00,247.94,249.89,247.07,248.94,320301,247.94,249.89,247.07,248.94,320301,0.0,1.0
IDXX,2018-09-17 00:00:00+00:00,242.94,248.855,242.11,247.72,377500,242.94,248.855,242.11,247.72,377500,0.0,1.0
IDXX,2018-09-18 00:00:00+00:00,245.22,247.7,242.0,243.67,543025,245.22,247.7,242.0,243.67,543025,0.0,1.0
IDXX,2018-09-19 00:00:00+00:00,240.9,245.73,240.0212,244.93,509222,240.9,245.73,240.0212,244.93,509222,0.0,1.0
IDXX,2018-09-20 00:00:00+00:00,242.02,243.7225,239.26,241.96,713820,242.02,243.7225,239.26,241.96,713820,0.0,1.0
IDXX,2018-09-21 00:00:00+00:00,241.13,244.13,240.79,243.5,668740,241.13,244.13,240.79,243.5,668740,0.0,1.0
IDXX,2018-09-24 00:00:00+00:00,242.71,243.21,239.0107,239.66,345676,242.71,243.21,239.0107,239.66,345676,0.0,1.0
IDXX,2018-09-25 00:00:00+00:00,245.84,245.97,242.73,243.37,293715,245.84,245.97,242.73,243.37,293715,0.0,1.0
IDXX,2018-09-26 00:00:00+00:00,244.39,247.98,243.48,246.69,309715,244.39,247.98,243.48,246.69,309715,0.0,1.0
IDXX,2018-09-27 00:00:00+00:00,248.68,249.83,244.28,244.28,411205,248.68,249.83,244.28,244.28,411205,0.0,1.0
IDXX,2018-09-28 00:00:00+00:00,249.66,250.68,248.135,248.46,383076,249.66,250.68,248.135,248.46,383076,0.0,1.0
IDXX,2018-10-01 00:00:00+00:00,248.92,252.69,247.78,250.0,276991,248.92,252.69,247.78,250.0,276991,0.0,1.0
IDXX,2018-10-02 00:00:00+00:00,242.38,249.92,241.63,249.11,473847,242.38,249.92,241.63,249.11,473847,0.0,1.0
IDXX,2018-10-03 00:00:00+00:00,239.36,245.15,238.805,243.6,434131,239.36,245.15,238.805,243.6,434131,0.0,1.0
IDXX,2018-10-04 00:00:00+00:00,231.11,238.198,229.82,237.9,643291,231.11,238.198,229.82,237.9,643291,0.0,1.0
IDXX,2018-10-05 00:00:00+00:00,229.24,233.5,226.28,231.11,496510,229.24,233.5,226.28,231.11,496510,0.0,1.0
IDXX,2018-10-08 00:00:00+00:00,224.29,229.94,220.51,228.44,667687,224.29,229.94,220.51,228.44,667687,0.0,1.0
IDXX,2018-10-09 00:00:00+00:00,223.9,227.1198,222.0,223.69,568320,223.9,227.1198,222.0,223.69,568320,0.0,1.0
IDXX,2018-10-10 00:00:00+00:00,217.21,224.91,216.64,223.6,591441,217.21,224.91,216.64,223.6,591441,0.0,1.0
IDXX,2018-10-11 00:00:00+00:00,214.11,219.99,212.55,216.41,531533,214.11,219.99,212.55,216.41,531533,0.0,1.0
IDXX,2018-10-12 00:00:00+00:00,222.42,223.33,216.41,219.6,850117,222.42,223.33,216.41,219.6,850117,0.0,1.0
IDXX,2018-10-15 00:00:00+00:00,216.9,222.04,216.86,221.9,390323,216.9,222.04,216.86,221.9,390323,0.0,1.0
IDXX,2018-10-16 00:00:00+00:00,225.79,226.25,219.3,219.3,335885,225.79,226.25,219.3,219.3,335885,0.0,1.0
IDXX,2018-10-17 00:00:00+00:00,228.49,229.1,223.62,225.04,486871,228.49,229.1,223.62,225.04,486871,0.0,1.0
IDXX,2018-10-18 00:00:00+00:00,224.33,228.71,223.035,228.3,518705,224.33,228.71,223.035,228.3,518705,0.0,1.0
IDXX,2018-10-19 00:00:00+00:00,218.4,227.97,217.35,226.4,486869,218.4,227.97,217.35,226.4,486869,0.0,1.0
IDXX,2018-10-22 00:00:00+00:00,219.78,220.9899,214.4,218.3,428209,219.78,220.9899,214.4,218.3,428209,0.0,1.0
IDXX,2018-10-23 00:00:00+00:00,218.12,219.54,211.01,216.64,498931,218.12,219.54,211.01,216.64,498931,0.0,1.0
IDXX,2018-10-24 00:00:00+00:00,206.95,220.63,206.4,218.0,655130,206.95,220.63,206.4,218.0,655130,0.0,1.0
IDXX,2018-10-25 00:00:00+00:00,210.78,213.665,205.572,208.25,580136,210.78,213.665,205.572,208.25,580136,0.0,1.0
IDXX,2018-10-26 00:00:00+00:00,203.45,207.99,200.85,204.56,1205928,203.45,207.99,200.85,204.56,1205928,0.0,1.0
IDXX,2018-10-29 00:00:00+00:00,203.91,209.1,199.86,206.75,688363,203.91,209.1,199.86,206.75,688363,0.0,1.0
IDXX,2018-10-30 00:00:00+00:00,210.22,210.46,203.75,204.21,683512,210.22,210.46,203.75,204.21,683512,0.0,1.0
IDXX,2018-10-31 00:00:00+00:00,212.12,216.11,210.89,213.49,831529,212.12,216.11,210.89,213.49,831529,0.0,1.0
IDXX,2018-11-01 00:00:00+00:00,205.06,207.8,190.0001,196.88,1582370,205.06,207.8,190.0001,196.88,1582370,0.0,1.0
IDXX,2018-11-02 00:00:00+00:00,204.91,209.87,195.01,206.0,1044500,204.91,209.87,195.01,206.0,1044500,0.0,1.0
IDXX,2018-11-05 00:00:00+00:00,201.45,205.53,198.4,205.44,626303,201.45,205.53,198.4,205.44,626303,0.0,1.0
IDXX,2018-11-06 00:00:00+00:00,202.27,204.085,200.13,201.83,572541,202.27,204.085,200.13,201.83,572541,0.0,1.0
IDXX,2018-11-07 00:00:00+00:00,209.79,210.15,203.12,203.98,551263,209.79,210.15,203.12,203.98,551263,0.0,1.0
IDXX,2018-11-08 00:00:00+00:00,209.67,212.18,208.35,209.65,507975,209.67,212.18,208.35,209.65,507975,0.0,1.0
IDXX,2018-11-09 00:00:00+00:00,207.17,209.4,203.42,208.72,464304,207.17,209.4,203.42,208.72,464304,0.0,1.0
IDXX,2018-11-12 00:00:00+00:00,198.82,207.23,198.0,206.24,463508,198.82,207.23,198.0,206.24,463508,0.0,1.0
IDXX,2018-11-13 00:00:00+00:00,198.84,202.245,196.5,198.0,532994,198.84,202.245,196.5,198.0,532994,0.0,1.0
IDXX,2018-11-14 00:00:00+00:00,196.69,202.24,195.17,200.5,390501,196.69,202.24,195.17,200.5,390501,0.0,1.0
IDXX,2018-11-15 00:00:00+00:00,200.57,200.9729,193.37,195.63,449092,200.57,200.9729,193.37,195.63,449092,0.0,1.0
IDXX,2018-11-16 00:00:00+00:00,201.37,203.12,198.45,199.91,530331,201.37,203.12,198.45,199.91,530331,0.0,1.0
IDXX,2018-11-19 00:00:00+00:00,193.52,201.3,191.06,201.3,576894,193.52,201.3,191.06,201.3,576894,0.0,1.0
IDXX,2018-11-20 00:00:00+00:00,192.16,194.33,188.75,190.62,535755,192.16,194.33,188.75,190.62,535755,0.0,1.0
IDXX,2018-11-21 00:00:00+00:00,193.49,195.47,190.08,193.18,438358,193.49,195.47,190.08,193.18,438358,0.0,1.0
IDXX,2018-11-23 00:00:00+00:00,192.65,195.83,192.16,192.18,152390,192.65,195.83,192.16,192.18,152390,0.0,1.0
IDXX,2018-11-26 00:00:00+00:00,196.7,196.99,192.59,194.05,427146,196.7,196.99,192.59,194.05,427146,0.0,1.0
IDXX,2018-11-27 00:00:00+00:00,194.4,198.01,193.17,196.26,406533,194.4,198.01,193.17,196.26,406533,0.0,1.0
IDXX,2018-11-28 00:00:00+00:00,202.41,202.73,194.55,194.55,487289,202.41,202.73,194.55,194.55,487289,0.0,1.0
IDXX,2018-11-29 00:00:00+00:00,201.12,202.41,198.985,200.7,408234,201.12,202.41,198.985,200.7,408234,0.0,1.0
IDXX,2018-11-30 00:00:00+00:00,203.76,204.3725,200.49,201.36,516517,203.76,204.3725,200.49,201.36,516517,0.0,1.0
IDXX,2018-12-03 00:00:00+00:00,206.36,207.28,204.37,206.25,519909,206.36,207.28,204.37,206.25,519909,0.0,1.0
IDXX,2018-12-04 00:00:00+00:00,196.8,207.75,194.64,206.68,822296,196.8,207.75,194.64,206.68,822296,0.0,1.0
IDXX,2018-12-06 00:00:00+00:00,199.69,199.97,189.46,194.07,860316,199.69,199.97,189.46,194.07,860316,0.0,1.0
IDXX,2018-12-07 00:00:00+00:00,190.01,199.55,188.56,198.4,621688,190.01,199.55,188.56,198.4,621688,0.0,1.0
IDXX,2018-12-10 00:00:00+00:00,196.0,196.24,188.99,190.17,591758,196.0,196.24,188.99,190.17,591758,0.0,1.0
IDXX,2018-12-11 00:00:00+00:00,196.47,199.655,195.01,198.4,500309,196.47,199.655,195.01,198.4,500309,0.0,1.0
IDXX,2018-12-12 00:00:00+00:00,199.73,202.8,198.88,199.72,430421,199.73,202.8,198.88,199.72,430421,0.0,1.0
IDXX,2018-12-13 00:00:00+00:00,194.97,201.02,193.19,200.74,444714,194.97,201.02,193.19,200.74,444714,0.0,1.0
IDXX,2018-12-14 00:00:00+00:00,190.27,193.75,189.58,192.98,545526,190.27,193.75,189.58,192.98,545526,0.0,1.0
IDXX,2018-12-17 00:00:00+00:00,183.79,189.66,182.42,189.47,800683,183.79,189.66,182.42,189.47,800683,0.0,1.0
IDXX,2018-12-18 00:00:00+00:00,187.57,190.02,183.77,185.6,617561,187.57,190.02,183.77,185.6,617561,0.0,1.0
IDXX,2018-12-19 00:00:00+00:00,183.9,192.98,181.53,188.34,621800,183.9,192.98,181.53,188.34,621800,0.0,1.0
IDXX,2018-12-20 00:00:00+00:00,185.04,187.82,180.0,182.5,1102928,185.04,187.82,180.0,182.5,1102928,0.0,1.0
IDXX,2018-12-21 00:00:00+00:00,184.94,188.98,182.9,184.9,1351083,184.94,188.98,182.9,184.9,1351083,0.0,1.0
IDXX,2018-12-24 00:00:00+00:00,176.18,184.38,176.17,183.82,445884,176.18,184.38,176.17,183.82,445884,0.0,1.0
IDXX,2018-12-26 00:00:00+00:00,185.6,185.63,176.15,176.15,455080,185.6,185.63,176.15,176.15,455080,0.0,1.0
IDXX,2018-12-27 00:00:00+00:00,187.95,187.95,180.5,182.76,647771,187.95,187.95,180.5,182.76,647771,0.0,1.0
IDXX,2018-12-28 00:00:00+00:00,185.88,189.35,182.92,189.06,541546,185.88,189.35,182.92,189.06,541546,0.0,1.0
IDXX,2018-12-31 00:00:00+00:00,186.02,187.97,183.38,187.45,680499,186.02,187.97,183.38,187.45,680499,0.0,1.0
IDXX,2019-01-02 00:00:00+00:00,182.46,184.17,180.75,182.49,550250,182.46,184.17,180.75,182.49,550250,0.0,1.0
IDXX,2019-01-03 00:00:00+00:00,178.02,181.91,176.11,181.31,560283,178.02,181.91,176.11,181.31,560283,0.0,1.0
IDXX,2019-01-04 00:00:00+00:00,187.43,188.99,180.71,180.71,892152,187.43,188.99,180.71,180.71,892152,0.0,1.0
IDXX,2019-01-07 00:00:00+00:00,186.89,190.0,185.25,187.92,648654,186.89,190.0,185.25,187.92,648654,0.0,1.0
IDXX,2019-01-08 00:00:00+00:00,189.29,189.61,184.52,188.84,544351,189.29,189.61,184.52,188.84,544351,0.0,1.0
IDXX,2019-01-09 00:00:00+00:00,192.22,194.5,190.24,190.27,575020,192.22,194.5,190.24,190.27,575020,0.0,1.0
IDXX,2019-01-10 00:00:00+00:00,192.72,193.12,190.1,191.42,303308,192.72,193.12,190.1,191.42,303308,0.0,1.0
IDXX,2019-01-11 00:00:00+00:00,192.91,193.01,190.77,191.86,355614,192.91,193.01,190.77,191.86,355614,0.0,1.0
IDXX,2019-01-14 00:00:00+00:00,189.79,192.6,189.69,191.89,509650,189.79,192.6,189.69,191.89,509650,0.0,1.0
IDXX,2019-01-15 00:00:00+00:00,196.01,196.29,190.515,190.59,586553,196.01,196.29,190.515,190.59,586553,0.0,1.0
IDXX,2019-01-16 00:00:00+00:00,197.24,199.68,195.07,196.08,995231,197.24,199.68,195.07,196.08,995231,0.0,1.0
IDXX,2019-01-17 00:00:00+00:00,196.9,199.21,196.08,196.27,472141,196.9,199.21,196.08,196.27,472141,0.0,1.0
IDXX,2019-01-18 00:00:00+00:00,200.87,200.98,196.29,198.9,796335,200.87,200.98,196.29,198.9,796335,0.0,1.0
IDXX,2019-01-22 00:00:00+00:00,201.31,201.43,198.82,199.64,473066,201.31,201.43,198.82,199.64,473066,0.0,1.0
IDXX,2019-01-23 00:00:00+00:00,201.64,204.04,198.47,201.89,369670,201.64,204.04,198.47,201.89,369670,0.0,1.0
IDXX,2019-01-24 00:00:00+00:00,206.16,206.45,200.49,202.1,617873,206.16,206.45,200.49,202.1,617873,0.0,1.0
IDXX,2019-01-25 00:00:00+00:00,208.85,209.49,206.86,207.88,483842,208.85,209.49,206.86,207.88,483842,0.0,1.0
IDXX,2019-01-28 00:00:00+00:00,205.7,207.87,204.05,207.85,424079,205.7,207.87,204.05,207.85,424079,0.0,1.0
IDXX,2019-01-29 00:00:00+00:00,204.29,207.11,203.37,205.18,475124,204.29,207.11,203.37,205.18,475124,0.0,1.0
IDXX,2019-01-30 00:00:00+00:00,207.68,209.53,204.245,204.84,515645,207.68,209.53,204.245,204.84,515645,0.0,1.0
IDXX,2019-01-31 00:00:00+00:00,212.78,213.0,207.11,208.11,674851,212.78,213.0,207.11,208.11,674851,0.0,1.0
IDXX,2019-02-01 00:00:00+00:00,205.38,214.5,201.59,214.03,1292742,205.38,214.5,201.59,214.03,1292742,0.0,1.0
IDXX,2019-02-04 00:00:00+00:00,203.16,207.85,202.18,205.5,533925,203.16,207.85,202.18,205.5,533925,0.0,1.0
IDXX,2019-02-05 00:00:00+00:00,207.98,209.0,203.28,203.51,673517,207.98,209.0,203.28,203.51,673517,0.0,1.0
IDXX,2019-02-06 00:00:00+00:00,208.83,209.745,207.1928,207.72,504383,208.83,209.745,207.1928,207.72,504383,0.0,1.0
IDXX,2019-02-07 00:00:00+00:00,206.81,207.65,204.29,207.27,435319,206.81,207.65,204.29,207.27,435319,0.0,1.0
IDXX,2019-02-08 00:00:00+00:00,207.74,207.9,204.81,206.02,374692,207.74,207.9,204.81,206.02,374692,0.0,1.0
IDXX,2019-02-11 00:00:00+00:00,206.64,209.885,206.405,208.41,343021,206.64,209.885,206.405,208.41,343021,0.0,1.0
IDXX,2019-02-12 00:00:00+00:00,209.5,210.06,206.78,208.04,348189,209.5,210.06,206.78,208.04,348189,0.0,1.0
IDXX,2019-02-13 00:00:00+00:00,210.39,211.4695,209.1,210.32,382737,210.39,211.4695,209.1,210.32,382737,0.0,1.0
IDXX,2019-02-14 00:00:00+00:00,206.94,209.86,205.21,209.49,613725,206.94,209.86,205.21,209.49,613725,0.0,1.0
IDXX,2019-02-15 00:00:00+00:00,210.26,210.32,207.005,208.58,438775,210.26,210.32,207.005,208.58,438775,0.0,1.0
IDXX,2019-02-19 00:00:00+00:00,211.32,211.89,209.0,210.09,484156,211.32,211.89,209.0,210.09,484156,0.0,1.0
IDXX,2019-02-20 00:00:00+00:00,211.44,212.5,210.65,211.38,515019,211.44,212.5,210.65,211.38,515019,0.0,1.0
IDXX,2019-02-21 00:00:00+00:00,205.99,210.77,204.78,210.77,651553,205.99,210.77,204.78,210.77,651553,0.0,1.0
IDXX,2019-02-22 00:00:00+00:00,209.18,209.51,206.28,206.49,420471,209.18,209.51,206.28,206.49,420471,0.0,1.0
IDXX,2019-02-25 00:00:00+00:00,210.1,212.75,209.94,210.44,492755,210.1,212.75,209.94,210.44,492755,0.0,1.0
IDXX,2019-02-26 00:00:00+00:00,207.74,210.07,207.03,210.07,427090,207.74,210.07,207.03,210.07,427090,0.0,1.0
IDXX,2019-02-27 00:00:00+00:00,208.97,209.2299,206.355,207.08,279000,208.97,209.2299,206.355,207.08,279000,0.0,1.0
IDXX,2019-02-28 00:00:00+00:00,211.03,212.14,208.0,208.85,630089,211.03,212.14,208.0,208.85,630089,0.0,1.0
IDXX,2019-03-01 00:00:00+00:00,215.93,216.85,213.16,213.25,520218,215.93,216.85,213.16,213.25,520218,0.0,1.0
IDXX,2019-03-04 00:00:00+00:00,213.41,217.8899,212.15,217.75,637629,213.41,217.8899,212.15,217.75,637629,0.0,1.0
IDXX,2019-03-05 00:00:00+00:00,210.8,213.86,210.26,213.1,609685,210.8,213.86,210.26,213.1,609685,0.0,1.0
IDXX,2019-03-06 00:00:00+00:00,207.81,212.29,207.3,211.67,506846,207.81,212.29,207.3,211.67,506846,0.0,1.0
IDXX,2019-03-07 00:00:00+00:00,203.89,207.705,203.24,207.35,432642,203.89,207.705,203.24,207.35,432642,0.0,1.0
IDXX,2019-03-08 00:00:00+00:00,201.74,203.4,198.745,202.63,712170,201.74,203.4,198.745,202.63,712170,0.0,1.0
IDXX,2019-03-11 00:00:00+00:00,204.72,205.96,201.67,202.93,506416,204.72,205.96,201.67,202.93,506416,0.0,1.0
IDXX,2019-03-12 00:00:00+00:00,205.97,205.99,203.61,205.77,417864,205.97,205.99,203.61,205.77,417864,0.0,1.0
IDXX,2019-03-13 00:00:00+00:00,209.89,211.07,206.31,206.62,480577,209.89,211.07,206.31,206.62,480577,0.0,1.0
IDXX,2019-03-14 00:00:00+00:00,210.87,210.96,208.02,209.82,473404,210.87,210.96,208.02,209.82,473404,0.0,1.0
IDXX,2019-03-15 00:00:00+00:00,216.21,216.35,211.3,211.3,940708,216.21,216.35,211.3,211.3,940708,0.0,1.0
IDXX,2019-03-18 00:00:00+00:00,215.74,217.97,213.34,216.65,551646,215.74,217.97,213.34,216.65,551646,0.0,1.0
IDXX,2019-03-19 00:00:00+00:00,218.3,219.0,216.48,216.99,405143,218.3,219.0,216.48,216.99,405143,0.0,1.0
IDXX,2019-03-20 00:00:00+00:00,219.27,220.81,216.44,217.35,407008,219.27,220.81,216.44,217.35,407008,0.0,1.0
IDXX,2019-03-21 00:00:00+00:00,225.69,226.15,219.04,219.04,620009,225.69,226.15,219.04,219.04,620009,0.0,1.0
IDXX,2019-03-22 00:00:00+00:00,219.43,225.5766,219.32,225.23,496237,219.43,225.5766,219.32,225.23,496237,0.0,1.0
IDXX,2019-03-25 00:00:00+00:00,219.24,220.81,217.89,219.31,398274,219.24,220.81,217.89,219.31,398274,0.0,1.0
IDXX,2019-03-26 00:00:00+00:00,220.0,222.59,219.09,221.06,327217,220.0,222.59,219.09,221.06,327217,0.0,1.0
IDXX,2019-03-27 00:00:00+00:00,218.84,220.71,215.39,220.71,375656,218.84,220.71,215.39,220.71,375656,0.0,1.0
IDXX,2019-03-28 00:00:00+00:00,220.56,220.77,217.59,218.92,341260,220.56,220.77,217.59,218.92,341260,0.0,1.0
IDXX,2019-03-29 00:00:00+00:00,223.6,224.195,220.82,221.93,420137,223.6,224.195,220.82,221.93,420137,0.0,1.0
IDXX,2019-04-01 00:00:00+00:00,225.12,228.18,222.7,225.52,428463,225.12,228.18,222.7,225.52,428463,0.0,1.0
IDXX,2019-04-02 00:00:00+00:00,224.92,225.95,223.505,225.49,485731,224.92,225.95,223.505,225.49,485731,0.0,1.0
IDXX,2019-04-03 00:00:00+00:00,227.58,228.205,225.2,226.72,480569,227.58,228.205,225.2,226.72,480569,0.0,1.0
IDXX,2019-04-04 00:00:00+00:00,225.93,227.8,222.84,227.78,429792,225.93,227.8,222.84,227.78,429792,0.0,1.0
IDXX,2019-04-05 00:00:00+00:00,227.77,228.98,226.39,226.45,341930,227.77,228.98,226.39,226.45,341930,0.0,1.0
IDXX,2019-04-08 00:00:00+00:00,227.75,228.0,224.38,226.83,788848,227.75,228.0,224.38,226.83,788848,0.0,1.0
IDXX,2019-04-09 00:00:00+00:00,224.78,228.5938,224.15,227.13,425644,224.78,228.5938,224.15,227.13,425644,0.0,1.0
IDXX,2019-04-10 00:00:00+00:00,224.52,226.14,223.68,224.68,526378,224.52,226.14,223.68,224.68,526378,0.0,1.0
IDXX,2019-04-11 00:00:00+00:00,223.76,225.89,221.5,225.48,444591,223.76,225.89,221.5,225.48,444591,0.0,1.0
IDXX,2019-04-12 00:00:00+00:00,225.32,227.34,223.71,225.22,331984,225.32,227.34,223.71,225.22,331984,0.0,1.0
IDXX,2019-04-15 00:00:00+00:00,225.22,226.27,223.83,225.84,251409,225.22,226.27,223.83,225.84,251409,0.0,1.0
IDXX,2019-04-16 00:00:00+00:00,222.17,228.195,221.0,227.1,342074,222.17,228.195,221.0,227.1,342074,0.0,1.0
IDXX,2019-04-17 00:00:00+00:00,215.53,223.83,214.821,223.43,508798,215.53,223.83,214.821,223.43,508798,0.0,1.0
IDXX,2019-04-18 00:00:00+00:00,218.49,219.08,214.25,216.89,514955,218.49,219.08,214.25,216.89,514955,0.0,1.0
IDXX,2019-04-22 00:00:00+00:00,221.59,222.79,216.82,216.82,321160,221.59,222.79,216.82,216.82,321160,0.0,1.0
IDXX,2019-04-23 00:00:00+00:00,224.45,226.3,220.66,221.0,560566,224.45,226.3,220.66,221.0,560566,0.0,1.0
IDXX,2019-04-24 00:00:00+00:00,224.58,226.4775,223.47,225.01,414930,224.58,226.4775,223.47,225.01,414930,0.0,1.0
IDXX,2019-04-25 00:00:00+00:00,227.67,228.32,222.25,223.98,412251,227.67,228.32,222.25,223.98,412251,0.0,1.0
IDXX,2019-04-26 00:00:00+00:00,232.47,233.06,227.05,227.79,413667,232.47,233.06,227.05,227.79,413667,0.0,1.0
IDXX,2019-04-29 00:00:00+00:00,230.68,233.21,229.01,231.67,390435,230.68,233.21,229.01,231.67,390435,0.0,1.0
IDXX,2019-04-30 00:00:00+00:00,232.0,232.94,230.04,230.99,518332,232.0,232.94,230.04,230.99,518332,0.0,1.0
IDXX,2019-05-01 00:00:00+00:00,234.06,240.865,230.0,231.63,713240,234.06,240.865,230.0,231.63,713240,0.0,1.0
IDXX,2019-05-02 00:00:00+00:00,242.34,242.51,234.13,234.63,680540,242.34,242.51,234.13,234.63,680540,0.0,1.0
IDXX,2019-05-03 00:00:00+00:00,250.47,251.38,242.42,242.42,852638,250.47,251.38,242.42,242.42,852638,0.0,1.0
IDXX,2019-05-06 00:00:00+00:00,251.88,252.34,244.05,245.33,513873,251.88,252.34,244.05,245.33,513873,0.0,1.0
IDXX,2019-05-07 00:00:00+00:00,245.45,250.22,243.59,248.44,645059,245.45,250.22,243.59,248.44,645059,0.0,1.0
IDXX,2019-05-08 00:00:00+00:00,245.79,247.41,242.5,243.93,456290,245.79,247.41,242.5,243.93,456290,0.0,1.0
IDXX,2019-05-09 00:00:00+00:00,246.22,246.71,241.79,243.57,550797,246.22,246.71,241.79,243.57,550797,0.0,1.0
IDXX,2019-05-10 00:00:00+00:00,247.83,248.93,240.84,245.41,630407,247.83,248.93,240.84,245.41,630407,0.0,1.0
IDXX,2019-05-13 00:00:00+00:00,242.62,244.55,240.56,242.9,497913,242.62,244.55,240.56,242.9,497913,0.0,1.0
IDXX,2019-05-14 00:00:00+00:00,246.18,247.57,243.0,243.24,426591,246.18,247.57,243.0,243.24,426591,0.0,1.0
IDXX,2019-05-15 00:00:00+00:00,249.55,250.35,243.79,243.79,357944,249.55,250.35,243.79,243.79,357944,0.0,1.0
IDXX,2019-05-16 00:00:00+00:00,251.97,255.295,249.78,250.54,547877,251.97,255.295,249.78,250.54,547877,0.0,1.0
IDXX,2019-05-17 00:00:00+00:00,249.56,252.13,248.68,249.85,507919,249.56,252.13,248.68,249.85,507919,0.0,1.0
IDXX,2019-05-20 00:00:00+00:00,248.54,250.27,245.84,247.92,268139,248.54,250.27,245.84,247.92,268139,0.0,1.0
IDXX,2019-05-21 00:00:00+00:00,249.33,252.75,249.16,250.56,336017,249.33,252.75,249.16,250.56,336017,0.0,1.0
IDXX,2019-05-22 00:00:00+00:00,250.38,251.09,247.52,249.12,358655,250.38,251.09,247.52,249.12,358655,0.0,1.0
IDXX,2019-05-23 00:00:00+00:00,253.57,253.64,248.03,252.58,461813,253.57,253.64,248.03,252.58,461813,0.0,1.0
IDXX,2019-05-24 00:00:00+00:00,256.11,258.42,254.47,254.47,372565,256.11,258.42,254.47,254.47,372565,0.0,1.0
IDXX,2019-05-28 00:00:00+00:00,246.85,258.45,246.72,256.1,644134,246.85,258.45,246.72,256.1,644134,0.0,1.0
IDXX,2019-05-29 00:00:00+00:00,247.45,249.1,243.8625,245.79,650457,247.45,249.1,243.8625,245.79,650457,0.0,1.0
IDXX,2019-05-30 00:00:00+00:00,249.7,251.32,247.48,248.07,258364,249.7,251.32,247.48,248.07,258364,0.0,1.0
IDXX,2019-05-31 00:00:00+00:00,249.77,251.87,245.86,247.64,308153,249.77,251.87,245.86,247.64,308153,0.0,1.0
IDXX,2019-06-03 00:00:00+00:00,245.59,252.665,245.0,250.05,418743,245.59,252.665,245.0,250.05,418743,0.0,1.0
IDXX,2019-06-04 00:00:00+00:00,252.88,253.21,248.03,249.65,469519,252.88,253.21,248.03,249.65,469519,0.0,1.0
IDXX,2019-06-05 00:00:00+00:00,256.6,257.63,253.64,253.64,329697,256.6,257.63,253.64,253.64,329697,0.0,1.0
IDXX,2019-06-06 00:00:00+00:00,259.68,261.37,256.39,256.76,320452,259.68,261.37,256.39,256.76,320452,0.0,1.0
IDXX,2019-06-07 00:00:00+00:00,264.92,265.9,261.3,261.3,369554,264.92,265.9,261.3,261.3,369554,0.0,1.0
IDXX,2019-06-10 00:00:00+00:00,268.47,269.52,266.04,266.04,300419,268.47,269.52,266.04,266.04,300419,0.0,1.0
IDXX,2019-06-11 00:00:00+00:00,263.93,271.34,261.55,269.86,358138,263.93,271.34,261.55,269.86,358138,0.0,1.0
IDXX,2019-06-12 00:00:00+00:00,265.05,266.22,262.36,264.47,321653,265.05,266.22,262.36,264.47,321653,0.0,1.0
IDXX,2019-06-13 00:00:00+00:00,267.16,267.32,262.53,265.82,253668,267.16,267.32,262.53,265.82,253668,0.0,1.0
IDXX,2019-06-14 00:00:00+00:00,267.74,268.85,266.06,267.12,284212,267.74,268.85,266.06,267.12,284212,0.0,1.0
IDXX,2019-06-17 00:00:00+00:00,268.25,270.5,265.5,267.85,261396,268.25,270.5,265.5,267.85,261396,0.0,1.0
IDXX,2019-06-18 00:00:00+00:00,269.72,272.25,268.03,271.45,342196,269.72,272.25,268.03,271.45,342196,0.0,1.0
IDXX,2019-06-19 00:00:00+00:00,274.28,275.19,268.17,269.2,262070,274.28,275.19,268.17,269.2,262070,0.0,1.0
IDXX,2019-06-20 00:00:00+00:00,272.88,278.61,272.48,277.57,405244,272.88,278.61,272.48,277.57,405244,0.0,1.0
IDXX,2019-06-21 00:00:00+00:00,273.93,275.0,270.2,272.74,557501,273.93,275.0,270.2,272.74,557501,0.0,1.0
IDXX,2019-06-24 00:00:00+00:00,275.01,275.94,272.82,274.81,274095,275.01,275.94,272.82,274.81,274095,0.0,1.0
IDXX,2019-06-25 00:00:00+00:00,271.31,276.0,270.68,275.59,299318,271.31,276.0,270.68,275.59,299318,0.0,1.0
IDXX,2019-06-26 00:00:00+00:00,269.89,272.665,268.53,272.33,301471,269.89,272.665,268.53,272.33,301471,0.0,1.0
IDXX,2019-06-27 00:00:00+00:00,272.05,273.83,270.01,270.46,243186,272.05,273.83,270.01,270.46,243186,0.0,1.0
IDXX,2019-06-28 00:00:00+00:00,275.33,275.97,270.59,272.01,646327,275.33,275.97,270.59,272.01,646327,0.0,1.0
IDXX,2019-07-01 00:00:00+00:00,280.16,281.3,276.445,278.25,518483,280.16,281.3,276.445,278.25,518483,0.0,1.0
IDXX,2019-07-02 00:00:00+00:00,277.01,280.7,275.46,279.91,417841,277.01,280.7,275.46,279.91,417841,0.0,1.0
IDXX,2019-07-03 00:00:00+00:00,278.87,279.91,276.72,278.44,280665,278.87,279.91,276.72,278.44,280665,0.0,1.0
IDXX,2019-07-05 00:00:00+00:00,278.49,278.735,273.39,276.57,256480,278.49,278.735,273.39,276.57,256480,0.0,1.0
IDXX,2019-07-08 00:00:00+00:00,276.75,277.68,274.815,277.58,298295,276.75,277.68,274.815,277.58,298295,0.0,1.0
IDXX,2019-07-09 00:00:00+00:00,279.55,280.18,274.54,275.41,489123,279.55,280.18,274.54,275.41,489123,0.0,1.0
IDXX,2019-07-10 00:00:00+00:00,282.53,284.37,280.3,280.51,518328,282.53,284.37,280.3,280.51,518328,0.0,1.0
IDXX,2019-07-11 00:00:00+00:00,285.46,285.86,280.56,283.07,304185,285.46,285.86,280.56,283.07,304185,0.0,1.0
IDXX,2019-07-12 00:00:00+00:00,284.24,285.33,282.865,283.51,324336,284.24,285.33,282.865,283.51,324336,0.0,1.0
IDXX,2019-07-15 00:00:00+00:00,284.08,284.47,282.18,284.47,286768,284.08,284.47,282.18,284.47,286768,0.0,1.0
IDXX,2019-07-16 00:00:00+00:00,283.66,285.4,282.59,284.08,248903,283.66,285.4,282.59,284.08,248903,0.0,1.0
IDXX,2019-07-17 00:00:00+00:00,284.73,286.79,283.76,283.76,237209,284.73,286.79,283.76,283.76,237209,0.0,1.0
IDXX,2019-07-18 00:00:00+00:00,289.85,290.3947,283.36,283.36,360690,289.85,290.3947,283.36,283.36,360690,0.0,1.0
IDXX,2019-07-19 00:00:00+00:00,284.69,292.17,284.27,291.16,384360,284.69,292.17,284.27,291.16,384360,0.0,1.0
IDXX,2019-07-22 00:00:00+00:00,287.07,289.83,285.52,285.88,274822,287.07,289.83,285.52,285.88,274822,0.0,1.0
IDXX,2019-07-23 00:00:00+00:00,286.82,288.6994,284.94,288.06,208515,286.82,288.6994,284.94,288.06,208515,0.0,1.0
IDXX,2019-07-24 00:00:00+00:00,285.4,289.47,283.65,288.64,388658,285.4,289.47,283.65,288.64,388658,0.0,1.0
IDXX,2019-07-25 00:00:00+00:00,283.56,285.15,282.2,284.21,285303,283.56,285.15,282.2,284.21,285303,0.0,1.0
IDXX,2019-07-26 00:00:00+00:00,283.94,285.65,282.68,285.22,238957,283.94,285.65,282.68,285.22,238957,0.0,1.0
IDXX,2019-07-29 00:00:00+00:00,284.91,285.07,281.04,284.33,335878,284.91,285.07,281.04,284.33,335878,0.0,1.0
IDXX,2019-07-30 00:00:00+00:00,286.05,286.41,283.19,283.44,285474,286.05,286.41,283.19,283.44,285474,0.0,1.0
IDXX,2019-07-31 00:00:00+00:00,282.05,286.88,278.68,286.49,448780,282.05,286.88,278.68,286.49,448780,0.0,1.0
IDXX,2019-08-01 00:00:00+00:00,268.3,281.28,259.7343,268.51,1091143,268.3,281.28,259.7343,268.51,1091143,0.0,1.0
IDXX,2019-08-02 00:00:00+00:00,268.71,272.515,266.08,268.89,452702,268.71,272.515,266.08,268.89,452702,0.0,1.0
IDXX,2019-08-05 00:00:00+00:00,260.07,266.2139,256.27,264.13,624432,260.07,266.2139,256.27,264.13,624432,0.0,1.0
IDXX,2019-08-06 00:00:00+00:00,270.38,270.9,262.2,262.21,625028,270.38,270.9,262.2,262.21,625028,0.0,1.0
IDXX,2019-08-07 00:00:00+00:00,267.87,269.75,262.91,267.34,390813,267.87,269.75,262.91,267.34,390813,0.0,1.0
IDXX,2019-08-08 00:00:00+00:00,275.57,276.03,269.89,269.89,384193,275.57,276.03,269.89,269.89,384193,0.0,1.0
IDXX,2019-08-09 00:00:00+00:00,278.86,280.5534,274.13,274.44,430186,278.86,280.5534,274.13,274.44,430186,0.0,1.0
IDXX,2019-08-12 00:00:00+00:00,275.78,279.48,274.11,278.12,296183,275.78,279.48,274.11,278.12,296183,0.0,1.0
IDXX,2019-08-13 00:00:00+00:00,280.91,281.13,274.08,274.29,381930,280.91,281.13,274.08,274.29,381930,0.0,1.0
IDXX,2019-08-14 00:00:00+00:00,269.81,278.3822,269.76,276.97,426437,269.81,278.3822,269.76,276.97,426437,0.0,1.0
IDXX,2019-08-15 00:00:00+00:00,273.07,276.56,270.51,272.36,321862,273.07,276.56,270.51,272.36,321862,0.0,1.0
IDXX,2019-08-16 00:00:00+00:00,275.41,279.24,274.225,276.29,403484,275.41,279.24,274.225,276.29,403484,0.0,1.0
IDXX,2019-08-19 00:00:00+00:00,279.53,280.22,276.26,278.77,247184,279.53,280.22,276.26,278.77,247184,0.0,1.0
IDXX,2019-08-20 00:00:00+00:00,281.41,283.41,277.31,279.92,337619,281.41,283.41,277.31,279.92,337619,0.0,1.0
IDXX,2019-08-21 00:00:00+00:00,280.96,284.155,280.13,282.88,180831,280.96,284.155,280.13,282.88,180831,0.0,1.0
IDXX,2019-08-22 00:00:00+00:00,279.88,282.26,276.09,282.26,190566,279.88,282.26,276.09,282.26,190566,0.0,1.0
IDXX,2019-08-23 00:00:00+00:00,270.44,281.925,269.23,279.25,428273,270.44,281.925,269.23,279.25,428273,0.0,1.0
IDXX,2019-08-26 00:00:00+00:00,277.13,277.28,272.5,273.84,529391,277.13,277.28,272.5,273.84,529391,0.0,1.0
IDXX,2019-08-27 00:00:00+00:00,284.77,285.14,277.07,279.04,612872,284.77,285.14,277.07,279.04,612872,0.0,1.0
IDXX,2019-08-28 00:00:00+00:00,285.56,287.075,281.0103,282.62,456154,285.56,287.075,281.0103,282.62,456154,0.0,1.0
IDXX,2019-08-29 00:00:00+00:00,289.29,290.8479,286.34,288.1,331979,289.29,290.8479,286.34,288.1,331979,0.0,1.0
IDXX,2019-08-30 00:00:00+00:00,289.74,291.05,287.22,291.05,303283,289.74,291.05,287.22,291.05,303283,0.0,1.0
IDXX,2019-09-03 00:00:00+00:00,286.08,290.42,283.53,288.89,326475,286.08,290.42,283.53,288.89,326475,0.0,1.0
IDXX,2019-09-04 00:00:00+00:00,288.9,289.24,284.73,288.21,408932,288.9,289.24,284.73,288.21,408932,0.0,1.0
IDXX,2019-09-05 00:00:00+00:00,289.93,291.64,287.765,291.21,353656,289.93,291.64,287.765,291.21,353656,0.0,1.0
IDXX,2019-09-06 00:00:00+00:00,288.47,290.98,288.21,289.95,273154,288.47,290.98,288.21,289.95,273154,0.0,1.0
IDXX,2019-09-09 00:00:00+00:00,267.2,289.05,266.3,289.05,648586,267.2,289.05,266.3,289.05,648586,0.0,1.0
IDXX,2019-09-10 00:00:00+00:00,267.63,267.76,257.01,265.04,531582,267.63,267.76,257.01,265.04,531582,0.0,1.0
IDXX,2019-09-11 00:00:00+00:00,270.99,274.55,268.42,270.04,439036,270.99,274.55,268.42,270.04,439036,0.0,1.0
IDXX,2019-09-12 00:00:00+00:00,271.05,274.47,270.87,272.6,382760,271.05,274.47,270.87,272.6,382760,0.0,1.0
IDXX,2019-09-13 00:00:00+00:00,265.47,271.6857,264.945,270.59,465068,265.47,271.6857,264.945,270.59,465068,0.0,1.0
IDXX,2019-09-16 00:00:00+00:00,265.64,267.35,261.86,262.91,308919,265.64,267.35,261.86,262.91,308919,0.0,1.0
IDXX,2019-09-17 00:00:00+00:00,271.86,272.47,266.27,266.27,379730,271.86,272.47,266.27,266.27,379730,0.0,1.0
IDXX,2019-09-18 00:00:00+00:00,272.73,275.35,269.01,271.58,364305,272.73,275.35,269.01,271.58,364305,0.0,1.0
IDXX,2019-09-19 00:00:00+00:00,273.79,276.3677,273.2308,273.63,239564,273.79,276.3677,273.2308,273.63,239564,0.0,1.0
IDXX,2019-09-20 00:00:00+00:00,274.17,276.54,272.2309,272.42,536890,274.17,276.54,272.2309,272.42,536890,0.0,1.0
IDXX,2019-09-23 00:00:00+00:00,275.79,277.06,271.21,272.4,478370,275.79,277.06,271.21,272.4,478370,0.0,1.0
IDXX,2019-09-24 00:00:00+00:00,272.13,279.44,271.34,277.76,670492,272.13,279.44,271.34,277.76,670492,0.0,1.0
IDXX,2019-09-25 00:00:00+00:00,274.8,275.7,270.42,272.5,324628,274.8,275.7,270.42,272.5,324628,0.0,1.0
IDXX,2019-09-26 00:00:00+00:00,275.06,277.24,272.02,274.63,282762,275.06,277.24,272.02,274.63,282762,0.0,1.0
IDXX,2019-09-27 00:00:00+00:00,272.48,276.38,270.57,276.38,266919,272.48,276.38,270.57,276.38,266919,0.0,1.0
IDXX,2019-09-30 00:00:00+00:00,271.93,274.79,270.21,272.48,463199,271.93,274.79,270.21,272.48,463199,0.0,1.0
IDXX,2019-10-01 00:00:00+00:00,268.98,275.45,265.7928,273.4,390844,268.98,275.45,265.7928,273.4,390844,0.0,1.0
IDXX,2019-10-02 00:00:00+00:00,268.71,270.08,264.07,266.84,726420,268.71,270.08,264.07,266.84,726420,0.0,1.0
IDXX,2019-10-03 00:00:00+00:00,270.03,271.485,265.18,267.53,332355,270.03,271.485,265.18,267.53,332355,0.0,1.0
IDXX,2019-10-04 00:00:00+00:00,276.6,277.175,272.09,272.09,293079,276.6,277.175,272.09,272.09,293079,0.0,1.0
IDXX,2019-10-07 00:00:00+00:00,272.05,276.42,271.4,274.92,363393,272.05,276.42,271.4,274.92,363393,0.0,1.0
IDXX,2019-10-08 00:00:00+00:00,267.72,271.6,265.9,270.69,272778,267.72,271.6,265.9,270.69,272778,0.0,1.0
IDXX,2019-10-09 00:00:00+00:00,271.91,273.085,268.91,268.91,214232,271.91,273.085,268.91,268.91,214232,0.0,1.0
IDXX,2019-10-10 00:00:00+00:00,272.24,274.075,268.45,270.28,179911,272.24,274.075,268.45,270.28,179911,0.0,1.0
IDXX,2019-10-11 00:00:00+00:00,276.8,279.04,275.0,276.38,262313,276.8,279.04,275.0,276.38,262313,0.0,1.0
IDXX,2019-10-14 00:00:00+00:00,275.68,279.2,275.02,277.35,167974,275.68,279.2,275.02,277.35,167974,0.0,1.0
IDXX,2019-10-15 00:00:00+00:00,282.26,282.6,276.82,277.58,236490,282.26,282.6,276.82,277.58,236490,0.0,1.0
IDXX,2019-10-16 00:00:00+00:00,279.57,281.46,277.05,280.06,302269,279.57,281.46,277.05,280.06,302269,0.0,1.0
IDXX,2019-10-17 00:00:00+00:00,282.13,282.8181,278.61,281.05,188193,282.13,282.8181,278.61,281.05,188193,0.0,1.0
IDXX,2019-10-18 00:00:00+00:00,282.83,283.44,280.48,282.45,294932,282.83,283.44,280.48,282.45,294932,0.0,1.0
IDXX,2019-10-21 00:00:00+00:00,278.88,285.45,278.1,285.44,239215,278.88,285.45,278.1,285.44,239215,0.0,1.0
IDXX,2019-10-22 00:00:00+00:00,270.84,280.02,270.72,279.07,235283,270.84,280.02,270.72,279.07,235283,0.0,1.0
IDXX,2019-10-23 00:00:00+00:00,267.93,273.65,266.72,270.76,376700,267.93,273.65,266.72,270.76,376700,0.0,1.0
IDXX,2019-10-24 00:00:00+00:00,268.33,271.855,266.71,267.99,412173,268.33,271.855,266.71,267.99,412173,0.0,1.0
IDXX,2019-10-25 00:00:00+00:00,268.29,271.13,268.11,268.63,371475,268.29,271.13,268.11,268.63,371475,0.0,1.0
IDXX,2019-10-28 00:00:00+00:00,266.42,269.235,265.31,267.91,513292,266.42,269.235,265.31,267.91,513292,0.0,1.0
IDXX,2019-10-29 00:00:00+00:00,270.87,273.46,264.48,265.56,775571,270.87,273.46,264.48,265.56,775571,0.0,1.0
IDXX,2019-10-30 00:00:00+00:00,273.85,274.06,270.0,270.88,332608,273.85,274.06,270.0,270.88,332608,0.0,1.0
IDXX,2019-10-31 00:00:00+00:00,285.01,294.57,270.5,272.25,740085,285.01,294.57,270.5,272.25,740085,0.0,1.0
IDXX,2019-11-01 00:00:00+00:00,276.87,287.92,276.5,285.56,579940,276.87,287.92,276.5,285.56,579940,0.0,1.0
IDXX,2019-11-04 00:00:00+00:00,278.66,282.29,277.52,278.86,549400,278.66,282.29,277.52,278.86,549400,0.0,1.0
IDXX,2019-11-05 00:00:00+00:00,264.15,278.385,263.22,277.95,960408,264.15,278.385,263.22,277.95,960408,0.0,1.0
IDXX,2019-11-06 00:00:00+00:00,261.45,266.0,261.24,263.74,560515,261.45,266.0,261.24,263.74,560515,0.0,1.0
IDXX,2019-11-07 00:00:00+00:00,263.14,264.99,261.82,261.86,441608,263.14,264.99,261.82,261.86,441608,0.0,1.0
IDXX,2019-11-08 00:00:00+00:00,254.74,264.2029,254.42,263.0,772292,254.74,264.2029,254.42,263.0,772292,0.0,1.0
IDXX,2019-11-11 00:00:00+00:00,252.68,256.245,251.6,253.58,428407,252.68,256.245,251.6,253.58,428407,0.0,1.0
IDXX,2019-11-12 00:00:00+00:00,257.51,258.965,252.25,252.25,534613,257.51,258.965,252.25,252.25,534613,0.0,1.0
IDXX,2019-11-13 00:00:00+00:00,259.31,260.19,257.09,258.02,390662,259.31,260.19,257.09,258.02,390662,0.0,1.0
IDXX,2019-11-14 00:00:00+00:00,257.36,262.07,256.01,258.53,437783,257.36,262.07,256.01,258.53,437783,0.0,1.0
IDXX,2019-11-15 00:00:00+00:00,259.78,261.11,256.49,258.0,641524,259.78,261.11,256.49,258.0,641524,0.0,1.0
IDXX,2019-11-18 00:00:00+00:00,260.53,262.34,258.41,259.79,578500,260.53,262.34,258.41,259.79,578500,0.0,1.0
IDXX,2019-11-19 00:00:00+00:00,264.6,265.96,259.95,261.66,460972,264.6,265.96,259.95,261.66,460972,0.0,1.0
IDXX,2019-11-20 00:00:00+00:00,260.5,266.45,257.55,264.13,653516,260.5,266.45,257.55,264.13,653516,0.0,1.0
IDXX,2019-11-21 00:00:00+00:00,260.69,261.54,257.78,260.37,461974,260.69,261.54,257.78,260.37,461974,0.0,1.0
IDXX,2019-11-22 00:00:00+00:00,257.02,261.0,255.36,260.88,446209,257.02,261.0,255.36,260.88,446209,0.0,1.0
IDXX,2019-11-25 00:00:00+00:00,251.87,259.09,251.14,256.87,663765,251.87,259.09,251.14,256.87,663765,0.0,1.0
IDXX,2019-11-26 00:00:00+00:00,252.85,255.635,250.5,251.0,1296984,252.85,255.635,250.5,251.0,1296984,0.0,1.0
IDXX,2019-11-27 00:00:00+00:00,250.7,255.37,249.81,254.3,498471,250.7,255.37,249.81,254.3,498471,0.0,1.0
IDXX,2019-11-29 00:00:00+00:00,251.58,254.28,249.36,249.36,354633,251.58,254.28,249.36,249.36,354633,0.0,1.0
IDXX,2019-12-02 00:00:00+00:00,251.3,252.63,248.01,251.33,417990,251.3,252.63,248.01,251.33,417990,0.0,1.0
IDXX,2019-12-03 00:00:00+00:00,248.66,255.71,246.74,250.08,534126,248.66,255.71,246.74,250.08,534126,0.0,1.0
IDXX,2019-12-04 00:00:00+00:00,251.86,253.24,248.13,249.98,634838,251.86,253.24,248.13,249.98,634838,0.0,1.0
IDXX,2019-12-05 00:00:00+00:00,251.86,253.3,250.88,251.8,349053,251.86,253.3,250.88,251.8,349053,0.0,1.0
IDXX,2019-12-06 00:00:00+00:00,251.37,254.52,251.05,253.91,293833,251.37,254.52,251.05,253.91,293833,0.0,1.0
IDXX,2019-12-09 00:00:00+00:00,249.02,253.02,248.55,251.1,428710,249.02,253.02,248.55,251.1,428710,0.0,1.0
IDXX,2019-12-10 00:00:00+00:00,252.84,252.94,249.52,249.62,514989,252.84,252.94,249.52,249.62,514989,0.0,1.0
IDXX,2019-12-11 00:00:00+00:00,250.45,254.71,249.72,252.28,412662,250.45,254.71,249.72,252.28,412662,0.0,1.0
IDXX,2019-12-12 00:00:00+00:00,251.88,252.9536,249.53,250.87,536506,251.88,252.9536,249.53,250.87,536506,0.0,1.0
IDXX,2019-12-13 00:00:00+00:00,252.9,256.35,251.12,251.77,487824,252.9,256.35,251.12,251.77,487824,0.0,1.0
IDXX,2019-12-16 00:00:00+00:00,255.47,257.48,253.3215,253.82,406917,255.47,257.48,253.3215,253.82,406917,0.0,1.0
IDXX,2019-12-17 00:00:00+00:00,257.17,257.9,253.25,255.31,457806,257.17,257.9,253.25,255.31,457806,0.0,1.0
IDXX,2019-12-18 00:00:00+00:00,253.09,258.59,252.515,257.38,494545,253.09,258.59,252.515,257.38,494545,0.0,1.0
IDXX,2019-12-19 00:00:00+00:00,256.19,256.62,252.59,255.0,425296,256.19,256.62,252.59,255.0,425296,0.0,1.0
IDXX,2019-12-20 00:00:00+00:00,261.55,261.92,253.65,257.58,1079355,261.55,261.92,253.65,257.58,1079355,0.0,1.0
IDXX,2019-12-23 00:00:00+00:00,263.98,265.31,260.58,263.34,515025,263.98,265.31,260.58,263.34,515025,0.0,1.0
IDXX,2019-12-24 00:00:00+00:00,263.26,265.93,261.46,265.13,196734,263.26,265.93,261.46,265.13,196734,0.0,1.0
IDXX,2019-12-26 00:00:00+00:00,261.43,263.1,259.78,263.1,205921,261.43,263.1,259.78,263.1,205921,0.0,1.0
IDXX,2019-12-27 00:00:00+00:00,263.98,264.29,259.67,261.9,303941,263.98,264.29,259.67,261.9,303941,0.0,1.0
IDXX,2019-12-30 00:00:00+00:00,261.6,265.54,260.52,264.12,318062,261.6,265.54,260.52,264.12,318062,0.0,1.0
IDXX,2019-12-31 00:00:00+00:00,261.13,262.93,259.9,262.07,400691,261.13,262.93,259.9,262.07,400691,0.0,1.0
IDXX,2020-01-02 00:00:00+00:00,265.02,265.26,260.49,261.53,417192,265.02,265.26,260.49,261.53,417192,0.0,1.0
IDXX,2020-01-03 00:00:00+00:00,264.77,266.39,259.994,260.87,399146,264.77,266.39,259.994,260.87,399146,0.0,1.0
IDXX,2020-01-06 00:00:00+00:00,266.93,267.18,261.3234,263.9,579070,266.93,267.18,261.3234,263.9,579070,0.0,1.0
IDXX,2020-01-07 00:00:00+00:00,266.12,269.46,265.37,267.29,418494,266.12,269.46,265.37,267.29,418494,0.0,1.0
IDXX,2020-01-08 00:00:00+00:00,271.68,274.65,266.11,267.89,717504,271.68,274.65,266.11,267.89,717504,0.0,1.0
IDXX,2020-01-09 00:00:00+00:00,277.94,278.19,271.99,273.94,567649,277.94,278.19,271.99,273.94,567649,0.0,1.0
IDXX,2020-01-10 00:00:00+00:00,281.64,283.735,277.33,279.53,577991,281.64,283.735,277.33,279.53,577991,0.0,1.0
IDXX,2020-01-13 00:00:00+00:00,282.29,284.35,280.02,281.75,478929,282.29,284.35,280.02,281.75,478929,0.0,1.0
IDXX,2020-01-14 00:00:00+00:00,284.02,285.445,279.8347,281.55,468500,284.02,285.445,279.8347,281.55,468500,0.0,1.0
IDXX,2020-01-15 00:00:00+00:00,288.49,288.92,282.66,285.13,501881,288.49,288.92,282.66,285.13,501881,0.0,1.0
IDXX,2020-01-16 00:00:00+00:00,289.92,291.5,287.19,289.03,363853,289.92,291.5,287.19,289.03,363853,0.0,1.0
IDXX,2020-01-17 00:00:00+00:00,285.8,291.04,285.205,290.88,608085,285.8,291.04,285.205,290.88,608085,0.0,1.0
IDXX,2020-01-21 00:00:00+00:00,284.84,287.43,283.71,284.64,605672,284.84,287.43,283.71,284.64,605672,0.0,1.0
IDXX,2020-01-22 00:00:00+00:00,287.62,290.14,285.15,285.15,401827,287.62,290.14,285.15,285.15,401827,0.0,1.0
IDXX,2020-01-23 00:00:00+00:00,285.9,287.985,283.45,287.86,454289,285.9,287.985,283.45,287.86,454289,0.0,1.0
IDXX,2020-01-24 00:00:00+00:00,280.77,289.25,279.18,288.21,345231,280.77,289.25,279.18,288.21,345231,0.0,1.0
IDXX,2020-01-27 00:00:00+00:00,277.31,279.25,275.02,277.15,368748,277.31,279.25,275.02,277.15,368748,0.0,1.0
IDXX,2020-01-28 00:00:00+00:00,278.64,279.81,276.48,277.35,578919,278.64,279.81,276.48,277.35,578919,0.0,1.0
IDXX,2020-01-29 00:00:00+00:00,280.8,283.14,276.99,279.8,363325,280.8,283.14,276.99,279.8,363325,0.0,1.0
IDXX,2020-01-30 00:00:00+00:00,283.73,283.99,276.52,278.8,497696,283.73,283.99,276.52,278.8,497696,0.0,1.0
IDXX,2020-01-31 00:00:00+00:00,271.01,289.96,269.49,280.14,910248,271.01,289.96,269.49,280.14,910248,0.0,1.0
IDXX,2020-02-03 00:00:00+00:00,275.77,281.52,274.25,276.08,569600,275.77,281.52,274.25,276.08,569600,0.0,1.0
IDXX,2020-02-04 00:00:00+00:00,279.12,285.96,277.82,280.58,492253,279.12,285.96,277.82,280.58,492253,0.0,1.0
IDXX,2020-02-05 00:00:00+00:00,274.4,282.16,272.81,281.87,510489,274.4,282.16,272.81,281.87,510489,0.0,1.0
IDXX,2020-02-06 00:00:00+00:00,280.67,281.37,274.43,275.27,542843,280.67,281.37,274.43,275.27,542843,0.0,1.0
IDXX,2020-02-07 00:00:00+00:00,278.4,281.08,277.7,280.59,239716,278.4,281.08,277.7,280.59,239716,0.0,1.0
IDXX,2020-02-10 00:00:00+00:00,279.15,279.645,276.94,277.94,348326,279.15,279.645,276.94,277.94,348326,0.0,1.0
IDXX,2020-02-11 00:00:00+00:00,283.38,284.36,280.04,280.33,293162,283.38,284.36,280.04,280.33,293162,0.0,1.0
IDXX,2020-02-12 00:00:00+00:00,283.28,285.875,280.34,284.21,314469,283.28,285.875,280.34,284.21,314469,0.0,1.0
IDXX,2020-02-13 00:00:00+00:00,285.05,286.5,281.85,283.16,283851,285.05,286.5,281.85,283.16,283851,0.0,1.0
IDXX,2020-02-14 00:00:00+00:00,288.78,289.01,283.4,285.27,286787,288.78,289.01,283.4,285.27,286787,0.0,1.0
IDXX,2020-02-18 00:00:00+00:00,286.75,289.35,285.76,288.38,455261,286.75,289.35,285.76,288.38,455261,0.0,1.0
IDXX,2020-02-19 00:00:00+00:00,290.97,296.25,288.0,288.0,734123,290.97,296.25,288.0,288.0,734123,0.0,1.0
IDXX,2020-02-20 00:00:00+00:00,281.45,292.97,278.5,290.22,696581,281.45,292.97,278.5,290.22,696581,0.0,1.0
IDXX,2020-02-21 00:00:00+00:00,278.11,281.49,276.79,280.64,443302,278.11,281.49,276.79,280.64,443302,0.0,1.0
IDXX,2020-02-24 00:00:00+00:00,269.81,275.61,267.36,274.47,595421,269.81,275.61,267.36,274.47,595421,0.0,1.0
IDXX,2020-02-25 00:00:00+00:00,256.71,272.0168,255.35,270.22,649059,256.71,272.0168,255.35,270.22,649059,0.0,1.0
IDXX,2020-02-26 00:00:00+00:00,259.45,265.775,258.24,258.65,583924,259.45,265.775,258.24,258.65,583924,0.0,1.0
IDXX,2020-02-27 00:00:00+00:00,250.15,261.72,250.0,255.94,610154,250.15,261.72,250.0,255.94,610154,0.0,1.0
IDXX,2020-02-28 00:00:00+00:00,254.51,254.94,238.04,242.22,1614736,254.51,254.94,238.04,242.22,1614736,0.0,1.0
IDXX,2020-03-02 00:00:00+00:00,261.99,262.33,247.67,254.93,700708,261.99,262.33,247.67,254.93,700708,0.0,1.0
IDXX,2020-03-03 00:00:00+00:00,251.25,263.73,247.63,259.25,728896,251.25,263.73,247.63,259.25,728896,0.0,1.0
IDXX,2020-03-04 00:00:00+00:00,263.03,263.34,251.0,256.07,602595,263.03,263.34,251.0,256.07,602595,0.0,1.0
IDXX,2020-03-05 00:00:00+00:00,255.16,260.01,250.97,258.17,524430,255.16,260.01,250.97,258.17,524430,0.0,1.0
IDXX,2020-03-06 00:00:00+00:00,249.89,250.83,242.75,245.44,559182,249.89,250.83,242.75,245.44,559182,0.0,1.0
IDXX,2020-03-09 00:00:00+00:00,242.83,246.34,230.5574,236.1,909795,242.83,246.34,230.5574,236.1,909795,0.0,1.0
IDXX,2020-03-10 00:00:00+00:00,255.36,256.0,241.35,251.99,605479,255.36,256.0,241.35,251.99,605479,0.0,1.0
IDXX,2020-03-11 00:00:00+00:00,245.58,252.64,243.37,245.59,694423,245.58,252.64,243.37,245.59,694423,0.0,1.0
IDXX,2020-03-12 00:00:00+00:00,241.0,246.67,225.75,230.16,1405469,241.0,246.67,225.75,230.16,1405469,0.0,1.0
IDXX,2020-03-13 00:00:00+00:00,254.17,255.54,230.33,243.51,1371035,254.17,255.54,230.33,243.51,1371035,0.0,1.0
IDXX,2020-03-16 00:00:00+00:00,223.83,240.23,223.705,231.94,1331989,223.83,240.23,223.705,231.94,1331989,0.0,1.0
IDXX,2020-03-17 00:00:00+00:00,215.88,236.88,208.41,228.93,1271000,215.88,236.88,208.41,228.93,1271000,0.0,1.0
IDXX,2020-03-18 00:00:00+00:00,205.13,213.29,199.18,204.34,1569273,205.13,213.29,199.18,204.34,1569273,0.0,1.0
IDXX,2020-03-19 00:00:00+00:00,193.18,207.95,185.03,204.02,1852318,193.18,207.95,185.03,204.02,1852318,0.0,1.0
IDXX,2020-03-20 00:00:00+00:00,183.29,196.94,180.19,193.95,1539269,183.29,196.94,180.19,193.95,1539269,0.0,1.0
IDXX,2020-03-23 00:00:00+00:00,182.94,187.25,168.65,181.96,1386239,182.94,187.25,168.65,181.96,1386239,0.0,1.0
IDXX,2020-03-24 00:00:00+00:00,204.99,207.06,186.73,190.38,1065890,204.99,207.06,186.73,190.38,1065890,0.0,1.0
IDXX,2020-03-25 00:00:00+00:00,214.23,223.85,200.66,204.78,892276,214.23,223.85,200.66,204.78,892276,0.0,1.0
IDXX,2020-03-26 00:00:00+00:00,230.38,232.48,212.2,213.06,740473,230.38,232.48,212.2,213.06,740473,0.0,1.0
IDXX,2020-03-27 00:00:00+00:00,231.75,237.05,223.54,223.54,857952,231.75,237.05,223.54,223.54,857952,0.0,1.0
IDXX,2020-03-30 00:00:00+00:00,241.02,244.28,230.505,235.9,805175,241.02,244.28,230.505,235.9,805175,0.0,1.0
IDXX,2020-03-31 00:00:00+00:00,242.24,256.645,239.16,239.37,1175693,242.24,256.645,239.16,239.37,1175693,0.0,1.0
IDXX,2020-04-01 00:00:00+00:00,230.66,239.275,227.7,237.81,940650,230.66,239.275,227.7,237.81,940650,0.0,1.0
IDXX,2020-04-02 00:00:00+00:00,239.7,240.76,226.02,226.02,786736,239.7,240.76,226.02,226.02,786736,0.0,1.0
IDXX,2020-04-03 00:00:00+00:00,234.55,244.0,233.25,237.88,946369,234.55,244.0,233.25,237.88,946369,0.0,1.0
IDXX,2020-04-06 00:00:00+00:00,254.43,255.64,243.37,246.26,743328,254.43,255.64,243.37,246.26,743328,0.0,1.0
IDXX,2020-04-07 00:00:00+00:00,251.74,264.99,247.64,260.66,723748,251.74,264.99,247.64,260.66,723748,0.0,1.0
IDXX,2020-04-08 00:00:00+00:00,254.73,256.25,244.98,249.42,820247,254.73,256.25,244.98,249.42,820247,0.0,1.0
IDXX,2020-04-09 00:00:00+00:00,258.58,261.06,252.865,256.02,633270,258.58,261.06,252.865,256.02,633270,0.0,1.0
IDXX,2020-04-13 00:00:00+00:00,254.39,257.155,246.4,254.73,402734,254.39,257.155,246.4,254.73,402734,0.0,1.0
IDXX,2020-04-14 00:00:00+00:00,263.01,264.98,254.4,256.24,486477,263.01,264.98,254.4,256.24,486477,0.0,1.0
IDXX,2020-04-15 00:00:00+00:00,257.82,260.97,251.22,255.02,443946,257.82,260.97,251.22,255.02,443946,0.0,1.0
IDXX,2020-04-16 00:00:00+00:00,261.12,266.3323,258.0,261.13,421332,261.12,266.3323,258.0,261.13,421332,0.0,1.0
IDXX,2020-04-17 00:00:00+00:00,265.16,268.29,260.625,268.29,416275,265.16,268.29,260.625,268.29,416275,0.0,1.0
IDXX,2020-04-20 00:00:00+00:00,267.34,273.28,262.01,263.38,471525,267.34,273.28,262.01,263.38,471525,0.0,1.0
IDXX,2020-04-21 00:00:00+00:00,259.23,265.3752,256.425,263.0,428400,259.23,265.3752,256.425,263.0,428400,0.0,1.0
IDXX,2020-04-22 00:00:00+00:00,268.12,269.87,261.19,261.72,521324,268.12,269.87,261.19,261.72,521324,0.0,1.0
IDXX,2020-04-23 00:00:00+00:00,268.41,274.6,267.23,268.14,422865,268.41,274.6,267.23,268.14,422865,0.0,1.0
IDXX,2020-04-24 00:00:00+00:00,271.8,274.32,268.18,271.55,416099,271.8,274.32,268.18,271.55,416099,0.0,1.0
IDXX,2020-04-27 00:00:00+00:00,275.85,278.85,269.03,271.97,559251,275.85,278.85,269.03,271.97,559251,0.0,1.0
IDXX,2020-04-28 00:00:00+00:00,264.25,276.95,263.95,275.0,582625,264.25,276.95,263.95,275.0,582625,0.0,1.0
IDXX,2020-04-29 00:00:00+00:00,272.74,274.67,265.04,267.76,627732,272.74,274.67,265.04,267.76,627732,0.0,1.0
IDXX,2020-04-30 00:00:00+00:00,277.6,289.0,272.74,276.98,761126,277.6,289.0,272.74,276.98,761126,0.0,1.0
IDXX,2020-05-01 00:00:00+00:00,270.75,278.94,268.57,277.51,546993,270.75,278.94,268.57,277.51,546993,0.0,1.0
IDXX,2020-05-04 00:00:00+00:00,273.76,274.9,266.0,269.1122,484511,273.76,274.9,266.0,269.1122,484511,0.0,1.0
IDXX,2020-05-05 00:00:00+00:00,282.08,284.95,271.01,272.91,459652,282.08,284.95,271.01,272.91,459652,0.0,1.0
IDXX,2020-05-06 00:00:00+00:00,283.59,288.54,282.1,283.67,562751,283.59,288.54,282.1,283.67,562751,0.0,1.0
IDXX,2020-05-07 00:00:00+00:00,294.26,295.595,286.65,288.0,693043,294.26,295.595,286.65,288.0,693043,0.0,1.0
IDXX,2020-05-08 00:00:00+00:00,287.9,298.64,287.52,296.28,538819,287.9,298.64,287.52,296.28,538819,0.0,1.0
IDXX,2020-05-11 00:00:00+00:00,299.45,300.576,286.9,287.0,592454,299.45,300.576,286.9,287.0,592454,0.0,1.0
IDXX,2020-05-12 00:00:00+00:00,289.15,299.674,289.1,298.62,480275,289.15,299.674,289.1,298.62,480275,0.0,1.0
IDXX,2020-05-13 00:00:00+00:00,285.99,292.75,282.63,288.58,452992,285.99,292.75,282.63,288.58,452992,0.0,1.0
IDXX,2020-05-14 00:00:00+00:00,294.99,295.97,280.531,281.55,602961,294.99,295.97,280.531,281.55,602961,0.0,1.0
IDXX,2020-05-15 00:00:00+00:00,294.38,297.93,290.0,290.01,871202,294.38,297.93,290.0,290.01,871202,0.0,1.0
IDXX,2020-05-18 00:00:00+00:00,295.93,302.99,294.22,297.18,453183,295.93,302.99,294.22,297.18,453183,0.0,1.0
IDXX,2020-05-19 00:00:00+00:00,294.84,299.245,292.6,296.55,442989,294.84,299.245,292.6,296.55,442989,0.0,1.0
IDXX,2020-05-20 00:00:00+00:00,295.54,297.91,292.59,295.04,469455,295.54,297.91,292.59,295.04,469455,0.0,1.0
IDXX,2020-05-21 00:00:00+00:00,292.66,294.91,288.5,292.24,362180,292.66,294.91,288.5,292.24,362180,0.0,1.0
IDXX,2020-05-22 00:00:00+00:00,294.72,295.04,289.1,290.44,337370,294.72,295.04,289.1,290.44,337370,0.0,1.0
IDXX,2020-05-26 00:00:00+00:00,290.84,298.63,290.18,298.63,503395,290.84,298.63,290.18,298.63,503395,0.0,1.0
IDXX,2020-05-27 00:00:00+00:00,300.92,301.11,291.0001,291.17,655574,300.92,301.11,291.0001,291.17,655574,0.0,1.0
IDXX,2020-05-28 00:00:00+00:00,306.13,311.97,301.285,302.56,647593,306.13,311.97,301.285,302.56,647593,0.0,1.0
IDXX,2020-05-29 00:00:00+00:00,308.88,310.55,303.05,307.76,1514740,308.88,310.55,303.05,307.76,1514740,0.0,1.0
IDXX,2020-06-01 00:00:00+00:00,312.19,314.99,307.19,308.65,420012,312.19,314.99,307.19,308.65,420012,0.0,1.0
IDXX,2020-06-02 00:00:00+00:00,316.48,316.9,309.41,313.83,533588,316.48,316.9,309.41,313.83,533588,0.0,1.0
IDXX,2020-06-03 00:00:00+00:00,318.03,319.0,314.59,315.44,481443,318.03,319.0,314.59,315.44,481443,0.0,1.0
IDXX,2020-06-04 00:00:00+00:00,310.08,319.28,308.32,318.15,614019,310.08,319.28,308.32,318.15,614019,0.0,1.0
IDXX,2020-06-05 00:00:00+00:00,311.71,317.6617,306.69,310.62,597706,311.71,317.6617,306.69,310.62,597706,0.0,1.0
IDXX,2020-06-08 00:00:00+00:00,309.67,312.725,306.26,308.57,594176,309.67,312.725,306.26,308.57,594176,0.0,1.0
IDXX,2020-06-09 00:00:00+00:00,303.0,311.07,302.41,309.32,460927,303.0,311.07,302.41,309.32,460927,0.0,1.0
IDXX,2020-06-10 00:00:00+00:00,321.89,324.295,304.98,305.46,688035,321.89,324.295,304.98,305.46,688035,0.0,1.0
IDXX,2020-06-11 00:00:00+00:00,298.81,320.89,294.37,320.2,726191,298.81,320.89,294.37,320.2,726191,0.0,1.0
IDXX,2020-06-12 00:00:00+00:00,302.83,311.6465,298.04,304.96,493749,302.83,311.6465,298.04,304.96,493749,0.0,1.0
IDXX,2020-06-15 00:00:00+00:00,309.22,310.3,294.17,296.62,439943,309.22,310.3,294.17,296.62,439943,0.0,1.0
IDXX,2020-06-16 00:00:00+00:00,312.49,315.73,307.8,315.15,370694,312.49,315.73,307.8,315.15,370694,0.0,1.0
IDXX,2020-06-17 00:00:00+00:00,316.21,318.74,313.11,314.86,373212,316.21,318.74,313.11,314.86,373212,0.0,1.0
IDXX,2020-06-18 00:00:00+00:00,313.02,316.59,311.86,313.69,413374,313.02,316.59,311.86,313.69,413374,0.0,1.0
IDXX,2020-06-19 00:00:00+00:00,314.67,320.305,310.1,315.5021,916408,314.67,320.305,310.1,315.5021,916408,0.0,1.0
IDXX,2020-06-22 00:00:00+00:00,325.29,327.0,311.485,314.92,713913,325.29,327.0,311.485,314.92,713913,0.0,1.0
IDXX,2020-06-23 00:00:00+00:00,327.69,330.29,323.46,326.89,497166,327.69,330.29,323.46,326.89,497166,0.0,1.0
IDXX,2020-06-24 00:00:00+00:00,319.38,328.61,315.52,323.3,543754,319.38,328.61,315.52,323.3,543754,0.0,1.0
IDXX,2020-06-25 00:00:00+00:00,327.39,327.79,314.57,319.71,518490,327.39,327.79,314.57,319.71,518490,0.0,1.0
IDXX,2020-06-26 00:00:00+00:00,324.86,331.01,323.0,328.45,738522,324.86,331.01,323.0,328.45,738522,0.0,1.0
IDXX,2020-06-29 00:00:00+00:00,327.9,328.35,322.0,328.19,387700,327.9,328.35,322.0,328.19,387700,0.0,1.0
IDXX,2020-06-30 00:00:00+00:00,330.16,332.68,324.38,327.61,777500,330.16,332.68,324.38,327.61,777500,0.0,1.0
IDXX,2020-07-01 00:00:00+00:00,334.54,337.16,329.9,331.74,374400,334.54,337.16,329.9,331.74,374400,0.0,1.0
IDXX,2020-07-02 00:00:00+00:00,334.76,339.81,333.02,338.76,460500,334.76,339.81,333.02,338.76,460500,0.0,1.0
IDXX,2020-07-06 00:00:00+00:00,339.47,344.81,337.63,339.45,401800,339.47,344.81,337.63,339.45,401800,0.0,1.0
IDXX,2020-07-07 00:00:00+00:00,337.3,343.0,336.84,338.28,235600,337.3,343.0,336.84,338.28,235600,0.0,1.0
IDXX,2020-07-08 00:00:00+00:00,336.12,339.65,333.55,337.93,314600,336.12,339.65,333.55,337.93,314600,0.0,1.0
IDXX,2020-07-09 00:00:00+00:00,341.17,343.73,333.7,337.56,335200,341.17,343.73,333.7,337.56,335200,0.0,1.0
IDXX,2020-07-10 00:00:00+00:00,338.25,341.55,334.42,341.01,293400,338.25,341.55,334.42,341.01,293400,0.0,1.0
IDXX,2020-07-13 00:00:00+00:00,335.14,345.4,333.67,340.74,416400,335.14,345.4,333.67,340.74,416400,0.0,1.0
IDXX,2020-07-14 00:00:00+00:00,338.47,339.07,329.69,332.82,360400,338.47,339.07,329.69,332.82,360400,0.0,1.0
IDXX,2020-07-15 00:00:00+00:00,340.74,342.99,336.62,340.56,275100,340.74,342.99,336.62,340.56,275100,0.0,1.0
IDXX,2020-07-16 00:00:00+00:00,339.2,340.68,334.59,339.37,277500,339.2,340.68,334.59,339.37,277500,0.0,1.0
IDXX,2020-07-17 00:00:00+00:00,349.85,352.72,339.13,339.78,382400,349.85,352.72,339.13,339.78,382400,0.0,1.0
IDXX,2020-07-20 00:00:00+00:00,361.0,363.0,352.58,353.51,411854,361.0,363.0,352.58,353.51,411854,0.0,1.0
IDXX,2020-07-21 00:00:00+00:00,363.32,366.04,360.41,364.16,327622,363.32,366.04,360.41,364.16,327622,0.0,1.0
IDXX,2020-07-22 00:00:00+00:00,365.23,372.33,362.37,366.82,350326,365.23,372.33,362.37,366.82,350326,0.0,1.0
IDXX,2020-07-23 00:00:00+00:00,360.84,368.7062,358.19,366.32,409659,360.84,368.7062,358.19,366.32,409659,0.0,1.0
IDXX,2020-07-24 00:00:00+00:00,359.23,361.2299,353.17,359.54,279743,359.23,361.2299,353.17,359.54,279743,0.0,1.0
IDXX,2020-07-27 00:00:00+00:00,366.67,368.64,359.0,359.0,358819,366.67,368.64,359.0,359.0,358819,0.0,1.0
IDXX,2020-07-28 00:00:00+00:00,361.65,367.995,360.65,365.84,288995,361.65,367.995,360.65,365.84,288995,0.0,1.0
IDXX,2020-07-29 00:00:00+00:00,366.91,369.69,361.94,363.35,352698,366.91,369.69,361.94,363.35,352698,0.0,1.0
IDXX,2020-07-30 00:00:00+00:00,374.1,375.48,361.26,363.8,468922,374.1,375.48,361.26,363.8,468922,0.0,1.0
IDXX,2020-07-31 00:00:00+00:00,397.75,407.86,382.5,382.92,783280,397.75,407.86,382.5,382.92,783280,0.0,1.0
IDXX,2020-08-03 00:00:00+00:00,391.99,399.84,390.17,398.02,651793,391.99,399.84,390.17,398.02,651793,0.0,1.0
IDXX,2020-08-04 00:00:00+00:00,390.25,394.705,385.22,393.77,661211,390.25,394.705,385.22,393.77,661211,0.0,1.0
IDXX,2020-08-05 00:00:00+00:00,395.71,396.41,388.82,393.12,579731,395.71,396.41,388.82,393.12,579731,0.0,1.0
IDXX,2020-08-06 00:00:00+00:00,389.78,395.74,384.19,394.01,431923,389.78,395.74,384.19,394.01,431923,0.0,1.0
IDXX,2020-08-07 00:00:00+00:00,381.76,392.305,377.72,387.96,566955,381.76,392.305,377.72,387.96,566955,0.0,1.0
IDXX,2020-08-10 00:00:00+00:00,377.19,382.29,376.16,380.83,621905,377.19,382.29,376.16,380.83,621905,0.0,1.0
IDXX,2020-08-11 00:00:00+00:00,374.03,379.39,372.18,376.2,528192,374.03,379.39,372.18,376.2,528192,0.0,1.0
IDXX,2020-08-12 00:00:00+00:00,384.83,387.84,375.02,375.02,444192,384.83,387.84,375.02,375.02,444192,0.0,1.0
IDXX,2020-08-13 00:00:00+00:00,385.25,389.5,382.7,385.98,415626,385.25,389.5,382.7,385.98,415626,0.0,1.0
IDXX,2020-08-14 00:00:00+00:00,379.4,386.0,377.4,384.78,476700,379.4,386.0,377.4,384.78,476700,0.0,1.0
IDXX,2020-08-17 00:00:00+00:00,384.39,385.47,381.67,381.91,505335,384.39,385.47,381.67,381.91,505335,0.0,1.0
IDXX,2020-08-18 00:00:00+00:00,386.65,387.745,381.56,384.01,337952,386.65,387.745,381.56,384.01,337952,0.0,1.0
IDXX,2020-08-19 00:00:00+00:00,381.5,390.08,380.91,389.32,341724,381.5,390.08,380.91,389.32,341724,0.0,1.0
IDXX,2020-08-20 00:00:00+00:00,383.33,385.28,379.5,381.5,293984,383.33,385.28,379.5,381.5,293984,0.0,1.0
IDXX,2020-08-21 00:00:00+00:00,383.46,384.03,377.01,382.7,740140,383.46,384.03,377.01,382.7,740140,0.0,1.0
IDXX,2020-08-24 00:00:00+00:00,380.62,386.68,378.1,384.2283,386420,380.62,386.68,378.1,384.2283,386420,0.0,1.0
IDXX,2020-08-25 00:00:00+00:00,383.93,386.35,377.61,380.0,346675,383.93,386.35,377.61,380.0,346675,0.0,1.0
IDXX,2020-08-26 00:00:00+00:00,386.02,386.7827,376.61,382.41,295472,386.02,386.7827,376.61,382.41,295472,0.0,1.0
IDXX,2020-08-27 00:00:00+00:00,386.28,389.35,379.745,387.62,291610,386.28,389.35,379.745,387.62,291610,0.0,1.0
IDXX,2020-08-28 00:00:00+00:00,383.98,389.06,381.07,387.79,357796,383.98,389.06,381.07,387.79,357796,0.0,1.0
IDXX,2020-08-31 00:00:00+00:00,391.06,393.4,382.525,382.68,411132,391.06,393.4,382.525,382.68,411132,0.0,1.0
IDXX,2020-09-01 00:00:00+00:00,398.49,398.59,391.25,393.95,400788,398.49,398.59,391.25,393.95,400788,0.0,1.0
IDXX,2020-09-02 00:00:00+00:00,406.31,407.45,398.38,399.0,508547,406.31,407.45,398.38,399.0,508547,0.0,1.0
IDXX,2020-09-03 00:00:00+00:00,381.28,406.1,377.1901,406.1,485339,381.28,406.1,377.1901,406.1,485339,0.0,1.0
IDXX,2020-09-04 00:00:00+00:00,370.66,383.03,363.83,382.11,550729,370.66,383.03,363.83,382.11,550729,0.0,1.0
IDXX,2020-09-08 00:00:00+00:00,364.19,370.22,361.48,367.9,400937,364.19,370.22,361.48,367.9,400937,0.0,1.0
IDXX,2020-09-09 00:00:00+00:00,374.16,376.275,365.045,366.37,457717,374.16,376.275,365.045,366.37,457717,0.0,1.0
IDXX,2020-09-10 00:00:00+00:00,367.76,378.69,365.67,375.05,289124,367.76,378.69,365.67,375.05,289124,0.0,1.0
IDXX,2020-09-11 00:00:00+00:00,364.82,371.78,360.27,369.44,359096,364.82,371.78,360.27,369.44,359096,0.0,1.0
IDXX,2020-09-14 00:00:00+00:00,365.56,370.25,364.27,370.25,381239,365.56,370.25,364.27,370.25,381239,0.0,1.0
IDXX,2020-09-15 00:00:00+00:00,369.24,372.61,366.95,367.0,291374,369.24,372.61,366.95,367.0,291374,0.0,1.0
IDXX,2020-09-16 00:00:00+00:00,362.36,372.8,360.32,372.75,627885,362.36,372.8,360.32,372.75,627885,0.0,1.0
IDXX,2020-09-17 00:00:00+00:00,354.2,360.455,350.64,357.58,702866,354.2,360.455,350.64,357.58,702866,0.0,1.0
IDXX,2020-09-18 00:00:00+00:00,354.76,359.33,347.54,355.34,1108086,354.76,359.33,347.54,355.34,1108086,0.0,1.0
IDXX,2020-09-21 00:00:00+00:00,364.7,365.24,348.685,351.33,532112,364.7,365.24,348.685,351.33,532112,0.0,1.0
IDXX,2020-09-22 00:00:00+00:00,368.32,369.68,359.21,364.9,440823,368.32,369.68,359.21,364.9,440823,0.0,1.0
IDXX,2020-09-23 00:00:00+00:00,363.87,372.3,362.65,367.78,340597,363.87,372.3,362.65,367.78,340597,0.0,1.0
IDXX,2020-09-24 00:00:00+00:00,365.47,368.8,361.1732,363.1,279648,365.47,368.8,361.1732,363.1,279648,0.0,1.0
IDXX,2020-09-25 00:00:00+00:00,377.83,380.65,364.58,364.95,380960,377.83,380.65,364.58,364.95,380960,0.0,1.0
IDXX,2020-09-28 00:00:00+00:00,386.37,387.68,380.16,381.81,446089,386.37,387.68,380.16,381.81,446089,0.0,1.0
IDXX,2020-09-29 00:00:00+00:00,385.06,395.21,385.0,388.22,308316,385.06,395.21,385.0,388.22,308316,0.0,1.0
IDXX,2020-09-30 00:00:00+00:00,393.11,397.26,383.45,383.45,533485,393.11,397.26,383.45,383.45,533485,0.0,1.0
IDXX,2020-10-01 00:00:00+00:00,394.78,398.155,391.88,396.29,382927,394.78,398.155,391.88,396.29,382927,0.0,1.0
IDXX,2020-10-02 00:00:00+00:00,383.85,393.82,382.68,389.7,318861,383.85,393.82,382.68,389.7,318861,0.0,1.0
IDXX,2020-10-05 00:00:00+00:00,392.37,392.83,385.27,385.27,295285,392.37,392.83,385.27,385.27,295285,0.0,1.0
IDXX,2020-10-06 00:00:00+00:00,384.31,393.54,383.12,391.88,298653,384.31,393.54,383.12,391.88,298653,0.0,1.0
IDXX,2020-10-07 00:00:00+00:00,386.23,391.55,385.26,388.02,287868,386.23,391.55,385.26,388.02,287868,0.0,1.0
IDXX,2020-10-08 00:00:00+00:00,393.51,394.39,385.81,388.94,205921,393.51,394.39,385.81,388.94,205921,0.0,1.0
IDXX,2020-10-09 00:00:00+00:00,400.65,401.96,393.02,395.0,283030,400.65,401.96,393.02,395.0,283030,0.0,1.0
IDXX,2020-10-12 00:00:00+00:00,419.39,424.87,404.88,404.88,469490,419.39,424.87,404.88,404.88,469490,0.0,1.0
IDXX,2020-10-13 00:00:00+00:00,421.42,424.8,415.03,421.81,408640,421.42,424.8,415.03,421.81,408640,0.0,1.0
IDXX,2020-10-14 00:00:00+00:00,420.51,430.86,416.03,420.82,314330,420.51,430.86,416.03,420.82,314330,0.0,1.0
IDXX,2020-10-15 00:00:00+00:00,422.72,423.94,414.68,416.42,251867,422.72,423.94,414.68,416.42,251867,0.0,1.0
IDXX,2020-10-16 00:00:00+00:00,423.75,429.695,420.81,423.76,269540,423.75,429.695,420.81,423.76,269540,0.0,1.0
IDXX,2020-10-19 00:00:00+00:00,419.27,431.15,417.54,424.11,418736,419.27,431.15,417.54,424.11,418736,0.0,1.0
IDXX,2020-10-20 00:00:00+00:00,420.09,426.42,419.8738,423.81,193849,420.09,426.42,419.8738,423.81,193849,0.0,1.0
IDXX,2020-10-21 00:00:00+00:00,419.73,426.42,416.48,421.47,237119,419.73,426.42,416.48,421.47,237119,0.0,1.0
IDXX,2020-10-22 00:00:00+00:00,423.59,427.826,417.565,421.34,357807,423.59,427.826,417.565,421.34,357807,0.0,1.0
IDXX,2020-10-23 00:00:00+00:00,429.66,429.73,423.55,429.67,227343,429.66,429.73,423.55,429.67,227343,0.0,1.0
IDXX,2020-10-26 00:00:00+00:00,428.96,434.93,426.23,427.67,394859,428.96,434.93,426.23,427.67,394859,0.0,1.0
IDXX,2020-10-27 00:00:00+00:00,443.16,444.96,430.27,430.27,385866,443.16,444.96,430.27,430.27,385866,0.0,1.0
IDXX,2020-10-28 00:00:00+00:00,422.89,441.475,422.1125,434.5,475817,422.89,441.475,422.1125,434.5,475817,0.0,1.0
IDXX,2020-10-29 00:00:00+00:00,441.8,453.2,433.085,440.0,557975,441.8,453.2,433.085,440.0,557975,0.0,1.0
IDXX,2020-10-30 00:00:00+00:00,424.82,441.72,419.12,438.47,611155,424.82,441.72,419.12,438.47,611155,0.0,1.0
IDXX,2020-11-02 00:00:00+00:00,431.05,446.74,428.08,430.48,552465,431.05,446.74,428.08,430.48,552465,0.0,1.0
IDXX,2020-11-03 00:00:00+00:00,444.1,448.29,437.32,437.32,382362,444.1,448.29,437.32,437.32,382362,0.0,1.0
IDXX,2020-11-04 00:00:00+00:00,469.36,482.5,451.58,455.26,734203,469.36,482.5,451.58,455.26,734203,0.0,1.0
IDXX,2020-11-05 00:00:00+00:00,467.97,480.185,462.68,473.99,440726,467.97,480.185,462.68,473.99,440726,0.0,1.0
IDXX,2020-11-06 00:00:00+00:00,478.1,479.15,466.36,469.99,519868,478.1,479.15,466.36,469.99,519868,0.0,1.0
IDXX,2020-11-09 00:00:00+00:00,436.45,485.0,435.58,485.0,822988,436.45,485.0,435.58,485.0,822988,0.0,1.0
IDXX,2020-11-10 00:00:00+00:00,441.23,443.72,421.15,431.89,865535,441.23,443.72,421.15,431.89,865535,0.0,1.0
IDXX,2020-11-11 00:00:00+00:00,455.06,455.74,443.69,443.69,432247,455.06,455.74,443.69,443.69,432247,0.0,1.0
IDXX,2020-11-12 00:00:00+00:00,449.22,462.56,445.06,459.62,396501,449.22,462.56,445.06,459.62,396501,0.0,1.0
IDXX,2020-11-13 00:00:00+00:00,453.64,458.35,448.67,452.99,254364,453.64,458.35,448.67,452.99,254364,0.0,1.0
IDXX,2020-11-16 00:00:00+00:00,455.37,459.43,448.815,452.09,500036,455.37,459.43,448.815,452.09,500036,0.0,1.0
IDXX,2020-11-17 00:00:00+00:00,455.85,457.0,450.54,454.62,315420,455.85,457.0,450.54,454.62,315420,0.0,1.0
IDXX,2020-11-18 00:00:00+00:00,444.06,455.0,443.65,451.36,347447,444.06,455.0,443.65,451.36,347447,0.0,1.0
IDXX,2020-11-19 00:00:00+00:00,457.19,457.81,444.77,444.77,318476,457.19,457.81,444.77,444.77,318476,0.0,1.0
IDXX,2020-11-20 00:00:00+00:00,464.29,469.13,455.0,456.23,411438,464.29,469.13,455.0,456.23,411438,0.0,1.0
IDXX,2020-11-23 00:00:00+00:00,459.79,467.26,449.71,467.26,440853,459.79,467.26,449.71,467.26,440853,0.0,1.0
IDXX,2020-11-24 00:00:00+00:00,446.83,466.77,446.46,459.49,481483,446.83,466.77,446.46,459.49,481483,0.0,1.0
IDXX,2020-11-25 00:00:00+00:00,446.48,454.82,443.14,449.24,338900,446.48,454.82,443.14,449.24,338900,0.0,1.0
IDXX,2020-11-27 00:00:00+00:00,454.23,455.97,446.68,452.05,173865,454.23,455.97,446.68,452.05,173865,0.0,1.0
IDXX,2020-11-30 00:00:00+00:00,460.98,461.09,451.31,454.77,589814,460.98,461.09,451.31,454.77,589814,0.0,1.0
IDXX,2020-12-01 00:00:00+00:00,467.86,468.975,452.22,461.99,386700,467.86,468.975,452.22,461.99,386700,0.0,1.0
IDXX,2020-12-02 00:00:00+00:00,462.59,467.5,461.5,465.51,351973,462.59,467.5,461.5,465.51,351973,0.0,1.0
IDXX,2020-12-03 00:00:00+00:00,460.07,467.825,458.38,463.85,352576,460.07,467.825,458.38,463.85,352576,0.0,1.0
IDXX,2020-12-04 00:00:00+00:00,457.15,463.26,455.8701,462.96,387577,457.15,463.26,455.8701,462.96,387577,0.0,1.0
IDXX,2020-12-07 00:00:00+00:00,459.36,462.7,454.2,455.92,320377,459.36,462.7,454.2,455.92,320377,0.0,1.0
IDXX,2020-12-08 00:00:00+00:00,460.69,461.92,453.24,461.92,436206,460.69,461.92,453.24,461.92,436206,0.0,1.0
IDXX,2020-12-09 00:00:00+00:00,449.88,462.45,449.11,458.91,436058,449.88,462.45,449.11,458.91,436058,0.0,1.0
IDXX,2020-12-10 00:00:00+00:00,454.27,456.05,449.04,450.49,592541,454.27,456.05,449.04,450.49,592541,0.0,1.0
IDXX,2020-12-11 00:00:00+00:00,456.23,457.62,447.82,455.57,327154,456.23,457.62,447.82,455.57,327154,0.0,1.0
IDXX,2020-12-14 00:00:00+00:00,458.17,477.365,457.275,458.84,460812,458.17,477.365,457.275,458.84,460812,0.0,1.0
IDXX,2020-12-15 00:00:00+00:00,464.96,467.3977,453.795,460.66,297340,464.96,467.3977,453.795,460.66,297340,0.0,1.0
IDXX,2020-12-16 00:00:00+00:00,467.58,474.3,463.455,466.53,466647,467.58,474.3,463.455,466.53,466647,0.0,1.0
IDXX,2020-12-17 00:00:00+00:00,477.8,477.8,468.35,471.69,369420,477.8,477.8,468.35,471.69,369420,0.0,1.0
IDXX,2020-12-18 00:00:00+00:00,485.52,486.99,474.0,478.49,899144,485.52,486.99,474.0,478.49,899144,0.0,1.0
IDXX,2020-12-21 00:00:00+00:00,489.68,490.44,470.26,480.06,383331,489.68,490.44,470.26,480.06,383331,0.0,1.0
IDXX,2020-12-22 00:00:00+00:00,499.15,499.62,487.76,488.01,331461,499.15,499.62,487.76,488.01,331461,0.0,1.0
IDXX,2020-12-23 00:00:00+00:00,493.68,502.0,492.82,499.06,253158,493.68,502.0,492.82,499.06,253158,0.0,1.0
IDXX,2020-12-24 00:00:00+00:00,497.14,499.12,493.16,495.82,69543,497.14,499.12,493.16,495.82,69543,0.0,1.0
IDXX,2020-12-28 00:00:00+00:00,494.7,503.83,490.25,503.63,214651,494.7,503.83,490.25,503.63,214651,0.0,1.0
IDXX,2020-12-29 00:00:00+00:00,494.07,501.04,490.045,497.97,247628,494.07,501.04,490.045,497.97,247628,0.0,1.0
IDXX,2020-12-30 00:00:00+00:00,496.96,501.29,494.505,497.7,195392,496.96,501.29,494.505,497.7,195392,0.0,1.0
IDXX,2020-12-31 00:00:00+00:00,499.87,500.41,492.0,495.51,228385,499.87,500.41,492.0,495.51,228385,0.0,1.0
IDXX,2021-01-04 00:00:00+00:00,491.77,504.6599,483.125,503.0,472344,491.77,504.6599,483.125,503.0,472344,0.0,1.0
IDXX,2021-01-05 00:00:00+00:00,497.26,498.93,487.51,488.91,355999,497.26,498.93,487.51,488.91,355999,0.0,1.0
IDXX,2021-01-06 00:00:00+00:00,483.6,491.67,479.36,489.05,633983,483.6,491.67,479.36,489.05,633983,0.0,1.0
IDXX,2021-01-07 00:00:00+00:00,495.19,497.49,483.49,483.49,499534,495.19,497.49,483.49,483.49,499534,0.0,1.0
IDXX,2021-01-08 00:00:00+00:00,513.2,513.56,499.29,499.79,401413,513.2,513.56,499.29,499.79,401413,0.0,1.0
IDXX,2021-01-11 00:00:00+00:00,506.55,516.865,503.83,515.57,441923,506.55,516.865,503.83,515.57,441923,0.0,1.0
IDXX,2021-01-12 00:00:00+00:00,496.73,509.47,491.22,507.09,352008,496.73,509.47,491.22,507.09,352008,0.0,1.0
IDXX,2021-01-13 00:00:00+00:00,497.58,501.5601,494.22,496.18,299657,497.58,501.5601,494.22,496.18,299657,0.0,1.0
IDXX,2021-01-14 00:00:00+00:00,488.9,499.75,487.89,497.31,333922,488.9,499.75,487.89,497.31,333922,0.0,1.0
IDXX,2021-01-15 00:00:00+00:00,489.46,494.24,480.93,487.93,340894,489.46,494.24,480.93,487.93,340894,0.0,1.0
IDXX,2021-01-19 00:00:00+00:00,484.93,489.3,481.35,489.24,327237,484.93,489.3,481.35,489.24,327237,0.0,1.0
IDXX,2021-01-20 00:00:00+00:00,495.04,496.7795,485.84,486.41,285333,495.04,496.7795,485.84,486.41,285333,0.0,1.0
IDXX,2021-01-21 00:00:00+00:00,496.44,498.56,487.4853,493.0,254634,496.44,498.56,487.4853,493.0,254634,0.0,1.0
IDXX,2021-01-22 00:00:00+00:00,492.86,498.98,490.0038,490.73,329402,492.86,498.98,490.0038,490.73,329402,0.0,1.0
IDXX,2021-01-25 00:00:00+00:00,489.21,495.97,482.09,492.47,349626,489.21,495.97,482.09,492.47,349626,0.0,1.0
IDXX,2021-01-26 00:00:00+00:00,478.1,488.35,476.3255,488.35,346910,478.1,488.35,476.3255,488.35,346910,0.0,1.0
IDXX,2021-01-27 00:00:00+00:00,465.18,475.81,455.23,474.86,583204,465.18,475.81,455.23,474.86,583204,0.0,1.0
IDXX,2021-01-28 00:00:00+00:00,482.27,492.81,465.31,465.31,493490,482.27,492.81,465.31,465.31,493490,0.0,1.0
IDXX,2021-01-29 00:00:00+00:00,478.68,491.88,471.75,481.05,493819,478.68,491.88,471.75,481.05,493819,0.0,1.0
IDXX,2021-02-01 00:00:00+00:00,492.42,497.65,479.37,483.02,573056,492.42,497.65,479.37,483.02,573056,0.0,1.0
IDXX,2021-02-02 00:00:00+00:00,506.65,522.9,502.0,504.344,701973,506.65,522.9,502.0,504.344,701973,0.0,1.0
IDXX,2021-02-03 00:00:00+00:00,485.36,507.63,484.15,504.17,605246,485.36,507.63,484.15,504.17,605246,0.0,1.0
IDXX,2021-02-04 00:00:00+00:00,494.0,495.115,486.03,487.91,440694,494.0,495.115,486.03,487.91,440694,0.0,1.0
IDXX,2021-02-05 00:00:00+00:00,502.64,506.0,495.01,496.29,299159,502.64,506.0,495.01,496.29,299159,0.0,1.0
IDXX,2021-02-08 00:00:00+00:00,495.76,510.25,491.44,504.31,427640,495.76,510.25,491.44,504.31,427640,0.0,1.0
IDXX,2021-02-09 00:00:00+00:00,505.05,506.28,493.3,497.31,440394,505.05,506.28,493.3,497.31,440394,0.0,1.0
IDXX,2021-02-10 00:00:00+00:00,516.54,521.49,505.31,509.26,540390,516.54,521.49,505.31,509.26,540390,0.0,1.0
IDXX,2021-02-11 00:00:00+00:00,528.47,529.45,515.18,519.3,411831,528.47,529.45,515.18,519.3,411831,0.0,1.0
IDXX,2021-02-12 00:00:00+00:00,544.08,545.85,528.0,530.74,324957,544.08,545.85,528.0,530.74,324957,0.0,1.0
IDXX,2021-02-16 00:00:00+00:00,538.16,548.58,531.19,545.0,406233,538.16,548.58,531.19,545.0,406233,0.0,1.0
IDXX,2021-02-17 00:00:00+00:00,540.35,544.56,532.0619,535.9,371867,540.35,544.56,532.0619,535.9,371867,0.0,1.0
IDXX,2021-02-18 00:00:00+00:00,551.79,573.99,535.17,537.04,1576161,551.79,573.99,535.17,537.04,1576161,0.0,1.0
IDXX,2021-02-19 00:00:00+00:00,544.13,563.56,542.755,561.21,654974,544.13,563.56,542.755,561.21,654974,0.0,1.0
IDXX,2021-02-22 00:00:00+00:00,536.91,547.12,534.01,547.12,459966,536.91,547.12,534.01,547.12,459966,0.0,1.0
IDXX,2021-02-23 00:00:00+00:00,525.22,535.085,508.11,534.82,591193,525.22,535.085,508.11,534.82,591193,0.0,1.0
IDXX,2021-02-24 00:00:00+00:00,532.88,534.75,517.27,526.23,440307,532.88,534.75,517.27,526.23,440307,0.0,1.0
IDXX,2021-02-25 00:00:00+00:00,518.28,535.38,509.45,530.08,408891,518.28,535.38,509.45,530.08,408891,0.0,1.0
IDXX,2021-02-26 00:00:00+00:00,520.17,526.37,507.34,522.9,593117,520.17,526.37,507.34,522.9,593117,0.0,1.0
IDXX,2021-03-01 00:00:00+00:00,538.17,541.29,521.35,529.68,415949,538.17,541.29,521.35,529.68,415949,0.0,1.0
IDXX,2021-03-02 00:00:00+00:00,529.47,543.2836,527.17,542.08,312062,529.47,543.2836,527.17,542.08,312062,0.0,1.0
IDXX,2021-03-03 00:00:00+00:00,498.02,526.305,495.58,524.76,531244,498.02,526.305,495.58,524.76,531244,0.0,1.0
IDXX,2021-03-04 00:00:00+00:00,485.85,497.525,480.51,494.9,676133,485.85,497.525,480.51,494.9,676133,0.0,1.0
IDXX,2021-03-05 00:00:00+00:00,499.7,504.53,478.195,486.0,725026,499.7,504.53,478.195,486.0,725026,0.0,1.0
IDXX,2021-03-08 00:00:00+00:00,482.6,504.37,481.2901,498.53,605079,482.6,504.37,481.2901,498.53,605079,0.0,1.0
IDXX,2021-03-09 00:00:00+00:00,493.57,507.16,493.09,500.33,643902,493.57,507.16,493.09,500.33,643902,0.0,1.0
IDXX,2021-03-10 00:00:00+00:00,488.78,505.2,488.28,494.01,484695,488.78,505.2,488.28,494.01,484695,0.0,1.0
IDXX,2021-03-11 00:00:00+00:00,502.94,505.0048,493.01,495.7,364708,502.94,505.0048,493.01,495.7,364708,0.0,1.0
IDXX,2021-03-12 00:00:00+00:00,497.75,498.91,486.74,498.91,361243,497.75,498.91,486.74,498.91,361243,0.0,1.0
IDXX,2021-03-15 00:00:00+00:00,512.76,513.23,498.61,499.89,317537,512.76,513.23,498.61,499.89,317537,0.0,1.0
IDXX,2021-03-16 00:00:00+00:00,506.92,521.11,502.47,520.0,318103,506.92,521.11,502.47,520.0,318103,0.0,1.0
IDXX,2021-03-17 00:00:00+00:00,504.9,509.14,497.48,503.57,403674,504.9,509.14,497.48,503.57,403674,0.0,1.0
IDXX,2021-03-18 00:00:00+00:00,484.47,499.16,483.42,493.52,490971,484.47,499.16,483.42,493.52,490971,0.0,1.0
IDXX,2021-03-19 00:00:00+00:00,484.88,487.22,479.281,482.58,945943,484.88,487.22,479.281,482.58,945943,0.0,1.0
IDXX,2021-03-22 00:00:00+00:00,491.37,493.94,485.61,486.34,620410,491.37,493.94,485.61,486.34,620410,0.0,1.0
IDXX,2021-03-23 00:00:00+00:00,487.66,492.4492,485.12,490.09,416376,487.66,492.4492,485.12,490.09,416376,0.0,1.0
IDXX,2021-03-24 00:00:00+00:00,472.97,489.1,471.35,489.1,451452,472.97,489.1,471.35,489.1,451452,0.0,1.0
IDXX,2021-03-25 00:00:00+00:00,472.11,474.16,462.0,471.5,471947,472.11,474.16,462.0,471.5,471947,0.0,1.0
IDXX,2021-03-26 00:00:00+00:00,480.22,481.13,465.23,473.03,546441,480.22,481.13,465.23,473.03,546441,0.0,1.0
IDXX,2021-03-29 00:00:00+00:00,479.18,482.7924,469.41,480.02,471666,479.18,482.7924,469.41,480.02,471666,0.0,1.0
IDXX,2021-03-30 00:00:00+00:00,475.95,477.57,469.1019,474.37,483626,475.95,477.57,469.1019,474.37,483626,0.0,1.0
IDXX,2021-03-31 00:00:00+00:00,489.31,495.19,479.68,481.52,576713,489.31,495.19,479.68,481.52,576713,0.0,1.0
IDXX,2021-04-01 00:00:00+00:00,486.36,495.2,484.37,487.49,440023,486.36,495.2,484.37,487.49,440023,0.0,1.0
IDXX,2021-04-05 00:00:00+00:00,491.31,492.61,482.9,488.0,359893,491.31,492.61,482.9,488.0,359893,0.0,1.0
IDXX,2021-04-06 00:00:00+00:00,492.9,499.07,489.67,493.21,335323,492.9,499.07,489.67,493.21,335323,0.0,1.0
IDXX,2021-04-07 00:00:00+00:00,489.27,493.79,487.0,492.54,239012,489.27,493.79,487.0,492.54,239012,0.0,1.0
IDXX,2021-04-08 00:00:00+00:00,499.66,500.0,493.24,494.87,250968,499.66,500.0,493.24,494.87,250968,0.0,1.0
IDXX,2021-04-09 00:00:00+00:00,502.88,504.16,496.56,500.08,335583,502.88,504.16,496.56,500.08,335583,0.0,1.0
IDXX,2021-04-12 00:00:00+00:00,506.43,509.97,498.13,499.82,433364,506.43,509.97,498.13,499.82,433364,0.0,1.0
IDXX,2021-04-13 00:00:00+00:00,516.94,517.68,508.51,509.0,406688,516.94,517.68,508.51,509.0,406688,0.0,1.0
IDXX,2021-04-14 00:00:00+00:00,514.16,523.2,512.83,519.99,273566,514.16,523.2,512.83,519.99,273566,0.0,1.0
IDXX,2021-04-15 00:00:00+00:00,528.46,530.27,518.4701,520.0,438726,528.46,530.27,518.4701,520.0,438726,0.0,1.0
IDXX,2021-04-16 00:00:00+00:00,535.0,536.025,526.0,532.43,345444,535.0,536.025,526.0,532.43,345444,0.0,1.0
IDXX,2021-04-19 00:00:00+00:00,528.58,535.395,526.676,533.28,316917,528.58,535.395,526.676,533.28,316917,0.0,1.0
IDXX,2021-04-20 00:00:00+00:00,532.27,538.19,528.24,529.31,256544,532.27,538.19,528.24,529.31,256544,0.0,1.0
IDXX,2021-04-21 00:00:00+00:00,541.08,546.305,530.93,531.53,365565,541.08,546.305,530.93,531.53,365565,0.0,1.0
IDXX,2021-04-22 00:00:00+00:00,546.26,554.3192,538.65,539.23,388736,546.26,554.3192,538.65,539.23,388736,0.0,1.0
IDXX,2021-04-23 00:00:00+00:00,559.1,561.07,549.32,551.23,301695,559.1,561.07,549.32,551.23,301695,0.0,1.0
IDXX,2021-04-26 00:00:00+00:00,558.42,561.52,554.12,557.99,293316,558.42,561.52,554.12,557.99,293316,0.0,1.0
IDXX,2021-04-27 00:00:00+00:00,557.54,559.67,552.56,556.85,209411,557.54,559.67,552.56,556.85,209411,0.0,1.0
IDXX,2021-04-28 00:00:00+00:00,557.81,560.0,551.975,554.3,213009,557.81,560.0,551.975,554.3,213009,0.0,1.0
IDXX,2021-04-29 00:00:00+00:00,552.63,561.22,548.0,560.43,271731,552.63,561.22,548.0,560.43,271731,0.0,1.0
IDXX,2021-04-30 00:00:00+00:00,548.99,552.5,544.75,549.11,345896,548.99,552.5,544.75,549.11,345896,0.0,1.0
IDXX,2021-05-03 00:00:00+00:00,549.88,558.54,546.7901,552.77,428751,549.88,558.54,546.7901,552.77,428751,0.0,1.0
IDXX,2021-05-04 00:00:00+00:00,526.88,559.42,517.5,559.22,610176,526.88,559.42,517.5,559.22,610176,0.0,1.0
IDXX,2021-05-05 00:00:00+00:00,529.92,538.955,527.99,532.6,420818,529.92,538.955,527.99,532.6,420818,0.0,1.0
IDXX,2021-05-06 00:00:00+00:00,533.18,535.08,522.89,524.31,433052,533.18,535.08,522.89,524.31,433052,0.0,1.0
IDXX,2021-05-07 00:00:00+00:00,544.26,553.75,538.11,540.0,361123,544.26,553.75,538.11,540.0,361123,0.0,1.0
IDXX,2021-05-10 00:00:00+00:00,525.26,542.25,525.25,541.01,476653,525.26,542.25,525.25,541.01,476653,0.0,1.0
IDXX,2021-05-11 00:00:00+00:00,528.19,534.37,517.78,520.74,433150,528.19,534.37,517.78,520.74,433150,0.0,1.0
IDXX,2021-05-12 00:00:00+00:00,512.31,520.72,507.6601,520.0,440208,512.31,520.72,507.6601,520.0,440208,0.0,1.0
IDXX,2021-05-13 00:00:00+00:00,518.07,522.19,513.305,515.43,287134,518.07,522.19,513.305,515.43,287134,0.0,1.0
IDXX,2021-05-14 00:00:00+00:00,530.07,532.4,517.03,521.11,305229,530.07,532.4,517.03,521.11,305229,0.0,1.0
IDXX,2021-05-17 00:00:00+00:00,523.62,527.92,520.8,526.68,258782,523.62,527.92,520.8,526.68,258782,0.0,1.0
IDXX,2021-05-18 00:00:00+00:00,524.86,531.34,519.475,525.2,269255,524.86,531.34,519.475,525.2,269255,0.0,1.0
IDXX,2021-05-19 00:00:00+00:00,528.14,528.86,514.35,517.75,292723,528.14,528.86,514.35,517.75,292723,0.0,1.0
IDXX,2021-05-20 00:00:00+00:00,539.24,541.61,528.11,528.46,274041,539.24,541.61,528.11,528.46,274041,0.0,1.0
IDXX,2021-05-21 00:00:00+00:00,539.34,547.46,538.31,542.42,248513,539.34,547.46,538.31,542.42,248513,0.0,1.0
IDXX,2021-05-24 00:00:00+00:00,549.71,551.26,544.255,545.0,327867,549.71,551.26,544.255,545.0,327867,0.0,1.0
IDXX,2021-05-25 00:00:00+00:00,555.19,556.01,548.28,549.45,336236,555.19,556.01,548.28,549.45,336236,0.0,1.0
IDXX,2021-05-26 00:00:00+00:00,557.33,561.325,552.51,556.06,454797,557.33,561.325,552.51,556.06,454797,0.0,1.0
IDXX,2021-05-27 00:00:00+00:00,554.04,558.54,545.91,557.59,903051,554.04,558.54,545.91,557.59,903051,0.0,1.0
IDXX,2021-05-28 00:00:00+00:00,558.11,565.93,555.53,556.77,322770,558.11,565.93,555.53,556.77,322770,0.0,1.0
IDXX,2021-06-01 00:00:00+00:00,550.59,565.95,548.315,565.64,294117,550.59,565.95,548.315,565.64,294117,0.0,1.0
IDXX,2021-06-02 00:00:00+00:00,547.56,557.18,545.46,547.17,299386,547.56,557.18,545.46,547.17,299386,0.0,1.0
IDXX,2021-06-03 00:00:00+00:00,550.3,552.95,539.49,542.31,252619,550.3,552.95,539.49,542.31,252619,0.0,1.0
IDXX,2021-06-04 00:00:00+00:00,558.36,561.66,555.39,557.66,333720,558.36,561.66,555.39,557.66,333720,0.0,1.0
IDXX,2021-06-07 00:00:00+00:00,560.35,565.58,556.18,556.6,260467,560.35,565.58,556.18,556.6,260467,0.0,1.0
IDXX,2021-06-08 00:00:00+00:00,561.31,567.04,556.26,560.77,277655,561.31,567.04,556.26,560.77,277655,0.0,1.0
IDXX,2021-06-09 00:00:00+00:00,566.66,567.88,561.95,564.96,230428,566.66,567.88,561.95,564.96,230428,0.0,1.0
IDXX,2021-06-10 00:00:00+00:00,580.53,581.18,564.6,567.28,302914,580.53,581.18,564.6,567.28,302914,0.0,1.0
IDXX,2021-06-11 00:00:00+00:00,584.47,584.52,576.6,580.36,246472,584.47,584.52,576.6,580.36,246472,0.0,1.0
IDXX,2021-06-14 00:00:00+00:00,592.36,592.93,580.0,582.55,227469,592.36,592.93,580.0,582.55,227469,0.0,1.0
IDXX,2021-06-15 00:00:00+00:00,592.26,594.43,587.42,593.84,308172,592.26,594.43,587.42,593.84,308172,0.0,1.0
IDXX,2021-06-16 00:00:00+00:00,593.52,597.48,587.98,593.25,407655,593.52,597.48,587.98,593.25,407655,0.0,1.0
IDXX,2021-06-17 00:00:00+00:00,604.2,606.495,591.45,591.45,336311,604.2,606.495,591.45,591.45,336311,0.0,1.0
IDXX,2021-06-18 00:00:00+00:00,601.05,609.22,599.94,605.05,723606,601.05,609.22,599.94,605.05,723606,0.0,1.0
IDXX,2021-06-21 00:00:00+00:00,606.63,608.83,592.4,601.05,299175,606.63,608.83,592.4,601.05,299175,0.0,1.0
IDXX,2021-06-22 00:00:00+00:00,611.64,612.47,602.16,605.25,395869,611.64,612.47,602.16,605.25,395869,0.0,1.0
IDXX,2021-06-23 00:00:00+00:00,615.88,617.46,606.68,612.61,332007,615.88,617.46,606.68,612.61,332007,0.0,1.0
IDXX,2021-06-24 00:00:00+00:00,614.93,622.78,605.37,617.41,395975,614.93,622.78,605.37,617.41,395975,0.0,1.0
IDXX,2021-06-25 00:00:00+00:00,620.64,621.87,614.84,618.88,465317,620.64,621.87,614.84,618.88,465317,0.0,1.0
IDXX,2021-06-28 00:00:00+00:00,631.9,633.74,621.62,621.93,357050,631.9,633.74,621.62,621.93,357050,0.0,1.0
IDXX,2021-06-29 00:00:00+00:00,637.08,639.65,627.225,629.66,348417,637.08,639.65,627.225,629.66,348417,0.0,1.0
IDXX,2021-06-30 00:00:00+00:00,631.55,637.55,628.22,635.56,372743,631.55,637.55,628.22,635.56,372743,0.0,1.0
IDXX,2021-07-01 00:00:00+00:00,638.95,640.455,627.23,628.81,316355,638.95,640.455,627.23,628.81,316355,0.0,1.0
IDXX,2021-07-02 00:00:00+00:00,648.2,649.55,639.54,643.31,287910,648.2,649.55,639.54,643.31,287910,0.0,1.0
IDXX,2021-07-06 00:00:00+00:00,658.99,660.3,644.67,650.0,352748,658.99,660.3,644.67,650.0,352748,0.0,1.0
IDXX,2021-07-07 00:00:00+00:00,665.31,667.0,658.545,661.9,420916,665.31,667.0,658.545,661.9,420916,0.0,1.0
IDXX,2021-07-08 00:00:00+00:00,659.94,662.59,647.66,657.84,391577,659.94,662.59,647.66,657.84,391577,0.0,1.0
IDXX,2021-07-09 00:00:00+00:00,667.03,669.2,653.34,657.54,332772,667.03,669.2,653.34,657.54,332772,0.0,1.0
IDXX,2021-07-12 00:00:00+00:00,659.54,666.18,655.53,661.63,422615,659.54,666.18,655.53,661.63,422615,0.0,1.0
IDXX,2021-07-13 00:00:00+00:00,662.58,664.92,658.28,661.45,244568,662.58,664.92,658.28,661.45,244568,0.0,1.0
IDXX,2021-07-14 00:00:00+00:00,659.85,666.99,657.96,664.79,342399,659.85,666.99,657.96,664.79,342399,0.0,1.0
IDXX,2021-07-15 00:00:00+00:00,657.42,659.57,649.39,659.07,450889,657.42,659.57,649.39,659.07,450889,0.0,1.0
IDXX,2021-07-16 00:00:00+00:00,667.76,670.74,658.44,659.55,351737,667.76,670.74,658.44,659.55,351737,0.0,1.0
IDXX,2021-07-19 00:00:00+00:00,669.4,670.8405,659.34,661.58,335456,669.4,670.8405,659.34,661.58,335456,0.0,1.0
IDXX,2021-07-20 00:00:00+00:00,669.39,675.09,663.08,670.92,591891,669.39,675.09,663.08,670.92,591891,0.0,1.0
IDXX,2021-07-21 00:00:00+00:00,670.51,671.35,652.0,667.84,380727,670.51,671.35,652.0,667.84,380727,0.0,1.0
IDXX,2021-07-22 00:00:00+00:00,683.03,683.47,673.09,673.13,305268,683.03,683.47,673.09,673.13,305268,0.0,1.0
IDXX,2021-07-23 00:00:00+00:00,693.74,696.345,679.92,680.6,243888,693.74,696.345,679.92,680.6,243888,0.0,1.0
IDXX,2021-07-26 00:00:00+00:00,685.67,691.14,677.76,691.14,253495,685.67,691.14,677.76,691.14,253495,0.0,1.0
IDXX,2021-07-27 00:00:00+00:00,686.95,692.06,681.17,688.8,272758,686.95,692.06,681.17,688.8,272758,0.0,1.0
IDXX,2021-07-28 00:00:00+00:00,695.58,698.17,684.13,684.13,281027,695.58,698.17,684.13,684.13,281027,0.0,1.0
IDXX,2021-07-29 00:00:00+00:00,704.16,706.95,692.29,692.45,464567,704.16,706.95,692.29,692.45,464567,0.0,1.0
IDXX,2021-07-30 00:00:00+00:00,678.53,681.17,655.5,666.3075,697320,678.53,681.17,655.5,666.3075,697320,0.0,1.0
IDXX,2021-08-02 00:00:00+00:00,678.72,688.69,666.85,687.41,354586,678.72,688.69,666.85,687.41,354586,0.0,1.0
IDXX,2021-08-03 00:00:00+00:00,695.67,698.4408,681.22,682.19,468563,695.67,698.4408,681.22,682.19,468563,0.0,1.0
IDXX,2021-08-04 00:00:00+00:00,698.48,706.51,694.97,696.12,358424,698.48,706.51,694.97,696.12,358424,0.0,1.0
IDXX,2021-08-05 00:00:00+00:00,705.76,706.14,692.84,698.87,265759,705.76,706.14,692.84,698.87,265759,0.0,1.0
IDXX,2021-08-06 00:00:00+00:00,685.2,698.9,673.09,695.69,388863,685.2,698.9,673.09,695.69,388863,0.0,1.0
IDXX,2021-08-09 00:00:00+00:00,686.41,688.77,680.29,685.2,240501,686.41,688.77,680.29,685.2,240501,0.0,1.0
IDXX,2021-08-10 00:00:00+00:00,671.53,688.14,669.26,688.14,349749,671.53,688.14,669.26,688.14,349749,0.0,1.0
IDXX,2021-08-11 00:00:00+00:00,665.32,676.29,657.12,672.64,342696,665.32,676.29,657.12,672.64,342696,0.0,1.0
IDXX,2021-08-12 00:00:00+00:00,675.67,676.89,663.05,663.05,266403,675.67,676.89,663.05,663.05,266403,0.0,1.0
IDXX,2021-08-13 00:00:00+00:00,672.1,678.0,665.75,671.46,215934,672.1,678.0,665.75,671.46,215934,0.0,1.0
IDXX,2021-08-16 00:00:00+00:00,675.48,676.34,668.09,673.77,334797,675.48,676.34,668.09,673.77,334797,0.0,1.0
IDXX,2021-08-17 00:00:00+00:00,678.12,679.74,668.21,669.84,264850,678.12,679.74,668.21,669.84,264850,0.0,1.0
IDXX,2021-08-18 00:00:00+00:00,676.94,684.31,676.61,677.02,267684,676.94,684.31,676.61,677.02,267684,0.0,1.0
IDXX,2021-08-19 00:00:00+00:00,681.71,690.0,673.1,674.88,397900,681.71,690.0,673.1,674.88,397900,0.0,1.0
IDXX,2021-08-20 00:00:00+00:00,682.14,685.225,672.525,681.71,378529,682.14,685.225,672.525,681.71,378529,0.0,1.0
IDXX,2021-08-23 00:00:00+00:00,671.11,683.15,669.31,683.15,472156,671.11,683.15,669.31,683.15,472156,0.0,1.0
IDXX,2021-08-24 00:00:00+00:00,672.54,673.5386,667.25,671.72,398372,672.54,673.5386,667.25,671.72,398372,0.0,1.0
IDXX,2021-08-25 00:00:00+00:00,676.42,678.4,665.94,675.42,357868,676.42,678.4,665.94,675.42,357868,0.0,1.0
IDXX,2021-08-26 00:00:00+00:00,673.36,681.91,670.035,676.93,292563,673.36,681.91,670.035,676.93,292563,0.0,1.0
IDXX,2021-08-27 00:00:00+00:00,668.27,681.25,667.55,673.9,316304,668.27,681.25,667.55,673.9,316304,0.0,1.0
IDXX,2021-08-30 00:00:00+00:00,686.97,690.1099,666.921,667.27,410331,686.97,690.1099,666.921,667.27,410331,0.0,1.0
IDXX,2021-08-31 00:00:00+00:00,673.76,689.06,667.32,689.06,557515,673.76,689.06,667.32,689.06,557515,0.0,1.0
IDXX,2021-09-01 00:00:00+00:00,676.9,678.42,659.27,671.64,394867,676.9,678.42,659.27,671.64,394867,0.0,1.0
IDXX,2021-09-02 00:00:00+00:00,685.44,687.69,676.965,677.38,331862,685.44,687.69,676.965,677.38,331862,0.0,1.0
IDXX,2021-09-03 00:00:00+00:00,688.33,692.16,680.19,682.1,294334,688.33,692.16,680.19,682.1,294334,0.0,1.0
IDXX,2021-09-07 00:00:00+00:00,681.67,686.2,667.08,684.04,459040,681.67,686.2,667.08,684.04,459040,0.0,1.0
IDXX,2021-09-08 00:00:00+00:00,687.7,695.18,677.505,681.84,344927,687.7,695.18,677.505,681.84,344927,0.0,1.0
IDXX,2021-09-09 00:00:00+00:00,676.57,692.32,675.66,690.03,340300,676.57,692.32,675.66,690.03,340300,0.0,1.0
IDXX,2021-09-10 00:00:00+00:00,681.61,686.13,675.53,679.86,293774,681.61,686.13,675.53,679.86,293774,0.0,1.0
IDXX,2021-09-13 00:00:00+00:00,655.05,687.03,646.47,687.03,514386,655.05,687.03,646.47,687.03,514386,0.0,1.0
IDXX,2021-09-14 00:00:00+00:00,661.39,669.54,659.4757,663.22,401895,661.39,669.54,659.4757,663.22,401895,0.0,1.0
IDXX,2021-09-15 00:00:00+00:00,661.65,668.92,658.95,660.62,663074,661.65,668.92,658.95,660.62,663074,0.0,1.0
IDXX,2021-09-16 00:00:00+00:00,663.45,666.16,651.485,664.45,670988,663.45,666.16,651.485,664.45,670988,0.0,1.0
IDXX,2021-09-17 00:00:00+00:00,661.71,664.8,655.105,661.45,967580,661.71,664.8,655.105,661.45,967580,0.0,1.0
IDXX,2021-09-20 00:00:00+00:00,659.78,668.69,651.54,657.1,725184,659.78,668.69,651.54,657.1,725184,0.0,1.0
IDXX,2021-09-21 00:00:00+00:00,666.87,668.51,659.3,663.95,739149,666.87,668.51,659.3,663.95,739149,0.0,1.0
IDXX,2021-09-22 00:00:00+00:00,671.47,672.43,660.04,670.2,320147,671.47,672.43,660.04,670.2,320147,0.0,1.0
IDXX,2021-09-23 00:00:00+00:00,682.58,689.95,670.6613,674.99,369926,682.58,689.95,670.6613,674.99,369926,0.0,1.0
IDXX,2021-09-24 00:00:00+00:00,679.64,684.21,671.335,678.74,255680,679.64,684.21,671.335,678.74,255680,0.0,1.0
IDXX,2021-09-27 00:00:00+00:00,650.02,674.45,640.2105,672.97,558866,650.02,674.45,640.2105,672.97,558866,0.0,1.0
IDXX,2021-09-28 00:00:00+00:00,626.85,644.79,621.6464,644.4,555410,626.85,644.79,621.6464,644.4,555410,0.0,1.0
IDXX,2021-09-29 00:00:00+00:00,629.55,637.44,627.51,631.38,281302,629.55,637.44,627.51,631.38,281302,0.0,1.0
IDXX,2021-09-30 00:00:00+00:00,621.9,638.1494,620.86,633.72,381544,621.9,638.1494,620.86,633.72,381544,0.0,1.0
IDXX,2021-10-01 00:00:00+00:00,623.98,626.08,608.37,623.15,439070,623.98,626.08,608.37,623.15,439070,0.0,1.0
IDXX,2021-10-04 00:00:00+00:00,614.19,621.62,597.69,619.28,472877,614.19,621.62,597.69,619.28,472877,0.0,1.0
IDXX,2021-10-05 00:00:00+00:00,614.8,625.77,614.09,617.66,467187,614.8,625.77,614.09,617.66,467187,0.0,1.0
IDXX,2021-10-06 00:00:00+00:00,617.17,618.13,601.18,612.5,586126,617.17,618.13,601.18,612.5,586126,0.0,1.0
IDXX,2021-10-07 00:00:00+00:00,623.01,637.825,621.4,621.4,261515,623.01,637.825,621.4,621.4,261515,0.0,1.0
IDXX,2021-10-08 00:00:00+00:00,617.02,631.93,611.44,623.73,213715,617.02,631.93,611.44,623.73,213715,0.0,1.0
IDXX,2021-10-11 00:00:00+00:00,612.77,621.43,612.19,617.0,182078,612.77,621.43,612.19,617.0,182078,0.0,1.0
IDXX,2021-10-12 00:00:00+00:00,615.91,621.23,613.33,619.5,287439,615.91,621.23,613.33,619.5,287439,0.0,1.0
IDXX,2021-10-13 00:00:00+00:00,623.12,625.34,618.16,622.2,255195,623.12,625.34,618.16,622.2,255195,0.0,1.0
IDXX,2021-10-14 00:00:00+00:00,629.72,641.65,628.355,630.87,456291,629.72,641.65,628.355,630.87,456291,0.0,1.0
IDXX,2021-10-15 00:00:00+00:00,635.15,637.37,631.76,631.76,262006,635.15,637.37,631.76,631.76,262006,0.0,1.0
IDXX,2021-10-18 00:00:00+00:00,638.29,638.9,621.73,630.95,254366,638.29,638.9,621.73,630.95,254366,0.0,1.0
IDXX,2021-10-19 00:00:00+00:00,640.99,650.47,639.36,643.49,225388,640.99,650.47,639.36,643.49,225388,0.0,1.0
IDXX,2021-10-20 00:00:00+00:00,642.2,651.585,640.745,646.3,211517,642.2,651.585,640.745,646.3,211517,0.0,1.0
IDXX,2021-10-21 00:00:00+00:00,645.24,647.81,634.95,643.17,235655,645.24,647.81,634.95,643.17,235655,0.0,1.0
IDXX,2021-10-22 00:00:00+00:00,651.85,655.735,647.6,648.63,164474,651.85,655.735,647.6,648.63,164474,0.0,1.0
IDXX,2021-10-25 00:00:00+00:00,652.52,655.9309,647.54,651.24,189620,652.52,655.9309,647.54,651.24,189620,0.0,1.0
IDXX,2021-10-26 00:00:00+00:00,651.96,657.29,648.9,654.61,236700,651.96,657.29,648.9,654.61,236700,0.0,1.0
IDXX,2021-10-27 00:00:00+00:00,640.5,652.4,636.93,651.96,255395,640.5,652.4,636.93,651.96,255395,0.0,1.0
IDXX,2021-10-28 00:00:00+00:00,653.02,654.5486,640.99,645.94,280112,653.02,654.5486,640.99,645.94,280112,0.0,1.0
IDXX,2021-10-29 00:00:00+00:00,666.14,672.93,645.72,650.16,472618,666.14,672.93,645.72,650.16,472618,0.0,1.0
IDXX,2021-11-01 00:00:00+00:00,666.48,670.925,656.18,665.08,443013,666.48,670.925,656.18,665.08,443013,0.0,1.0
IDXX,2021-11-02 00:00:00+00:00,627.35,654.97,620.0,654.62,735142,627.35,654.97,620.0,654.62,735142,0.0,1.0
IDXX,2021-11-03 00:00:00+00:00,625.66,627.18,597.84,624.9,610543,625.66,627.18,597.84,624.9,610543,0.0,1.0
IDXX,2021-11-04 00:00:00+00:00,639.96,642.01,621.97,628.46,411064,639.96,642.01,621.97,628.46,411064,0.0,1.0
IDXX,2021-11-05 00:00:00+00:00,637.4,655.0,634.33,639.65,339102,637.4,655.0,634.33,639.65,339102,0.0,1.0
IDXX,2021-11-08 00:00:00+00:00,634.21,642.37,624.24,638.0,300180,634.21,642.37,624.24,638.0,300180,0.0,1.0
IDXX,2021-11-09 00:00:00+00:00,629.26,633.95,624.44,630.72,243871,629.26,633.95,624.44,630.72,243871,0.0,1.0
IDXX,2021-11-10 00:00:00+00:00,622.43,631.0,620.38,626.87,278785,622.43,631.0,620.38,626.87,278785,0.0,1.0
IDXX,2021-11-11 00:00:00+00:00,615.05,627.31,612.63,623.72,268155,615.05,627.31,612.63,623.72,268155,0.0,1.0
IDXX,2021-11-12 00:00:00+00:00,628.18,629.71,618.5,618.5,286595,628.18,629.71,618.5,618.5,286595,0.0,1.0
IDXX,2021-11-15 00:00:00+00:00,618.96,628.71,618.8,627.56,238534,618.96,628.71,618.8,627.56,238534,0.0,1.0
IDXX,2021-11-16 00:00:00+00:00,633.22,638.4,620.25,620.25,327359,633.22,638.4,620.25,620.25,327359,0.0,1.0
IDXX,2021-11-17 00:00:00+00:00,627.99,636.01,622.25,632.46,311749,627.99,636.01,622.25,632.46,311749,0.0,1.0
IDXX,2021-11-18 00:00:00+00:00,634.0,641.86,625.385,633.75,289751,634.0,641.86,625.385,633.75,289751,0.0,1.0
IDXX,2021-11-19 00:00:00+00:00,647.27,649.94,632.59,638.88,293285,647.27,649.94,632.59,638.88,293285,0.0,1.0
IDXX,2021-11-22 00:00:00+00:00,634.68,656.38,634.24,644.66,345857,634.68,656.38,634.24,644.66,345857,0.0,1.0
IDXX,2021-11-23 00:00:00+00:00,619.98,631.65,612.34,631.06,390025,619.98,631.65,612.34,631.06,390025,0.0,1.0
IDXX,2021-11-24 00:00:00+00:00,622.45,622.75,613.78,619.13,442804,622.45,622.75,613.78,619.13,442804,0.0,1.0
IDXX,2021-11-26 00:00:00+00:00,607.52,632.835,604.0,619.59,260599,607.52,632.835,604.0,619.59,260599,0.0,1.0
IDXX,2021-11-29 00:00:00+00:00,631.3,636.43,609.11,613.27,370449,631.3,636.43,609.11,613.27,370449,0.0,1.0
IDXX,2021-11-30 00:00:00+00:00,608.07,639.51,603.0,628.15,754210,608.07,639.51,603.0,628.15,754210,0.0,1.0
IDXX,2021-12-01 00:00:00+00:00,599.45,621.185,598.74,612.99,363278,599.45,621.185,598.74,612.99,363278,0.0,1.0
IDXX,2021-12-02 00:00:00+00:00,599.01,603.0,583.96,594.92,638301,599.01,603.0,583.96,594.92,638301,0.0,1.0
IDXX,2021-12-03 00:00:00+00:00,586.54,608.105,575.59,603.36,451889,586.54,608.105,575.59,603.36,451889,0.0,1.0
IDXX,2021-12-06 00:00:00+00:00,592.21,595.41,579.53,586.81,566466,592.21,595.41,579.53,586.81,566466,0.0,1.0
IDXX,2021-12-07 00:00:00+00:00,611.43,615.28,595.905,597.27,368217,611.43,615.28,595.905,597.27,368217,0.0,1.0
IDXX,2021-12-08 00:00:00+00:00,618.55,619.36,609.62,612.83,211049,618.55,619.36,609.62,612.83,211049,0.0,1.0
IDXX,2021-12-09 00:00:00+00:00,607.58,623.9,607.55,618.55,260232,607.58,623.9,607.55,618.55,260232,0.0,1.0
IDXX,2021-12-10 00:00:00+00:00,607.9,620.06,605.75,612.52,294813,607.9,620.06,605.75,612.52,294813,0.0,1.0
IDXX,2021-12-13 00:00:00+00:00,605.34,614.835,601.93,608.82,367408,605.34,614.835,601.93,608.82,367408,0.0,1.0
IDXX,2021-12-14 00:00:00+00:00,596.35,603.96,586.64,602.46,351505,596.35,603.96,586.64,602.46,351505,0.0,1.0
IDXX,2021-12-15 00:00:00+00:00,611.56,612.0,596.79,598.1,425978,611.56,612.0,596.79,598.1,425978,0.0,1.0
IDXX,2021-12-16 00:00:00+00:00,607.56,619.28,606.65,613.25,429699,607.56,619.28,606.65,613.25,429699,0.0,1.0
IDXX,2021-12-17 00:00:00+00:00,616.88,624.0,604.03,604.07,739638,616.88,624.0,604.03,604.07,739638,0.0,1.0
IDXX,2021-12-20 00:00:00+00:00,604.11,614.045,595.24,611.62,345924,604.11,614.045,595.24,611.62,345924,0.0,1.0
IDXX,2021-12-21 00:00:00+00:00,624.06,624.99,606.51,607.87,328876,624.06,624.99,606.51,607.87,328876,0.0,1.0
IDXX,2021-12-22 00:00:00+00:00,640.03,641.05,624.06,624.06,339104,640.03,641.05,624.06,624.06,339104,0.0,1.0
IDXX,2021-12-23 00:00:00+00:00,645.02,649.755,640.51,641.58,266152,645.02,649.755,640.51,641.58,266152,0.0,1.0
IDXX,2021-12-27 00:00:00+00:00,654.84,656.34,646.77,648.0,177879,654.84,656.34,646.77,648.0,177879,0.0,1.0
IDXX,2021-12-28 00:00:00+00:00,651.28,659.94,649.345,659.47,172837,651.28,659.94,649.345,659.47,172837,0.0,1.0
IDXX,2021-12-29 00:00:00+00:00,655.69,660.15,648.395,652.52,247897,655.69,660.15,648.395,652.52,247897,0.0,1.0
IDXX,2021-12-30 00:00:00+00:00,661.32,664.7,655.13,655.4,205966,661.32,664.7,655.13,655.4,205966,0.0,1.0
IDXX,2021-12-31 00:00:00+00:00,658.46,664.65,656.42,659.84,216572,658.46,664.65,656.42,659.84,216572,0.0,1.0
IDXX,2022-01-03 00:00:00+00:00,631.01,656.31,625.275,655.66,418223,631.01,656.31,625.275,655.66,418223,0.0,1.0
IDXX,2022-01-04 00:00:00+00:00,605.42,629.99,597.16,629.99,605160,605.42,629.99,597.16,629.99,605160,0.0,1.0
IDXX,2022-01-05 00:00:00+00:00,583.46,612.45,583.3,612.45,518609,583.46,612.45,583.3,612.45,518609,0.0,1.0
IDXX,2022-01-06 00:00:00+00:00,576.36,588.95,572.75,577.89,484988,576.36,588.95,572.75,577.89,484988,0.0,1.0
IDXX,2022-01-07 00:00:00+00:00,550.3,571.5,549.905,568.77,603638,550.3,571.5,549.905,568.77,603638,0.0,1.0
IDXX,2022-01-10 00:00:00+00:00,558.65,559.47,535.73,537.49,577026,558.65,559.47,535.73,537.49,577026,0.0,1.0
IDXX,2022-01-11 00:00:00+00:00,555.06,558.815,544.75,556.38,597741,555.06,558.815,544.75,556.38,597741,0.0,1.0
IDXX,2022-01-12 00:00:00+00:00,554.63,565.98,550.42,558.58,383048,554.63,565.98,550.42,558.58,383048,0.0,1.0
IDXX,2022-01-13 00:00:00+00:00,534.2,556.53,533.44,556.46,400543,534.2,556.53,533.44,556.46,400543,0.0,1.0
IDXX,2022-01-14 00:00:00+00:00,529.35,534.96,520.0,527.23,570436,529.35,534.96,520.0,527.23,570436,0.0,1.0
IDXX,2022-01-18 00:00:00+00:00,518.17,524.86,512.0,514.6,594793,518.17,524.86,512.0,514.6,594793,0.0,1.0
IDXX,2022-01-19 00:00:00+00:00,519.13,532.71,518.62,521.68,388860,519.13,532.71,518.62,521.68,388860,0.0,1.0
IDXX,2022-01-20 00:00:00+00:00,511.15,535.31,510.151,523.62,400259,511.15,535.31,510.151,523.62,400259,0.0,1.0
IDXX,2022-01-21 00:00:00+00:00,501.96,514.34,500.01,509.0,581986,501.96,514.34,500.01,509.0,581986,0.0,1.0
IDXX,2022-01-24 00:00:00+00:00,511.65,513.049,484.67,495.8,803597,511.65,513.049,484.67,495.8,803597,0.0,1.0
IDXX,2022-01-25 00:00:00+00:00,478.19,505.89,476.01,501.03,787713,478.19,505.89,476.01,501.03,787713,0.0,1.0
IDXX,2022-01-26 00:00:00+00:00,466.52,484.87,460.36,479.75,724696,466.52,484.87,460.36,479.75,724696,0.0,1.0
IDXX,2022-01-27 00:00:00+00:00,471.08,482.41,466.7,470.01,1024162,471.08,482.41,466.7,470.01,1024162,0.0,1.0
IDXX,2022-01-28 00:00:00+00:00,489.05,489.23,463.94,471.79,561380,489.05,489.23,463.94,471.79,561380,0.0,1.0
IDXX,2022-01-31 00:00:00+00:00,507.3,509.58,488.99,489.05,788753,507.3,509.58,488.99,489.05,788753,0.0,1.0
IDXX,2022-02-01 00:00:00+00:00,513.51,514.78,502.33,512.15,685585,513.51,514.78,502.33,512.15,685585,0.0,1.0
IDXX,2022-02-02 00:00:00+00:00,534.23,574.33,527.34,538.0,999725,534.23,574.33,527.34,538.0,999725,0.0,1.0
IDXX,2022-02-03 00:00:00+00:00,538.95,543.055,522.73,525.17,959274,538.95,543.055,522.73,525.17,959274,0.0,1.0
IDXX,2022-02-04 00:00:00+00:00,526.44,538.285,520.6575,534.14,509966,526.44,538.285,520.6575,534.14,509966,0.0,1.0
IDXX,2022-02-07 00:00:00+00:00,517.76,531.74,514.3,523.66,438305,517.76,531.74,514.3,523.66,438305,0.0,1.0
IDXX,2022-02-08 00:00:00+00:00,521.61,526.92,513.225,518.84,396018,521.61,526.92,513.225,518.84,396018,0.0,1.0
IDXX,2022-02-09 00:00:00+00:00,531.81,539.0,522.0401,528.89,364800,531.81,539.0,522.0401,528.89,364800,0.0,1.0
IDXX,2022-02-10 00:00:00+00:00,526.2,537.145,519.8,520.58,430194,526.2,537.145,519.8,520.58,430194,0.0,1.0
IDXX,2022-02-11 00:00:00+00:00,515.05,532.1,512.01,527.21,328953,515.05,532.1,512.01,527.21,328953,0.0,1.0
IDXX,2022-02-14 00:00:00+00:00,505.53,518.0,500.72,514.88,404723,505.53,518.0,500.72,514.88,404723,0.0,1.0
IDXX,2022-02-15 00:00:00+00:00,510.87,520.0,506.81,513.77,475322,510.87,520.0,506.81,513.77,475322,0.0,1.0
IDXX,2022-02-16 00:00:00+00:00,508.01,511.2,495.5,509.0,408974,508.01,511.2,495.5,509.0,408974,0.0,1.0
IDXX,2022-02-17 00:00:00+00:00,493.35,507.66,492.9,503.94,519920,493.35,507.66,492.9,503.94,519920,0.0,1.0
IDXX,2022-02-18 00:00:00+00:00,489.45,497.2,486.11,495.04,497354,489.45,497.2,486.11,495.04,497354,0.0,1.0
IDXX,2022-02-22 00:00:00+00:00,488.64,499.93,485.5,488.35,565329,488.64,499.93,485.5,488.35,565329,0.0,1.0
IDXX,2022-02-23 00:00:00+00:00,474.68,492.26,473.17,490.0,448250,474.68,492.26,473.17,490.0,448250,0.0,1.0
IDXX,2022-02-24 00:00:00+00:00,509.77,511.68,468.53,470.31,705531,509.77,511.68,468.53,470.31,705531,0.0,1.0
IDXX,2022-02-25 00:00:00+00:00,522.45,524.02,503.65,509.78,476489,522.45,524.02,503.65,509.78,476489,0.0,1.0
IDXX,2022-02-28 00:00:00+00:00,532.35,534.1,516.2,516.2,757584,532.35,534.1,516.2,516.2,757584,0.0,1.0
IDXX,2022-03-01 00:00:00+00:00,535.14,540.53,527.66,527.66,619579,535.14,540.53,527.66,527.66,619579,0.0,1.0
IDXX,2022-03-02 00:00:00+00:00,539.97,545.97,536.91,537.31,467601,539.97,545.97,536.91,537.31,467601,0.0,1.0
IDXX,2022-03-03 00:00:00+00:00,538.52,553.105,534.05,545.24,375495,538.52,553.105,534.05,545.24,375495,0.0,1.0
IDXX,2022-03-04 00:00:00+00:00,535.71,539.55,527.81,537.54,438211,535.71,539.55,527.81,537.54,438211,0.0,1.0
IDXX,2022-03-07 00:00:00+00:00,517.28,538.2567,516.3788,535.24,521530,517.28,538.2567,516.3788,535.24,521530,0.0,1.0
IDXX,2022-03-08 00:00:00+00:00,507.78,524.71,501.36,510.63,804534,507.78,524.71,501.36,510.63,804534,0.0,1.0
IDXX,2022-03-09 00:00:00+00:00,529.92,532.72,518.43,521.2,558578,529.92,532.72,518.43,521.2,558578,0.0,1.0
IDXX,2022-03-10 00:00:00+00:00,524.44,525.87,511.405,518.95,525296,524.44,525.87,511.405,518.95,525296,0.0,1.0
IDXX,2022-03-11 00:00:00+00:00,498.08,532.02,497.64,530.7,334124,498.08,532.02,497.64,530.7,334124,0.0,1.0
IDXX,2022-03-14 00:00:00+00:00,486.33,509.13,484.57,498.02,368021,486.33,509.13,484.57,498.02,368021,0.0,1.0
IDXX,2022-03-15 00:00:00+00:00,502.93,505.075,488.09,492.42,390140,502.93,505.075,488.09,492.42,390140,0.0,1.0
IDXX,2022-03-16 00:00:00+00:00,520.19,528.08,500.85,511.04,373223,520.19,528.08,500.85,511.04,373223,0.0,1.0
IDXX,2022-03-17 00:00:00+00:00,527.09,529.365,515.0,517.14,349274,527.09,529.365,515.0,517.14,349274,0.0,1.0
IDXX,2022-03-18 00:00:00+00:00,542.46,546.85,522.26,527.04,685524,542.46,546.85,522.26,527.04,685524,0.0,1.0
IDXX,2022-03-21 00:00:00+00:00,539.59,544.56,528.34,535.54,511578,539.59,544.56,528.34,535.54,511578,0.0,1.0
IDXX,2022-03-22 00:00:00+00:00,552.46,554.17,536.61,538.57,526840,552.46,554.17,536.61,538.57,526840,0.0,1.0
IDXX,2022-03-23 00:00:00+00:00,536.06,548.74,535.0,548.56,582730,536.06,548.74,535.0,548.56,582730,0.0,1.0
IDXX,2022-03-24 00:00:00+00:00,540.39,540.41,529.65,537.76,336593,540.39,540.41,529.65,537.76,336593,0.0,1.0
IDXX,2022-03-25 00:00:00+00:00,538.93,546.53,528.865,544.47,445911,538.93,546.53,528.865,544.47,445911,0.0,1.0
IDXX,2022-03-28 00:00:00+00:00,539.54,547.0621,527.76,541.07,461786,539.54,547.0621,527.76,541.07,461786,0.0,1.0
IDXX,2022-03-29 00:00:00+00:00,551.76,560.92,545.55,549.14,462025,551.76,560.92,545.55,549.14,462025,0.0,1.0
IDXX,2022-03-30 00:00:00+00:00,548.68,551.74,543.37,549.58,437784,548.68,551.74,543.37,549.58,437784,0.0,1.0
IDXX,2022-03-31 00:00:00+00:00,547.06,558.55,547.05,551.0,760461,547.06,558.55,547.05,551.0,760461,0.0,1.0
IDXX,2022-04-01 00:00:00+00:00,553.44,553.46,542.75,546.54,430594,553.44,553.46,542.75,546.54,430594,0.0,1.0
IDXX,2022-04-04 00:00:00+00:00,548.08,558.012,543.71,553.44,379117,548.08,558.012,543.71,553.44,379117,0.0,1.0
IDXX,2022-04-05 00:00:00+00:00,545.04,551.47,540.14,547.55,352844,545.04,551.47,540.14,547.55,352844,0.0,1.0
IDXX,2022-04-06 00:00:00+00:00,534.92,538.445,526.4,537.98,539730,534.92,538.445,526.4,537.98,539730,0.0,1.0
IDXX,2022-04-07 00:00:00+00:00,551.26,554.97,532.23,532.23,438450,551.26,554.97,532.23,532.23,438450,0.0,1.0
IDXX,2022-04-08 00:00:00+00:00,547.12,553.3309,546.31,548.59,367670,547.12,553.3309,546.31,548.59,367670,0.0,1.0
IDXX,2022-04-11 00:00:00+00:00,514.48,543.81,513.65,538.14,490085,514.48,543.81,513.65,538.14,490085,0.0,1.0
IDXX,2022-04-12 00:00:00+00:00,497.24,525.895,492.52,517.95,497841,497.24,525.895,492.52,517.95,497841,0.0,1.0
IDXX,2022-04-13 00:00:00+00:00,508.61,511.77,496.17,500.73,451502,508.61,511.77,496.17,500.73,451502,0.0,1.0
IDXX,2022-04-14 00:00:00+00:00,496.78,511.15,496.4,510.3,432377,496.78,511.15,496.4,510.3,432377,0.0,1.0
IDXX,2022-04-18 00:00:00+00:00,486.81,495.53,483.455,492.8,432134,486.81,495.53,483.455,492.8,432134,0.0,1.0
IDXX,2022-04-19 00:00:00+00:00,500.85,503.885,485.11,485.11,367142,500.85,503.885,485.11,485.11,367142,0.0,1.0
IDXX,2022-04-20 00:00:00+00:00,513.39,517.035,498.84,505.79,372898,513.39,517.035,498.84,505.79,372898,0.0,1.0
IDXX,2022-04-21 00:00:00+00:00,492.52,517.91,491.21,516.41,327284,492.52,517.91,491.21,516.41,327284,0.0,1.0
IDXX,2022-04-22 00:00:00+00:00,473.64,494.4099,472.67,489.79,503791,473.64,494.4099,472.67,489.79,503791,0.0,1.0
IDXX,2022-04-25 00:00:00+00:00,472.27,475.4,464.68,471.6,629560,472.27,475.4,464.68,471.6,629560,0.0,1.0
IDXX,2022-04-26 00:00:00+00:00,455.56,470.47,455.34,467.91,749683,455.56,470.47,455.34,467.91,749683,0.0,1.0
IDXX,2022-04-27 00:00:00+00:00,447.18,461.38,445.72,455.69,770584,447.18,461.38,445.72,455.69,770584,0.0,1.0
IDXX,2022-04-28 00:00:00+00:00,448.35,453.09,440.31,451.73,1019404,448.35,453.09,440.31,451.73,1019404,0.0,1.0
IDXX,2022-04-29 00:00:00+00:00,430.48,454.59,429.13,446.47,713517,430.48,454.59,429.13,446.47,713517,0.0,1.0
IDXX,2022-05-02 00:00:00+00:00,432.46,437.27,420.62,429.37,835657,432.46,437.27,420.62,429.37,835657,0.0,1.0
IDXX,2022-05-03 00:00:00+00:00,435.96,441.01,429.59,436.53,912945,435.96,441.01,429.59,436.53,912945,0.0,1.0
IDXX,2022-05-04 00:00:00+00:00,411.31,419.2,381.11,382.0,2102393,411.31,419.2,381.11,382.0,2102393,0.0,1.0
IDXX,2022-05-05 00:00:00+00:00,385.11,402.67,377.4327,400.0,1505181,385.11,402.67,377.4327,400.0,1505181,0.0,1.0
IDXX,2022-05-06 00:00:00+00:00,366.64,383.872,358.18,380.17,1527794,366.64,383.872,358.18,380.17,1527794,0.0,1.0
IDXX,2022-05-09 00:00:00+00:00,345.02,365.27,343.62,362.96,1151913,345.02,365.27,343.62,362.96,1151913,0.0,1.0
IDXX,2022-05-10 00:00:00+00:00,340.18,358.75,334.75,354.61,1249345,340.18,358.75,334.75,354.61,1249345,0.0,1.0
IDXX,2022-05-11 00:00:00+00:00,333.9,346.32,332.0,337.97,889199,333.9,346.32,332.0,337.97,889199,0.0,1.0
IDXX,2022-05-12 00:00:00+00:00,347.95,348.41,330.66,330.66,1019134,347.95,348.41,330.66,330.66,1019134,0.0,1.0
IDXX,2022-05-13 00:00:00+00:00,362.18,367.545,351.985,352.95,833850,362.18,367.545,351.985,352.95,833850,0.0,1.0
IDXX,2022-05-16 00:00:00+00:00,360.2,362.98,354.49,359.6,579583,360.2,362.98,354.49,359.6,579583,0.0,1.0
IDXX,2022-05-17 00:00:00+00:00,366.36,368.855,356.55,363.93,591544,366.36,368.855,356.55,363.93,591544,0.0,1.0
IDXX,2022-05-18 00:00:00+00:00,357.33,361.725,350.88,361.59,1010258,357.33,361.725,350.88,361.59,1010258,0.0,1.0
IDXX,2022-05-19 00:00:00+00:00,364.83,369.355,356.095,357.18,851986,364.83,369.355,356.095,357.18,851986,0.0,1.0
IDXX,2022-05-20 00:00:00+00:00,372.23,375.13,362.74,370.61,768216,372.23,375.13,362.74,370.61,768216,0.0,1.0
IDXX,2022-05-23 00:00:00+00:00,368.33,371.91,359.0,371.62,591491,368.33,371.91,359.0,371.62,591491,0.0,1.0
IDXX,2022-05-24 00:00:00+00:00,362.16,366.98,357.28,366.98,505900,362.16,366.98,357.28,366.98,505900,0.0,1.0
IDXX,2022-05-25 00:00:00+00:00,367.86,369.99,359.11,360.08,501405,367.86,369.99,359.11,360.08,501405,0.0,1.0
IDXX,2022-05-26 00:00:00+00:00,384.92,386.55,370.02,370.93,841969,384.92,386.55,370.02,370.93,841969,0.0,1.0
IDXX,2022-05-27 00:00:00+00:00,398.61,398.96,388.49,388.49,627989,398.61,398.96,388.49,388.49,627989,0.0,1.0
IDXX,2022-05-31 00:00:00+00:00,391.62,397.65,388.07,397.65,897205,391.62,397.65,388.07,397.65,897205,0.0,1.0
IDXX,2022-06-01 00:00:00+00:00,369.63,393.49,369.27,390.31,705301,369.63,393.49,369.27,390.31,705301,0.0,1.0
IDXX,2022-06-02 00:00:00+00:00,386.34,386.73,368.9,369.43,590391,386.34,386.73,368.9,369.43,590391,0.0,1.0
IDXX,2022-06-03 00:00:00+00:00,372.63,382.02,371.86,382.02,394896,372.63,382.02,371.86,382.02,394896,0.0,1.0
IDXX,2022-06-06 00:00:00+00:00,372.22,378.64,368.32,376.31,557202,372.22,378.64,368.32,376.31,557202,0.0,1.0
IDXX,2022-06-07 00:00:00+00:00,376.79,377.84,367.145,368.67,357927,376.79,377.84,367.145,368.67,357927,0.0,1.0
IDXX,2022-06-08 00:00:00+00:00,371.97,380.11,370.77,376.45,353444,371.97,380.11,370.77,376.45,353444,0.0,1.0
IDXX,2022-06-09 00:00:00+00:00,359.7,370.09,359.68,368.45,410140,359.7,370.09,359.68,368.45,410140,0.0,1.0
IDXX,2022-06-10 00:00:00+00:00,345.885,353.1,345.6,351.615,687987,345.885,353.1,345.6,351.615,687987,0.0,1.0
IDXX,2022-06-13 00:00:00+00:00,336.2,339.92,331.54,332.89,882384,336.2,339.92,331.54,332.89,882384,0.0,1.0
IDXX,2022-06-14 00:00:00+00:00,328.99,338.01,322.78,336.2,729216,328.99,338.01,322.78,336.2,729216,0.0,1.0
IDXX,2022-06-15 00:00:00+00:00,333.94,339.06,325.77,333.45,640757,333.94,339.06,325.77,333.45,640757,0.0,1.0
IDXX,2022-06-16 00:00:00+00:00,327.37,329.15,318.5,326.34,811655,327.37,329.15,318.5,326.34,811655,0.0,1.0
IDXX,2022-06-17 00:00:00+00:00,328.05,336.31,327.38,331.58,1419158,328.05,336.31,327.38,331.58,1419158,0.0,1.0
IDXX,2022-06-21 00:00:00+00:00,332.03,334.84,329.53,331.26,544725,332.03,334.84,329.53,331.26,544725,0.0,1.0
IDXX,2022-06-22 00:00:00+00:00,333.11,337.73,328.5,330.39,473694,333.11,337.73,328.5,330.39,473694,0.0,1.0
IDXX,2022-06-23 00:00:00+00:00,355.62,355.94,337.45,337.94,676255,355.62,355.94,337.45,337.94,676255,0.0,1.0
IDXX,2022-06-24 00:00:00+00:00,361.48,366.55,357.77,358.67,854011,361.48,366.55,357.77,358.67,854011,0.0,1.0
IDXX,2022-06-27 00:00:00+00:00,359.03,364.3,354.78,359.58,516046,359.03,364.3,354.78,359.58,516046,0.0,1.0
IDXX,2022-06-28 00:00:00+00:00,349.21,363.85,347.915,360.23,431049,349.21,363.85,347.915,360.23,431049,0.0,1.0
IDXX,2022-06-29 00:00:00+00:00,358.22,361.92,342.69,346.11,683850,358.22,361.92,342.69,346.11,683850,0.0,1.0
IDXX,2022-06-30 00:00:00+00:00,350.73,357.51,342.505,355.41,607106,350.73,357.51,342.505,355.41,607106,0.0,1.0
IDXX,2022-07-01 00:00:00+00:00,358.44,359.529,348.57,352.33,369093,358.44,359.529,348.57,352.33,369093,0.0,1.0
IDXX,2022-07-05 00:00:00+00:00,366.87,366.97,351.78,356.7,734451,366.87,366.97,351.78,356.7,734451,0.0,1.0
IDXX,2022-07-06 00:00:00+00:00,375.22,380.78,366.98,369.56,695968,375.22,380.78,366.98,369.56,695968,0.0,1.0
IDXX,2022-07-07 00:00:00+00:00,382.52,383.2,370.73,371.8,724710,382.52,383.2,370.73,371.8,724710,0.0,1.0
IDXX,2022-07-08 00:00:00+00:00,378.45,383.38,375.71,380.43,403461,378.45,383.38,375.71,380.43,403461,0.0,1.0
IDXX,2022-07-11 00:00:00+00:00,369.66,375.2,366.82,373.8,559388,369.66,375.2,366.82,373.8,559388,0.0,1.0
IDXX,2022-07-12 00:00:00+00:00,362.46,379.585,360.39,372.75,478403,362.46,379.585,360.39,372.75,478403,0.0,1.0
IDXX,2022-07-13 00:00:00+00:00,363.33,366.59,350.39,354.05,368394,363.33,366.59,350.39,354.05,368394,0.0,1.0
IDXX,2022-07-14 00:00:00+00:00,366.06,367.2,356.35,361.47,495134,366.06,367.2,356.35,361.47,495134,0.0,1.0
IDXX,2022-07-15 00:00:00+00:00,370.14,376.34,368.42,372.59,470781,370.14,376.34,368.42,372.59,470781,0.0,1.0
IDXX,2022-07-18 00:00:00+00:00,360.6,373.5374,359.55,371.2,382010,360.6,373.5374,359.55,371.2,382010,0.0,1.0
IDXX,2022-07-19 00:00:00+00:00,377.1,379.7,366.3,369.41,645548,377.1,379.7,366.3,369.41,645548,0.0,1.0
IDXX,2022-07-20 00:00:00+00:00,383.81,386.73,374.39,376.59,546929,383.81,386.73,374.39,376.59,546929,0.0,1.0
IDXX,2022-07-21 00:00:00+00:00,398.35,398.91,387.37,388.0,673375,398.35,398.91,387.37,388.0,673375,0.0,1.0
IDXX,2022-07-22 00:00:00+00:00,393.51,408.595,389.621,397.75,576044,393.51,408.595,389.621,397.75,576044,0.0,1.0
IDXX,2022-07-25 00:00:00+00:00,375.56,383.86,371.895,381.33,681442,375.56,383.86,371.895,381.33,681442,0.0,1.0
IDXX,2022-07-26 00:00:00+00:00,377.0,381.6,373.05,378.98,514260,377.0,381.6,373.05,378.98,514260,0.0,1.0
IDXX,2022-07-27 00:00:00+00:00,385.96,387.48,376.85,376.85,542250,385.96,387.48,376.85,376.85,542250,0.0,1.0
IDXX,2022-07-28 00:00:00+00:00,398.56,399.04,383.62,388.59,591884,398.56,399.04,383.62,388.59,591884,0.0,1.0
IDXX,2022-07-29 00:00:00+00:00,399.18,403.2,391.92,397.82,544223,399.18,403.2,391.92,397.82,544223,0.0,1.0
IDXX,2022-08-01 00:00:00+00:00,398.13,401.97,392.59,393.51,634173,398.13,401.97,392.59,393.51,634173,0.0,1.0
IDXX,2022-08-02 00:00:00+00:00,398.93,410.0,380.38,390.11,1097901,398.93,410.0,380.38,390.11,1097901,0.0,1.0
IDXX,2022-08-03 00:00:00+00:00,406.87,410.515,396.61,399.07,587219,406.87,410.515,396.61,399.07,587219,0.0,1.0
IDXX,2022-08-04 00:00:00+00:00,405.02,410.17,401.31,407.23,475305,405.02,410.17,401.31,407.23,475305,0.0,1.0
IDXX,2022-08-05 00:00:00+00:00,407.78,409.74,394.51,397.34,441905,407.78,409.74,394.51,397.34,441905,0.0,1.0
IDXX,2022-08-08 00:00:00+00:00,407.0,417.77,406.33,411.08,473355,407.0,417.77,406.33,411.08,473355,0.0,1.0
IDXX,2022-08-09 00:00:00+00:00,388.6,407.01,388.36,404.05,574603,388.6,407.01,388.36,404.05,574603,0.0,1.0
IDXX,2022-08-10 00:00:00+00:00,400.29,401.57,394.41,399.74,594926,400.29,401.57,394.41,399.74,594926,0.0,1.0
IDXX,2022-08-11 00:00:00+00:00,396.68,409.945,395.14,401.85,477051,396.68,409.945,395.14,401.85,477051,0.0,1.0
IDXX,2022-08-12 00:00:00+00:00,396.43,407.09,393.88,398.3,552965,396.43,407.09,393.88,398.3,552965,0.0,1.0
IDXX,2022-08-15 00:00:00+00:00,390.85,398.63,387.87,398.63,542743,390.85,398.63,387.87,398.63,542743,0.0,1.0
IDXX,2022-08-16 00:00:00+00:00,382.24,387.9,370.955,387.9,641087,382.24,387.9,370.955,387.9,641087,0.0,1.0
IDXX,2022-08-17 00:00:00+00:00,374.01,379.34,368.17,377.73,561494,374.01,379.34,368.17,377.73,561494,0.0,1.0
IDXX,2022-08-18 00:00:00+00:00,374.75,376.1,366.25,374.01,671065,374.75,376.1,366.25,374.01,671065,0.0,1.0
IDXX,2022-08-19 00:00:00+00:00,373.74,376.67,369.78,373.07,698740,373.74,376.67,369.78,373.07,698740,0.0,1.0
IDXX,2022-08-22 00:00:00+00:00,358.4,369.0,356.1295,368.16,600185,358.4,369.0,356.1295,368.16,600185,0.0,1.0
IDXX,2022-08-23 00:00:00+00:00,356.91,359.12,352.3,356.06,316391,356.91,359.12,352.3,356.06,316391,0.0,1.0
IDXX,2022-08-24 00:00:00+00:00,360.55,362.75,355.5,358.16,549387,360.55,362.75,355.5,358.16,549387,0.0,1.0
IDXX,2022-08-25 00:00:00+00:00,371.21,371.87,360.9,362.64,398764,371.21,371.87,360.9,362.64,398764,0.0,1.0
IDXX,2022-08-26 00:00:00+00:00,349.9,374.5,349.13,371.5,603289,349.9,374.5,349.13,371.5,603289,0.0,1.0
IDXX,2022-08-29 00:00:00+00:00,349.05,351.85,345.75,346.97,434867,349.05,351.85,345.75,346.97,434867,0.0,1.0
IDXX,2022-08-30 00:00:00+00:00,348.84,353.69,345.6594,350.64,393679,348.84,353.69,345.6594,350.64,393679,0.0,1.0
IDXX,2022-08-31 00:00:00+00:00,347.62,356.07,346.25,353.97,604979,347.62,356.07,346.25,353.97,604979,0.0,1.0
IDXX,2022-09-01 00:00:00+00:00,349.93,350.5,337.9,345.01,480629,349.93,350.5,337.9,345.01,480629,0.0,1.0
IDXX,2022-09-02 00:00:00+00:00,343.83,355.59,341.13,354.57,373967,343.83,355.59,341.13,354.57,373967,0.0,1.0
IDXX,2022-09-06 00:00:00+00:00,341.73,346.9,340.01,343.79,470452,341.73,346.9,340.01,343.79,470452,0.0,1.0
IDXX,2022-09-07 00:00:00+00:00,354.68,355.71,341.4,343.63,365255,354.68,355.71,341.4,343.63,365255,0.0,1.0
IDXX,2022-09-08 00:00:00+00:00,364.95,365.06,349.22,349.38,433194,364.95,365.06,349.22,349.38,433194,0.0,1.0
IDXX,2022-09-09 00:00:00+00:00,374.13,376.44,365.2,365.79,604539,374.13,376.44,365.2,365.79,604539,0.0,1.0
IDXX,2022-09-12 00:00:00+00:00,376.59,379.605,373.47,375.1,410775,376.59,379.605,373.47,375.1,410775,0.0,1.0
IDXX,2022-09-13 00:00:00+00:00,350.43,364.0,348.145,363.72,904477,350.43,364.0,348.145,363.72,904477,0.0,1.0
IDXX,2022-09-14 00:00:00+00:00,350.47,353.935,347.73,349.82,414169,350.47,353.935,347.73,349.82,414169,0.0,1.0
IDXX,2022-09-15 00:00:00+00:00,349.84,363.8,348.87,350.88,525501,349.84,363.8,348.87,350.88,525501,0.0,1.0
IDXX,2022-09-16 00:00:00+00:00,342.56,346.07,337.61,346.07,815805,342.56,346.07,337.61,346.07,815805,0.0,1.0
IDXX,2022-09-19 00:00:00+00:00,339.67,342.35,333.84,340.51,369725,339.67,342.35,333.84,340.51,369725,0.0,1.0
IDXX,2022-09-20 00:00:00+00:00,338.0,339.49,330.565,336.73,461424,338.0,339.49,330.565,336.73,461424,0.0,1.0
IDXX,2022-09-21 00:00:00+00:00,333.48,348.95,333.09,339.49,655682,333.48,348.95,333.09,339.49,655682,0.0,1.0
IDXX,2022-09-22 00:00:00+00:00,326.08,331.68,325.74,331.39,601303,326.08,331.68,325.74,331.39,601303,0.0,1.0
IDXX,2022-09-23 00:00:00+00:00,334.2,334.76,321.79,325.41,688642,334.2,334.76,321.79,325.41,688642,0.0,1.0
IDXX,2022-09-26 00:00:00+00:00,331.22,341.94,329.58,334.39,690110,331.22,341.94,329.58,334.39,690110,0.0,1.0
IDXX,2022-09-27 00:00:00+00:00,329.73,337.82,328.4,335.64,548566,329.73,337.82,328.4,335.64,548566,0.0,1.0
IDXX,2022-09-28 00:00:00+00:00,334.03,337.11,329.3,333.07,690394,334.03,337.11,329.3,333.07,690394,0.0,1.0
IDXX,2022-09-29 00:00:00+00:00,331.81,334.25,326.57,330.0,375740,331.81,334.25,326.57,330.0,375740,0.0,1.0
IDXX,2022-09-30 00:00:00+00:00,325.8,342.41,325.57,333.59,563574,325.8,342.41,325.57,333.59,563574,0.0,1.0
IDXX,2022-10-03 00:00:00+00:00,336.68,338.83,322.45,328.0,468135,336.68,338.83,322.45,328.0,468135,0.0,1.0
IDXX,2022-10-04 00:00:00+00:00,348.59,352.39,343.1,343.54,539428,348.59,352.39,343.1,343.54,539428,0.0,1.0
IDXX,2022-10-05 00:00:00+00:00,350.12,352.2,339.84,343.31,430665,350.12,352.2,339.84,343.31,430665,0.0,1.0
IDXX,2022-10-06 00:00:00+00:00,346.02,353.95,345.0,349.2,274266,346.02,353.95,345.0,349.2,274266,0.0,1.0
IDXX,2022-10-07 00:00:00+00:00,333.24,342.53,331.57,341.4,594004,333.24,342.53,331.57,341.4,594004,0.0,1.0
IDXX,2022-10-10 00:00:00+00:00,324.72,337.8,319.38,337.8,503653,324.72,337.8,319.38,337.8,503653,0.0,1.0
IDXX,2022-10-11 00:00:00+00:00,325.71,331.11,319.02,324.8,417087,325.71,331.11,319.02,324.8,417087,0.0,1.0
IDXX,2022-10-12 00:00:00+00:00,328.12,330.87,325.1875,329.53,353149,328.12,330.87,325.1875,329.53,353149,0.0,1.0
IDXX,2022-10-13 00:00:00+00:00,335.22,339.66,317.06,318.3,525364,335.22,339.66,317.06,318.3,525364,0.0,1.0
IDXX,2022-10-14 00:00:00+00:00,324.64,342.28,324.08,340.38,480721,324.64,342.28,324.08,340.38,480721,0.0,1.0
IDXX,2022-10-17 00:00:00+00:00,339.49,343.64,331.33,332.4,546269,339.49,343.64,331.33,332.4,546269,0.0,1.0
IDXX,2022-10-18 00:00:00+00:00,342.16,359.255,339.58,350.86,440021,342.16,359.255,339.58,350.86,440021,0.0,1.0
IDXX,2022-10-19 00:00:00+00:00,335.49,342.64,330.75,340.49,317594,335.49,342.64,330.75,340.49,317594,0.0,1.0
IDXX,2022-10-20 00:00:00+00:00,331.2,339.59,330.71,334.68,369716,331.2,339.59,330.71,334.68,369716,0.0,1.0
IDXX,2022-10-21 00:00:00+00:00,337.65,338.455,320.81,331.13,440794,337.65,338.455,320.81,331.13,440794,0.0,1.0
IDXX,2022-10-24 00:00:00+00:00,344.94,345.3807,336.03,339.97,322515,344.94,345.3807,336.03,339.97,322515,0.0,1.0
IDXX,2022-10-25 00:00:00+00:00,352.35,356.19,345.88,345.88,543283,352.35,356.19,345.88,345.88,543283,0.0,1.0
IDXX,2022-10-26 00:00:00+00:00,358.3,365.78,352.26,353.68,488116,358.3,365.78,352.26,353.68,488116,0.0,1.0
IDXX,2022-10-27 00:00:00+00:00,356.14,362.76,352.77,360.06,491888,356.14,362.76,352.77,360.06,491888,0.0,1.0
IDXX,2022-10-28 00:00:00+00:00,364.28,365.205,352.785,355.0,454453,364.28,365.205,352.785,355.0,454453,0.0,1.0
IDXX,2022-10-31 00:00:00+00:00,359.68,367.42,356.28,361.03,675579,359.68,367.42,356.28,361.03,675579,0.0,1.0
IDXX,2022-11-01 00:00:00+00:00,394.93,400.64,375.0,375.06,956714,394.93,400.64,375.0,375.06,956714,0.0,1.0
IDXX,2022-11-02 00:00:00+00:00,372.64,394.67,371.3894,390.32,915040,372.64,394.67,371.3894,390.32,915040,0.0,1.0
IDXX,2022-11-03 00:00:00+00:00,369.19,375.85,354.8095,366.44,853807,369.19,375.85,354.8095,366.44,853807,0.0,1.0
IDXX,2022-11-04 00:00:00+00:00,371.79,372.11,357.57,370.92,560155,371.79,372.11,357.57,370.92,560155,0.0,1.0
IDXX,2022-11-07 00:00:00+00:00,385.2,385.44,373.0,375.15,437824,385.2,385.44,373.0,375.15,437824,0.0,1.0
IDXX,2022-11-08 00:00:00+00:00,382.9,393.3,379.19,386.25,496532,382.9,393.3,379.19,386.25,496532,0.0,1.0
IDXX,2022-11-09 00:00:00+00:00,379.88,383.29,375.44,378.48,431067,379.88,383.29,375.44,378.48,431067,0.0,1.0
IDXX,2022-11-10 00:00:00+00:00,416.06,417.47,399.875,400.87,664413,416.06,417.47,399.875,400.87,664413,0.0,1.0
IDXX,2022-11-11 00:00:00+00:00,441.27,442.195,416.7,416.7,872910,441.27,442.195,416.7,416.7,872910,0.0,1.0
IDXX,2022-11-14 00:00:00+00:00,428.03,446.74,427.79,443.05,504387,428.03,446.74,427.79,443.05,504387,0.0,1.0
IDXX,2022-11-15 00:00:00+00:00,434.38,442.5,428.71,436.97,546767,434.38,442.5,428.71,436.97,546767,0.0,1.0
IDXX,2022-11-16 00:00:00+00:00,426.08,437.2,425.27,435.2,366594,426.08,437.2,425.27,435.2,366594,0.0,1.0
IDXX,2022-11-17 00:00:00+00:00,410.44,420.31,407.21,420.31,592885,410.44,420.31,407.21,420.31,592885,0.0,1.0
IDXX,2022-11-18 00:00:00+00:00,413.89,416.62,408.4575,414.09,343983,413.89,416.62,408.4575,414.09,343983,0.0,1.0
IDXX,2022-11-21 00:00:00+00:00,412.89,415.77,408.95,410.57,314990,412.89,415.77,408.95,410.57,314990,0.0,1.0
IDXX,2022-11-22 00:00:00+00:00,412.13,413.48,405.33,413.48,366317,412.13,413.48,405.33,413.48,366317,0.0,1.0
IDXX,2022-11-23 00:00:00+00:00,416.53,417.765,409.98,415.0,334922,416.53,417.765,409.98,415.0,334922,0.0,1.0
IDXX,2022-11-25 00:00:00+00:00,411.36,413.85,407.31,412.19,188102,411.36,413.85,407.31,412.19,188102,0.0,1.0
IDXX,2022-11-28 00:00:00+00:00,400.1,407.86,398.88,406.57,408308,400.1,407.86,398.88,406.57,408308,0.0,1.0
IDXX,2022-11-29 00:00:00+00:00,408.96,410.04,396.76,397.37,444666,408.96,410.04,396.76,397.37,444666,0.0,1.0
IDXX,2022-11-30 00:00:00+00:00,425.87,427.72,405.2201,407.5,839439,425.87,427.72,405.2201,407.5,839439,0.0,1.0
IDXX,2022-12-01 00:00:00+00:00,439.17,440.06,423.26,426.1,533055,439.17,440.06,423.26,426.1,533055,0.0,1.0
IDXX,2022-12-02 00:00:00+00:00,435.3,437.87,423.0,428.55,372691,435.3,437.87,423.0,428.55,372691,0.0,1.0
IDXX,2022-12-05 00:00:00+00:00,422.3,429.77,419.07,428.38,345847,422.3,429.77,419.07,428.38,345847,0.0,1.0
IDXX,2022-12-06 00:00:00+00:00,415.39,422.98,411.94,421.44,316646,415.39,422.98,411.94,421.44,316646,0.0,1.0
IDXX,2022-12-07 00:00:00+00:00,420.1,424.5,413.2,413.2,302739,420.1,424.5,413.2,413.2,302739,0.0,1.0
IDXX,2022-12-08 00:00:00+00:00,428.54,431.08,417.97,419.65,393836,428.54,431.08,417.97,419.65,393836,0.0,1.0
IDXX,2022-12-09 00:00:00+00:00,420.63,429.59,420.39,427.17,300417,420.63,429.59,420.39,427.17,300417,0.0,1.0
IDXX,2022-12-12 00:00:00+00:00,423.11,423.415,417.91,422.35,294815,423.11,423.415,417.91,422.35,294815,0.0,1.0
IDXX,2022-12-13 00:00:00+00:00,435.35,448.01,433.16,446.19,620333,435.35,448.01,433.16,446.19,620333,0.0,1.0
IDXX,2022-12-14 00:00:00+00:00,430.03,439.6,425.44,432.09,567287,430.03,439.6,425.44,432.09,567287,0.0,1.0
IDXX,2022-12-15 00:00:00+00:00,415.38,422.045,412.905,420.14,447400,415.38,422.045,412.905,420.14,447400,0.0,1.0
IDXX,2022-12-16 00:00:00+00:00,407.71,413.35,404.84,411.02,990736,407.71,413.35,404.84,411.02,990736,0.0,1.0
IDXX,2022-12-19 00:00:00+00:00,402.17,408.78,400.42,406.83,355539,402.17,408.78,400.42,406.83,355539,0.0,1.0
IDXX,2022-12-20 00:00:00+00:00,405.71,406.89,395.1047,401.42,376168,405.71,406.89,395.1047,401.42,376168,0.0,1.0
IDXX,2022-12-21 00:00:00+00:00,418.06,422.14,407.87,411.14,367260,418.06,422.14,407.87,411.14,367260,0.0,1.0
IDXX,2022-12-22 00:00:00+00:00,412.96,413.2284,403.22,411.25,312292,412.96,413.2284,403.22,411.25,312292,0.0,1.0
IDXX,2022-12-23 00:00:00+00:00,410.58,413.03,407.835,411.4,191896,410.58,413.03,407.835,411.4,191896,0.0,1.0
IDXX,2022-12-27 00:00:00+00:00,404.8,412.39,402.58,410.61,273627,404.8,412.39,402.58,410.61,273627,0.0,1.0
IDXX,2022-12-28 00:00:00+00:00,399.93,413.18,399.43,405.325,323396,399.93,413.18,399.43,405.325,323396,0.0,1.0
IDXX,2022-12-29 00:00:00+00:00,410.38,412.91,402.68,403.17,397943,410.38,412.91,402.68,403.17,397943,0.0,1.0
IDXX,2022-12-30 00:00:00+00:00,407.96,408.12,401.6701,405.82,297376,407.96,408.12,401.6701,405.82,297376,0.0,1.0
